participant_id,group,age,sex,n_epochs,rel_delta__global,rel_delta__frontal,rel_delta__central,rel_delta__temporal,rel_delta__parietal,rel_delta__occipital,rel_delta__posterior,rel_theta__global,rel_theta__frontal,rel_theta__central,rel_theta__temporal,rel_theta__parietal,rel_theta__occipital,rel_theta__posterior,rel_alpha__global,rel_alpha__frontal,rel_alpha__central,rel_alpha__temporal,rel_alpha__parietal,rel_alpha__occipital,rel_alpha__posterior,rel_beta__global,rel_beta__frontal,rel_beta__central,rel_beta__temporal,rel_beta__parietal,rel_beta__occipital,rel_beta__posterior,rel_gamma__global,rel_gamma__frontal,rel_gamma__central,rel_gamma__temporal,rel_gamma__parietal,rel_gamma__occipital,rel_gamma__posterior,logTAR__global,logTAR__frontal,logTAR__central,logTAR__temporal,logTAR__parietal,logTAR__occipital,logTAR__posterior,logSlowFast__global,logSlowFast__frontal,logSlowFast__central,logSlowFast__temporal,logSlowFast__parietal,logSlowFast__occipital,logSlowFast__posterior,entropy__global,entropy__frontal,entropy__central,entropy__temporal,entropy__parietal,entropy__occipital,entropy__posterior,SEF50__global,SEF50__frontal,SEF50__central,SEF50__temporal,SEF50__parietal,SEF50__occipital,SEF50__posterior,SEF95__global,SEF95__frontal,SEF95__central,SEF95__temporal,SEF95__parietal,SEF95__occipital,SEF95__posterior,hjorth_logActivity__global,hjorth_logActivity__frontal,hjorth_logActivity__central,hjorth_logActivity__temporal,hjorth_logActivity__parietal,hjorth_logActivity__occipital,hjorth_logActivity__posterior,hjorth_mobility__global,hjorth_mobility__frontal,hjorth_mobility__central,hjorth_mobility__temporal,hjorth_mobility__parietal,hjorth_mobility__occipital,hjorth_mobility__posterior,hjorth_complexity__global,hjorth_complexity__frontal,hjorth_complexity__central,hjorth_complexity__temporal,hjorth_complexity__parietal,hjorth_complexity__occipital,hjorth_complexity__posterior,alpha_present,alpha_iaf,alpha_height
sub-001,AD,57,F,270,0.5600622524783743,0.6484740091468686,0.44571147621067836,0.520024985859086,0.5181559368832325,0.5650812751714762,0.5355910919611292,0.2349861441811265,0.19021908406689295,0.2611532794983836,0.21797239569268695,0.32488210104860143,0.2516037132807248,0.27241559657610365,0.06876497051217205,0.05527719400461695,0.07693249405457694,0.08100449300259144,0.07171327414290729,0.07481940254806588,0.07700806403339791,0.05754871609776246,0.043870613964530104,0.08641133906706198,0.0764069214064288,0.039589827109490806,0.05135006197520123,0.05257247923190167,0.0786379167305647,0.06215909881709122,0.12979141116929904,0.10459120403920677,0.04565886081576781,0.05714554702453149,0.062412768197467404,0.5393872627995917,0.5572044267684896,0.5317248897055632,0.43214009611553383,0.6563871588081754,0.5275152379047322,0.5447583579817804,0.8240298457464363,0.9649533169369005,0.6412027650822671,0.6737718098235261,0.8853152997775577,0.8136262083752047,0.8042286894919213,0.7501437467118456,0.6901588326859164,0.8278696402996317,0.7927440120290915,0.7523353774649749,0.7550141286567333,0.7630205837017472,3.0469981704438034,2.119564667927158,4.316690936989552,3.368785057237541,3.5335623635478814,3.0150562161898478,3.3179113953156256,27.218478076810232,24.40133038746932,33.02962259469158,32.99487660181043,21.67448739832417,25.124967180410053,25.298730071849544,-10.4607691269031,-10.210994310746944,-10.804603574587233,-10.55352810459242,-10.596884598440953,-10.42953814923802,-10.516318088451428,10.937310852681318,9.740604613418611,13.655012323433054,12.902541392696815,9.016286965423392,10.000305234829074,10.195121937538994,2.970716076551894,3.393129056560684,2.272457268411482,2.562065012862886,3.1606831325952967,3.072010402044657,2.997394089985753,1,6.410495329999423,0.33198673610025864
sub-002,AD,78,F,337,0.24168733208016355,0.3254876051695163,0.21922935715097128,0.2184482280485525,0.16008258801310313,0.15095866282503018,0.16305634972603147,0.1835240058647442,0.1557455828027395,0.19105605585309335,0.2157357097687848,0.20294207124318211,0.1758999057234989,0.19576227147202996,0.44529571175827015,0.39528731826182,0.3702531328961099,0.45018165535586174,0.5238987335484008,0.605212537408707,0.5508938098637493,0.09532881539311808,0.08376242471147598,0.161900752154396,0.08486404781632936,0.09496993907741957,0.05742112726407368,0.07580419487793254,0.034164134903704124,0.03971706905444833,0.05756070194542936,0.030770359010471572,0.018106668117894895,0.010507766778690548,0.014483374060257086,-0.38393639725158507,-0.4100404447848011,-0.2866819139519082,-0.31276674646325264,-0.4133591888403198,-0.5366590700284073,-0.45033665368652337,-0.10422964191241267,0.0039848119907192016,-0.11288546005619171,-0.09010273409278532,-0.2317287566297884,-0.3070016469208967,-0.24282499593233578,0.737890275619811,0.722820167614925,0.837495161803377,0.7509324325236595,0.7154394025888046,0.648820320100376,0.6903784622269911,7.574227693467616,6.525584095420641,8.311746299199212,8.038236188792379,8.224812797268783,8.234307731683357,8.213737887226637,20.88332069208028,21.41058775400334,26.151053541466897,20.26062106366491,18.88945957767825,15.372477629703408,17.142441728746277,-10.32685360871306,-10.20385544777451,-10.688899860985721,-10.308919356933675,-10.385110870910927,-10.162760403850967,-10.265050375996845,10.5009216215453,10.309863615079605,12.516899123043048,10.381340276913937,9.997324974535964,9.140216051705364,9.54443735106746,2.1381188873513834,2.4363379628578534,1.9935976959473247,2.087993772623376,1.8868890106776561,1.7882289546514318,1.86450561706458,1,8.476391367267484,1.8208853470381605
sub-003,AD,70,M,140,0.2867747661476876,0.3378235581665598,0.2542337386181937,0.25047993039619937,0.21189846447911712,0.3418196593817081,0.2531380008669007,0.2636441641109177,0.2629919960314485,0.2811175340105031,0.2583427208333048,0.2780017686743429,0.2287831772497696,0.25499407059161516,0.39734787740478555,0.3443126980970118,0.39763895949273126,0.43836287276758756,0.4687299769699937,0.39343124177665806,0.4542599773909825,0.03346072824195354,0.03174541780757596,0.04190979414783432,0.035038609711840085,0.03118052115740212,0.027055263590507972,0.028066249031594426,0.018772464094655484,0.023126329897403642,0.025099973730737732,0.017775866291068313,0.010189268719143498,0.008910658001355865,0.009541702118906916,-0.1763432881169905,-0.12006470416333369,-0.1462699571004618,-0.2257881407116224,-0.2305738471436102,-0.23819278475038913,-0.25226137854919456,0.10820334693082503,0.2035669980121142,0.09026057942454764,0.03134125645860415,-0.010744926097299287,0.13349130989235716,0.02185598467868332,0.7404535916713156,0.7466101252682844,0.7631216504269721,0.7328661265049518,0.7261149820269656,0.7215864807476935,0.7140635556399,7.127201172002242,6.623910061307724,7.2319151818748795,7.5588140168298,7.707353667194976,6.998194612179884,7.525303264720345,13.48738983304683,13.890632539578084,15.948047781992038,13.566842825451992,11.615568966953417,11.03387875109944,11.197091863451206,-10.252272171630995,-10.307228250461966,-10.355713128650818,-10.263833885031609,-10.13428343904171,-10.058624132275565,-10.071380513038005,8.637781880436473,8.649531837820982,9.145806057451855,8.851778361702387,8.438895302842441,7.704957667926833,8.18072416814901,2.3318517192442503,2.5885198072088142,2.3072796922563263,2.2452656537553666,1.9605038439618794,2.2005653957514895,2.0591785746314835,1,8.788265430462722,1.6368367597959956
sub-004,AD,67,F,283,0.5814901300737194,0.5539782198048665,0.5234894090904434,0.5395330151095057,0.6539868993442545,0.7399519735122435,0.6619523842855359,0.2154272280843401,0.18440588906026836,0.2532240418907187,0.26203957736933486,0.22855717885849855,0.15438706922779605,0.21403999120076936,0.04767715006504025,0.0472673317497892,0.054710518819499676,0.04827008077967913,0.04806478465500774,0.03679414772250074,0.04466636181496041,0.06435134987232123,0.08369987968478379,0.07866909925870579,0.06025926727173396,0.03433604458120204,0.028361994586978703,0.034771577146774695,0.0910541419045791,0.13064867970029242,0.08990693094063218,0.08989805946974636,0.03505509256103714,0.040504814950481194,0.0445696855519596,0.6524310178792249,0.5952307016273829,0.6668166680139119,0.7381320955946477,0.6771207218647229,0.6226169381495497,0.674778037989869,0.8787314129196696,0.7783368310194161,0.7685294401469038,0.8927982049704004,1.0318845673753454,1.1375520929447291,1.0466073921672525,0.7415643223068189,0.7655648104202104,0.7705286040508977,0.7575226525557883,0.6932548075476329,0.6546638029346699,0.6919210738559001,3.351057203118566,4.489499313154471,3.575742353729274,3.2895856376212134,1.8281166007388416,1.4368361266411245,1.8379198099159295,27.801969231009515,33.057136385476035,28.447997162073076,30.08642776191389,17.824387071641603,18.83729847102451,21.055028013115386,-10.320290573578731,-10.131987268989793,-10.57637969216798,-10.353716323503106,-10.508879848080907,-10.245483050154135,-10.418560238680374,11.746369546267953,13.887349614451578,12.166900296228453,11.99951076909182,8.293777009039152,8.294749542879984,8.90669619276925,2.9895487527879285,2.6432337922864377,2.7034213377278546,2.8595844835918314,3.6581851460829244,3.887816185582965,3.5688759965044676,1,6.684139322358936,0.5569018206999985
sub-005,AD,70,M,308,0.6026028426328992,0.6923753117443979,0.48182067600112105,0.5048660025627022,0.6288754419418571,0.6256372318672785,0.5990776365981837,0.15144636994447372,0.11932300816585084,0.19199003732394618,0.20639856569376966,0.13983799474816871,0.11057080639631053,0.1420304112554326,0.10132871453964565,0.06852219744002533,0.12228076470167913,0.12018294862620382,0.11880943469683464,0.12079390073636669,0.12640842109538825,0.08833913709626699,0.06467153109663447,0.1342429534235958,0.0939118490517627,0.08367868269874751,0.09816529128927548,0.09285676452600114,0.056282935786714304,0.05510795155309106,0.06966556854965794,0.07464063406556158,0.028798445914392224,0.04483276971076884,0.03962676652499436,0.19330862361534823,0.2711189388008715,0.19937125569096625,0.2452807363955051,0.08160640589229239,-0.02451232662314041,0.053114536857513425,0.6422295135241678,0.8507385262206356,0.4215701270137566,0.5277310871911124,0.5932868153462167,0.5458479487851843,0.5418181663166397,0.6991697736828675,0.6392195323580356,0.7857481668087093,0.7584198007683263,0.6861974387740063,0.6800864768233914,0.7013662187503303,2.2629711887901287,1.6478084042490084,3.985351245565154,2.9184689068635805,1.5767563219689513,1.5507977136063726,1.7730439416548651,24.2548250045406,23.863602546327808,27.78176007416958,27.378746181902702,19.054934241380305,21.8856947938581,21.32273741118143,-10.392216990690574,-10.1594878368963,-10.746612615049024,-10.41151550381512,-10.58681171177221,-10.344686484561326,-10.468080780913372,10.076303221515365,9.366533886126152,11.739223387513041,11.589681659899277,8.419370713521568,9.524757531603946,9.312430213204058,3.0254681826816,3.4128643931235776,2.4489569379174854,2.652688355041988,3.139180878009915,3.1093389255676023,3.0208179118633987,1,7.997386629974184,0.39192136254873056
sub-006,AD,61,F,289,0.23644406779166363,0.2935912536897174,0.2509677743126477,0.2722104436373456,0.09038963527711286,0.16219225444746163,0.14992948234077255,0.04564487833147136,0.05148933297397545,0.05000330362574481,0.057215480435573354,0.021246630759050134,0.03210781629172468,0.034262845028246745,0.5367793344257644,0.4706152823347434,0.4492952780294092,0.42761910288046256,0.807948634612937,0.7111461141487163,0.6939524439568752,0.10999240124808889,0.09301968363027169,0.18229841718845333,0.14529038108698605,0.06210302644684459,0.06217599152397429,0.08456436784680332,0.0711393182030116,0.09128444737129218,0.06743522684374494,0.0976645919596324,0.018312072904054934,0.032377823588122995,0.03729086082730193,-1.0780115659114546,-0.9588246318068488,-0.9504344015801834,-0.8653546779554178,-1.5863680848120734,-1.3493105793356275,-1.3389507023861902,-0.3914669070963632,-0.22516621161428135,-0.3291856197887025,-0.24138595668755314,-0.8937287750156729,-0.6137103711837969,-0.6610164447892118,0.7655716999080713,0.7813906041045809,0.8139268350231417,0.8293770010395418,0.6377169690880947,0.701844326514706,0.7073628698226843,10.257689611792681,9.584097404597381,10.699263160392277,10.366977666232993,11.030197289559657,10.575564388545764,10.646559862760663,26.67483984715213,29.528566924008157,27.105596030153254,31.745819531877324,16.823773681571296,20.67530068257516,21.36005114724952,-10.19861425970076,-10.125832585733074,-10.442073915552362,-10.327210082707307,-10.043433048996564,-10.063740804853452,-10.12429944139402,13.412721807302056,13.888383419816964,13.515386412781993,14.53126331471556,11.749646760582886,11.851438810531729,12.291308938821373,1.8609291312372884,2.0107786323151653,1.7996909261112244,1.9507022203983944,1.4805389613470716,1.8193522616669286,1.7113399663400453,1,11.319468388596542,1.89853722276621
sub-007,AD,79,F,339,0.5819148226841089,0.6464809961096886,0.48723757603712947,0.5490086057078434,0.5647604616515144,0.5894930611664708,0.5553461570325537,0.24739525742492235,0.2122590881127941,0.2667709442838927,0.268080203104067,0.27597796772902966,0.25706436291446516,0.2732511028593229,0.07326997861530327,0.05247211497730631,0.10277083139747789,0.08145171504204421,0.08167639927721655,0.0728381183286789,0.08144201981785805,0.046966008724314674,0.03933826956905121,0.07394118159584724,0.04737245882623692,0.042850356223815785,0.038560915007341795,0.044423659926944976,0.05045393255135085,0.04944953123115996,0.06927946668565237,0.05408701731980817,0.03473481511842318,0.04204354258304354,0.04553706036331983,0.5436883064815108,0.6150958522618799,0.41786839762786143,0.5223569098979594,0.5296208485234282,0.5462557396349197,0.5278525162640247,0.8611091239050491,0.9935090378799868,0.6343868331557471,0.8090897113174845,0.8351702386996475,0.8807400140999507,0.8239579673299264,0.7428763395769663,0.7090903147820784,0.8010227962359063,0.7591898095547313,0.7436747839593877,0.7400831348415022,0.7535065229284731,2.998988658487024,2.3654662057481586,3.942930902048152,3.394869239628134,3.1047163042639205,2.8500512467837926,3.20504661214751,22.433060038678928,21.556719237925652,27.68151039104137,23.915068049024704,18.298770353482933,20.864995819874196,21.47196751084963,-10.33495471335041,-10.206131092824094,-10.499328631486062,-10.357481668223288,-10.407507793533052,-10.385392977969325,-10.390103312071048,9.388277538560693,9.005248065401847,10.988970000714517,9.815576132912415,8.425483141370783,8.917436408467356,9.211180995638225,3.2351069619045725,3.492678532192026,2.6569983143396763,3.1391794347265565,3.2834474987410602,3.320113686347128,3.19417570968688,1,6.711245862192651,0.36160557580908126
sub-008,AD,62,M,307,0.8568847344545653,0.860721303015335,0.7694493450147801,0.8890162205990523,0.8658853002474792,0.8968460076732049,0.8848761022372039,0.06628212113151298,0.06464704614973206,0.09349759451255739,0.05790071760342767,0.060100946437697846,0.05721624259307306,0.05837454674014914,0.02919576194236011,0.02553440491050238,0.05090878446677415,0.018270152192300618,0.03229983929343818,0.026636081240743036,0.026861919028897095,0.030343377740474697,0.02517591976496927,0.06488730617959303,0.01959541299485313,0.03372940912576431,0.013030470409374882,0.022688856473776282,0.017294004731086905,0.023921326159461236,0.02125696982629538,0.015217496610366334,0.007984504895620819,0.006271198083604278,0.00719857551997366,0.3837837894062263,0.43146953711634267,0.2663022662017883,0.4983694837223397,0.2732880570743543,0.3296781670930572,0.3475406561365976,1.231017276693238,1.2753060272098953,0.8762900754428332,1.4049114305295638,1.1483751269025209,1.3842723687739669,1.3014083738519646,0.5690928758704633,0.5781268082483377,0.6359473390475596,0.5312724563678641,0.563791110050591,0.5207859055172654,0.5381507746229065,1.240881570660851,1.311776908523747,1.3414030552917706,1.0950174626950302,1.261706363466611,1.1024566879173392,1.1679116034490302,11.67785250407206,12.561378862385274,18.22601443057093,9.024170076505595,9.781055001031378,6.915828469921454,8.018158922732104,-9.892152655522205,-9.726292054960728,-10.185591872006066,-9.896346512539687,-10.053851615995365,-9.781569778016877,-9.917118469358355,5.975373690538048,6.616837111108005,7.452538197543255,5.379906712207281,5.045058001726651,4.100912447914023,4.540029569037568,4.829033728273215,4.622202315784003,3.534071163925112,5.594452164312532,4.6367411982291875,6.252989441495016,5.545367530832446,1,8.4783847011056,0.39738377332056984
sub-009,AD,77,F,275,0.24169186830775777,0.3453774783023179,0.18083119489998478,0.19961675126341955,0.1645385561409628,0.16996344577732558,0.1784183145272728,0.1661021278817672,0.18390961712753517,0.18944257499322373,0.16245648221834635,0.1320895014403933,0.1270754758432973,0.14032929687651602,0.3982838400097857,0.31041716440570566,0.38198013202154185,0.3804212808862465,0.5351016037051189,0.5607712393105102,0.5169548009381233,0.1294627148787089,0.10522211616442699,0.1825352389974716,0.14381873680939256,0.12993469750319334,0.1052760064024577,0.1203296506859782,0.06445944892198033,0.05507362400001397,0.0652108590877779,0.11368674882259514,0.038335641210331645,0.03691383266640956,0.0439679369721098,-0.38370725007152695,-0.253649399729659,-0.3146929290752041,-0.3576635801736098,-0.616284576396324,-0.6456525580711878,-0.5717108581897066,-0.11941324974066488,0.10804154064421077,-0.19276673728561455,-0.16609888238389042,-0.3539521948572828,-0.3602951018089272,-0.30684024211791433,0.8275579086775772,0.8039041465947706,0.8668898717436728,0.8679846237703355,0.812697325907411,0.7927855753379889,0.8154427270589989,8.56763030462903,5.968221297314402,9.115634566769486,10.791848172090006,9.988030479848009,10.264519439269137,9.90600699517637,25.805531139089226,25.550190422484018,27.56262268234919,29.297700781517026,22.5081028232192,22.02538952126696,23.624330409068374,-10.299171992500922,-10.15007434618577,-10.530231095119184,-10.303907520894935,-10.41592615558222,-10.289822799266581,-10.344952767114734,12.775378814225409,11.632540308392501,13.431900418847606,15.027453634630689,12.254772553166182,12.067290928485576,12.39680123562417,2.0338287618468023,2.280980817108739,1.8693595529505054,1.9139119216818612,1.8737009194164311,1.8955258257499068,1.9299175702768745,1,11.131190865676334,1.305087750968486
sub-010,AD,69,M,632,0.4484878101996996,0.5908991027388398,0.3544469090918778,0.3489365706193719,0.4147580237277671,0.34080679684299586,0.3657295078345903,0.06493794319701492,0.06098568396306223,0.08441602323753121,0.06320137131920375,0.06518281330385646,0.05265956905043499,0.0580385482918609,0.23664972284553976,0.15637877041586604,0.19621207686976663,0.3116789983241137,0.2539217877233441,0.40228787703920305,0.341349481311202,0.15738297168790846,0.11117546333728419,0.197870741324365,0.1713042939816482,0.19413247070187856,0.175410703351974,0.18135443350422814,0.09254155206983697,0.08056097954494745,0.16705424947645933,0.10487876575566198,0.07200490454315328,0.028835053715392203,0.053528029058118314,-0.5288285255675741,-0.38217652367584326,-0.36636368024763427,-0.6806300474712793,-0.5949891074172243,-0.8829638835866567,-0.7630689108137948,0.13426612492269757,0.43091888047577187,0.019441315472529475,-0.06581575192749708,0.02438001600543647,-0.16678838826152936,-0.0936002966657412,0.7862987772851787,0.7127707507480437,0.8678171375872611,0.8313391915975091,0.815421422311568,0.7876045335477826,0.8047692314913902,6.622209422438795,3.0149872477427246,9.922105483059076,8.690752345386905,6.586708277876994,10.213808813891102,8.570962944664197,27.970769204391434,26.76230114231091,30.951329334246896,31.464981584107743,27.80095577750035,20.995862607794106,24.968890502484538,-10.599392331576876,-10.4754953191927,-10.83270337384567,-10.513015634396837,-10.793908751866041,-10.564044075444642,-10.6484655913263,13.292789856036672,11.721846839933491,16.334590878957556,14.804967764608492,13.127838678825634,11.451459826689401,12.527548673436883,2.3108395130946726,2.8569033999338456,1.9291441628021049,2.016520109764571,2.081985835107554,1.904078258237295,2.0235897089791437,1,10.960976783916895,1.0611366858230973
sub-011,AD,71,M,289,0.30974399870732383,0.4341361266635488,0.20697153788272624,0.2534750961436781,0.24159004226243544,0.24329898189205668,0.2375031728529486,0.26939285075750896,0.20093799428199607,0.3237084573198203,0.373609381782219,0.23892233264203133,0.26478415370213365,0.29109433666229334,0.2790313738379938,0.19312788916771614,0.2950377852211041,0.24434327496907926,0.4288527538726572,0.40032808079513427,0.3767100137996647,0.08028396671895296,0.08210711658439736,0.10246084779427274,0.07257101120205675,0.0687050216441444,0.0734319492229233,0.06960369228387438,0.06154780997822038,0.08969087330234163,0.0718213717820768,0.05600123590296702,0.021929849578731227,0.018156834387752,0.025088784401218745,-0.007344918734312883,0.017347158335496268,0.04017846483438927,0.1874839396003899,-0.2575149744520329,-0.17945489692452365,-0.11641975741963081,0.22158583119727374,0.37574027649081165,0.1246265216376587,0.2976768509281848,-0.015126859392447718,0.030371233432073687,0.07628777397279855,0.778730307637579,0.7592868576450854,0.8301382286984181,0.7932320597996663,0.7594662986843425,0.7695630101257276,0.767708603317147,6.432147188193575,4.655770044935963,7.57378914909363,7.012910370501318,7.869715598502924,7.619125268165627,7.557908246915095,25.25614071264153,29.459570049215092,28.411614525209362,25.217775712612763,17.853127671676774,16.99217687728698,18.352343411278657,-10.241484644944322,-10.21044639262691,-10.599969663410844,-10.024008216887886,-10.34959203295787,-10.085182774448018,-10.175747100586777,11.417417293135362,12.204459219711541,12.633157928900028,11.435673101092673,9.596722109795374,9.533690755567108,9.786479262297828,2.3726172647667783,2.572479870654857,2.197751418893361,2.434527150916251,2.191115849313358,2.0838292638498155,2.2342937407365584,1,10.17584038937867,1.1814338077085829
sub-012,AD,63,M,357,0.5965050656160168,0.6097739757373493,0.6096389742383356,0.49197150620576663,0.6630652165987443,0.6395899096042843,0.5709695591173515,0.06897428117293374,0.07348824391889165,0.05881978598964149,0.08401880717619259,0.04948189776143449,0.06755667744775046,0.06970574319249613,0.186075667642113,0.14766448676416347,0.16667002730381472,0.27841834597613846,0.153286846671055,0.21412113601091987,0.23518076004972505,0.11303072972892192,0.12188978154416927,0.1337863569030948,0.10364408902280299,0.11502445942517607,0.06667329448215363,0.10505342580429906,0.0354142558400146,0.04718351203542651,0.031084855565113378,0.04194725161909962,0.0191415795435897,0.012058982454892085,0.019090511836128247,-0.41701003499612,-0.30012213601450666,-0.4441372029662314,-0.5046593564255915,-0.4898787197630942,-0.5008252594671956,-0.5157956169638456,0.36838869494475124,0.4341797924601038,0.3591874007978952,0.20005494894836826,0.42663328162497977,0.4012224068337247,0.2869738755574392,0.6138038478667722,0.6307791903980045,0.5966764682071548,0.6522157198116961,0.5367227568376033,0.6188791111507908,0.6149908022658842,1.8951001219375647,1.7238811419889157,0.8524942258876091,4.29996095568097,0.6508398263777185,1.1149441716857273,2.8310398340552463,21.03090080673051,23.126136859418786,20.654357488992176,21.997166144250198,18.47937544786264,16.157146962191483,18.22831430859879,-10.273021357302312,-10.215387869151703,-10.458297717249676,-10.235438302355586,-10.341767220055099,-10.16887134167263,-10.305236123198005,8.949392787361548,9.690890053885894,8.739645479904144,9.89365233220445,7.455309240496583,7.021379546324079,8.047228787595921,2.891924279714575,2.946747767836591,2.842575624616593,2.703157396267692,3.027035800632863,2.9489315394508275,2.7753934573274592,1,8.46397045454443,1.1020148732534185
sub-013,AD,64,F,362,0.5280538528520774,0.5678222085425167,0.5304704668033531,0.456197425216818,0.5479276861222354,0.49914179237390777,0.5193901688912475,0.24751532583940988,0.2453108375664724,0.2381817325289872,0.25652246047375915,0.27020441363352615,0.21718352380045253,0.2584662416295008,0.10843160032064696,0.07213981974404893,0.12341397251413737,0.11364170481063007,0.10571027010752419,0.20664106038822247,0.1433280998029647,0.0607957286550998,0.05358639395706807,0.06423159212685141,0.08226399476324958,0.04953451932068379,0.05482988667590791,0.05162122754757903,0.05520349233276597,0.06114074018989383,0.04370223602667123,0.09137441473554295,0.02662311081603108,0.02220373676150888,0.02719426212870814,0.3930524579394432,0.5399978842370879,0.28441275149175343,0.3724159924654296,0.41785828077478876,0.04576722226423005,0.28627220503943623,0.6848706529266858,0.824850329330146,0.619828179116582,0.566574876799015,0.7355550780537549,0.45307041079446975,0.6243358415318776,0.7620865957355715,0.7436251220872556,0.7666952491931264,0.8075596012293669,0.744880049311198,0.7546525819673131,0.7509436234820186,3.3770668118249327,2.9003896342817224,3.360686144562926,4.2201192933608045,3.1608341594170706,3.7082519496592283,3.463284800425718,23.34432746884403,26.613224546876467,22.083464594657567,27.99720241754686,16.207167225095063,15.194472475227993,16.506595124591566,-10.44726042872326,-10.281101513584291,-10.749817343355067,-10.430907770008213,-10.631599359819079,-10.33117818054831,-10.48366821660606,10.095918114880831,10.43059791557583,9.541908162320965,12.228113325111803,8.127049843190166,8.444465728362216,8.4134157547662,2.9478074502824163,3.0414946454637066,2.9467888869464893,2.6051306708071618,3.258182958435438,2.8412204088727693,3.0875829001377864,1,11.325497723896433,0.7606441631954937
sub-014,AD,77,M,293,0.6814179638034495,0.6819003246806686,0.6326591511042672,0.6448044917708037,0.7633697559968303,0.7031671755571787,0.7202853415594079,0.12632455621811808,0.11358561888135534,0.17245199728137042,0.11494834839966611,0.13079067332913075,0.11777291527229417,0.12362987829793515,0.044743332247860174,0.037236017080587006,0.05694917664333498,0.05147696644630023,0.03951210135327886,0.04708974668509587,0.04484737152381629,0.06445212582660367,0.0707778833001705,0.07053200655815993,0.07776710506851892,0.033768526310042846,0.052587594362796225,0.047373600371327027,0.08306202190396843,0.09650015605721883,0.06740766841286834,0.11100308831471088,0.032558943010717135,0.07938256812263411,0.0638638082475133,0.44397728397450614,0.4737311795819078,0.454273477945065,0.3498641820182428,0.52004709012598,0.39851585307807774,0.4428317189495079,0.8902956102003341,0.903045170293999,0.8008855660918716,0.7732281963617602,1.0877743041125192,0.9177040028440708,0.9698707916355608,0.7123316072905763,0.7099710507701423,0.7314568402162117,0.7463289451782654,0.6547029522101877,0.7103540125688469,0.6931980814263766,1.8524427659782954,1.888820767046322,2.1431949522520046,1.873806781618003,1.5405703442597432,1.7140720841280508,1.681316605090407,28.22396057388425,29.10206665685158,27.41765806824776,34.50821503848286,16.97486542996335,30.665176828637406,25.436471822006023,-10.24754965840618,-9.981031587433886,-10.702785219003102,-10.3084664108402,-10.407077501895012,-10.13638429581253,-10.290744188886771,11.056810737217113,11.621977422712051,10.606650483590954,13.04358784748031,7.587556052955958,10.984295524289386,9.832065008350511,3.0458420540028968,2.9641627729240745,2.946531169321036,2.59005501429802,3.9652223862747893,3.0131894458034827,3.347316025759319,0,,0.020539431467103242
sub-015,AD,61,M,414,0.26985105388127406,0.3631192340781961,0.2813708734186063,0.17520303531453257,0.22081510319488606,0.18898265704911366,0.18923859768623166,0.13276097809424578,0.13364151703543922,0.14131123880630467,0.14903751506421223,0.11665338494467514,0.10846201651640328,0.11622530200752988,0.4567127435639095,0.34151765554767755,0.43170871370528136,0.5195414966900866,0.5598116241774048,0.6170957692360666,0.6033415724021349,0.08536316696540402,0.08715719120626426,0.09576546980532223,0.09262386351236199,0.07563750552094912,0.06354772693528232,0.06659000047456666,0.05531205749516664,0.07456440213242292,0.04984370426448544,0.06359408941880665,0.027082382162084792,0.021911830263134355,0.02460452742953714,-0.521197700574058,-0.3996822931764443,-0.48238947691574596,-0.5242005640535389,-0.6833718438534162,-0.7554470200751753,-0.7156731855735561,-0.13023319403339015,0.06871523364701272,-0.09679459878195397,-0.2780581214790736,-0.2779183603843132,-0.3595329793742029,-0.3449689916931477,0.77962288229712,0.7848986936751394,0.7948916101931708,0.7782585033455451,0.7696353341720302,0.7559645307207608,0.7489058447770118,7.788562527167137,6.058535320990935,8.33321113546422,8.732344374149509,9.164287759008639,9.075533294611214,9.040246586169134,23.990101920506586,27.633534813281333,24.533982264658984,23.89548409697072,19.307607965889186,17.635242858564226,18.32397831229414,-10.483067666466487,-10.405993637926661,-10.754923237790143,-10.42645978136282,-10.563467627532384,-10.337659237978883,-10.415649639057714,11.616093306796854,12.047440048990042,11.303548126370336,12.377021236723358,10.700566089887355,10.426632445271707,10.540708149201135,2.1507137913501073,2.3569954704513085,2.192225566028902,2.0234222766359373,1.9504231556237404,1.9214792354956058,1.9597943131587348,1,9.007210477435729,1.5188382690263982
sub-016,AD,68,F,397,0.6436855193637773,0.6421810523834627,0.603678202780615,0.6246745550004924,0.7274307579714249,0.6213661994847195,0.6675229146058338,0.20945947189273495,0.23145277250027443,0.238171268249855,0.19044019155390582,0.1446946612397517,0.2246010018878003,0.18463724970385917,0.0572590693075827,0.046578751187015384,0.06193864828625802,0.07081351802497013,0.05014985383919394,0.07117574002936357,0.06389426955610249,0.04529082160362899,0.035505942274207725,0.05098833317425083,0.05786019052668625,0.042803011355250054,0.049584609427124546,0.04761189851013386,0.04430511783227616,0.04428148165503998,0.045223547509020856,0.056211544893945385,0.03492171559437971,0.03327244917099201,0.03633366762407074,0.5327093456189383,0.6101139414257999,0.5761743967112357,0.4344370492796963,0.45971756398372876,0.5026279487877745,0.46437021723205507,0.9376583878541208,1.0477936421509586,0.8799342902610298,0.8068913161967644,0.9725177544846125,0.8480162375738007,0.8912928235640657,0.683712910698281,0.6607700388387298,0.6950121944327066,0.7163803555963197,0.6585113140305862,0.7195315418105361,0.6892282909732447,2.1345627663624365,2.389444624156057,2.1926961295789575,2.066444212534657,1.4905212209143661,2.257575645087641,1.8354643633500076,20.976224768319597,20.524461283843845,21.797749843698142,24.774761583652598,18.191055253692777,17.905789992191124,18.912654549533702,-10.667035715825778,-10.440770081936346,-10.894127165462962,-10.711317013178046,-10.876966405224017,-10.714869631181106,-10.800881455104022,8.460885876748637,8.379716344343539,8.508498565998378,9.451726428876222,7.551188902122457,8.05642456397596,7.959808106809555,3.5198157135743116,3.6621011059908635,3.3911098333908396,3.229223229522418,3.7778731904228935,3.4089744132225013,3.5596491610378242,1,7.446425138447744,0.31015853102361035
sub-017,AD,61,F,331,0.6849537064170819,0.7412528176954192,0.5844572508546247,0.6971014793598838,0.6606611789734912,0.6507947455663697,0.6660571544065966,0.19136013561956453,0.176222221485689,0.22860792196851118,0.18783383377100427,0.19654548280442707,0.18774573848453596,0.19426682326476635,0.06893759511977066,0.045303578465439066,0.07470798315344286,0.057051396134716006,0.09632545119555336,0.12569168521585822,0.09771075403349719,0.034647445851358205,0.02200839563320315,0.07761342323381058,0.030143563992708337,0.03324446389897716,0.02554739218709366,0.028859201084496015,0.020101116992224655,0.015212986720249571,0.03461342078961067,0.027869726741688177,0.013223423127551162,0.010220438546141599,0.013106067210643807,0.4667330441355963,0.5656768034247566,0.49549166614714474,0.5390781966834031,0.30697841832829753,0.1722335872215481,0.31014745519843817,0.9735590404815696,1.171433341066539,0.7516373910854165,1.017707101190055,0.8271875591140999,0.7451425631626396,0.8445135179879818,0.6641793146600489,0.6138601557085187,0.7395778032822492,0.6675892846468758,0.6871903098566139,0.6858622052886011,0.67969795158789,1.8573393955655237,1.6691560740601632,2.5618493781435805,1.5818207417678471,1.9305743857102151,1.9004008693455174,1.836837978278178,13.258017733435448,9.964667862349005,20.424781273358278,15.348522970781389,12.224011273268781,11.404596187911881,11.70888555184897,-10.099578848952214,-9.867540681119262,-10.354336362946839,-10.101228097693808,-10.332427814859656,-10.17700421903126,-10.238674473207562,6.7625128623210635,5.846677780174352,8.783505366554463,7.329441866739282,6.498804393682995,6.1981515876051185,6.387254877338564,4.028723242130909,4.764227736872288,3.104269263590268,3.986995723444938,3.6010057091366434,3.5661698152103813,3.7427125625175544,1,10.189619308805486,0.5810401158912271
sub-018,AD,73,F,399,0.3379964228621298,0.3875085809192889,0.21526973993575652,0.31116447110509937,0.36198236655293,0.366478882029493,0.34226128774940906,0.3006268115361543,0.256740072486084,0.2725357108041299,0.37588184380870693,0.31634787395566094,0.32227539113507125,0.34599081002808535,0.18886732620932167,0.17384869628184757,0.22525754426681147,0.17939626686742766,0.19173005768284998,0.20149522534274183,0.19347871114003648,0.12026045403776335,0.11636573855318814,0.2356741297893836,0.07762201415259067,0.10236115461954003,0.0728972735040267,0.08448293057912035,0.052248985354630906,0.06553691175959124,0.05126287520391836,0.05593540406617572,0.02757854718901878,0.036853227988667026,0.03378626050334855,0.21013717410189334,0.1736401293428307,0.09301834623890876,0.3581633142052985,0.21769306614685616,0.20616895427883491,0.2586225649085806,0.3315051563313245,0.36011316442335867,0.025030897154487215,0.45180836998000806,0.36457232746373536,0.40088133277847704,0.40045029327197684,0.8248658999925228,0.8230941292743404,0.8824845651124065,0.8081693711563137,0.810977832884387,0.7988642581609577,0.8031848015422504,5.95616818257636,5.186786494668779,7.984151892519461,6.202614584990043,5.64760203650032,5.5769849396249365,5.779247516056036,24.467277720860462,26.502988797626774,24.871950747202092,25.143077244398643,20.573535823737256,21.224293211274393,21.165772377566828,-10.078135349553094,-10.021512963968505,-10.18411501484357,-10.031296369471413,-10.14912854626819,-10.104532366254134,-10.10054952948295,11.206435854472778,11.722022023439248,12.745653669003461,11.080140101898987,9.54684805377935,9.83503074748183,9.810543862200971,2.351801068259833,2.378715399091912,1.8460444886279312,2.572770431585996,2.3107545777019456,2.6358667889799134,2.488732285404271,1,8.006131384905892,0.670083779400283
sub-019,AD,62,F,410,0.46087050332621327,0.5493617968785262,0.37847705217897243,0.38681149308344104,0.44809260406146995,0.44202602199663926,0.4510427554661005,0.056658447882718475,0.05083923572441719,0.061869292812299914,0.054594066692903384,0.06199794279122916,0.06532894305926501,0.06347241402879238,0.17914346858542268,0.1020916354881517,0.16157945294412743,0.17770278022241096,0.2704896714169708,0.3410329803665156,0.2768183595996225,0.14140820020379893,0.121477287701135,0.16624452764928666,0.18732439192703504,0.12951686799746379,0.09991651765792159,0.12551851061524305,0.16191938000184639,0.1762300442077697,0.23182967441531352,0.1935672680742095,0.08990291373286602,0.05169553691965874,0.08314796029024149,-0.46250975235835684,-0.3039252442045907,-0.4166272652933453,-0.5167321302891509,-0.6368604471664839,-0.7164084634202769,-0.6325814534661498,0.21735782538433587,0.4389811599639106,0.12013106990350497,0.06358571138890644,0.10665143202754178,0.06112010560312103,0.10862724039769779,0.7927867682456293,0.7449935555690278,0.873365079398039,0.8475283954425082,0.782715843247531,0.7448186789885103,0.7752824167885057,7.411131934904091,7.121737348870977,8.885027579545325,9.267315046282302,5.231661391903063,5.7700091108032465,5.084363954477068,32.64948324360608,31.52399889238518,37.727006180254186,36.77806851996205,30.042512811937943,24.625679162697303,29.329885844342844,-10.585482074439415,-10.353913154453622,-10.918765247207153,-10.581509247519758,-10.85267219056316,-10.503209014891784,-10.702698402415693,15.325861540336527,14.932423147365617,18.44371003655184,17.599859367965845,12.96026917722832,11.026516060815439,12.681525542442937,2.251405150201609,2.6254214304316537,1.8309998021165208,1.9139902328924467,2.1984657644179824,2.3271951048178527,2.2283312051827973,1,10.454085348829146,1.0061654102983386
sub-020,AD,71,M,361,0.6615171738337136,0.7330518065406111,0.6054700833182333,0.5787217473940915,0.7003152444641755,0.6026103420663429,0.6323388789792005,0.13700430418400902,0.10421104017130124,0.14621360592689722,0.17279752356499395,0.1425730649151785,0.15802719575542995,0.1551997149617955,0.08425557938738032,0.06122364458064306,0.07751890894747647,0.10775180570673046,0.07823039483121706,0.13701768106636114,0.11120299190155622,0.05579195462287225,0.045222666023628615,0.07422408292074045,0.06854142644747097,0.04180907468703567,0.06061164852798011,0.05638651781909771,0.06143098797202494,0.05629084268381596,0.09657331888665215,0.07218749688671315,0.037072221102393395,0.041733132583886445,0.04487189633835027,0.23680760656882852,0.26729886596048796,0.28160765113462227,0.2195271141921157,0.2602473211830259,0.062289544681459225,0.16043778200102718,0.7890008140581839,0.9466906601238765,0.6966049798827904,0.6396472492930915,0.848174705914456,0.5856263958371283,0.6875260537500871,0.6643194842428928,0.6114994506510015,0.6885904409903593,0.7308948900699892,0.6365846343678595,0.7212346298516696,0.6924424956862268,1.3692034188530848,1.0112002768252735,1.2671464367523328,1.9901555103497965,1.1245963965292571,1.9003062395938697,1.684710213829734,23.634771270816724,21.278891801221754,30.14797747518338,29.20268324652778,17.49463485193979,20.18492078474246,20.88289416761175,-10.401438096643428,-10.122364483388328,-10.739471415565134,-10.441419679257137,-10.634146965513095,-10.442119296121799,-10.540518961031719,9.738771365975184,9.029930396621653,11.649351174859278,11.15360552974754,7.944850566799242,9.2150579166056,9.054261141265673,3.320870448763094,3.6817860528860007,2.748838945704366,2.8717401576635715,3.758142988699161,3.1580648612159585,3.3434869354218746,1,11.329193454757563,0.3825331804752654
sub-021,AD,79,M,417,0.43095741035928475,0.5203948619147489,0.3290949346094429,0.3675001060300403,0.4477668819974323,0.3724204447411902,0.3839686136726649,0.11779801820062258,0.11943609695088953,0.1280182429471086,0.115118525036826,0.11607795036862101,0.10467349353055476,0.1111775080108067,0.14001950781047748,0.10621989551717045,0.14605292519392463,0.19518669085454504,0.14681383585540445,0.12874216660635585,0.1576425404077416,0.12876315272278255,0.0993689018624844,0.17562246564593811,0.13033172861437736,0.1462192947035272,0.132032696594786,0.14363182899855279,0.1824619109068328,0.15458024375470694,0.2212114316035858,0.19186294946421165,0.14312203707501475,0.2621311985271132,0.2035795089102341,-0.0615579342108963,0.061038147228036264,-0.06357851299020445,-0.22927164257783658,-0.10194399446875702,-0.09160684395752648,-0.14594918507664184,0.3214652549506085,0.5140289518891146,0.1518950496459568,0.16785348110256224,0.28552722847577106,0.2629782110311641,0.2157403477331627,0.8457606422041181,0.7896217582389405,0.9062250107685149,0.8760339026476693,0.8473773321406645,0.8885786274437204,0.8779437312820065,6.035271447151287,4.216279339513575,8.492418163114332,7.274189927611955,4.948938699838565,7.86768590998647,6.953819452162429,36.20932035172058,34.89298535857257,36.918925804087614,37.6246421137208,34.222092837708026,39.90228239620643,37.283663852995396,-10.438513135197615,-10.174204708240888,-10.798757885679876,-10.421917294970587,-10.739226152042036,-10.40534765901021,-10.561711794533547,16.10882499386756,14.654982316554145,17.828595304487944,16.934782391616274,14.641173329829599,19.167181599093464,17.075274096130013,2.0481785831000905,2.297811199530745,1.7565840692113257,1.9395552517501882,2.087567686348659,1.7700192042529053,1.9060940192414855,1,8.669925437247313,0.42332290955741847
sub-022,AD,68,F,319,0.6560445319804246,0.6868715629792709,0.516505741959713,0.6724801855093774,0.6736150985170122,0.6982309516527427,0.6713014210104147,0.1429554132746971,0.10693310294624968,0.1936288109619979,0.14524608241378048,0.1732653521989369,0.14297715622878548,0.1597630384647589,0.08961839819257204,0.06321115786531159,0.11318599360568297,0.10750006673972527,0.0862093364520407,0.11604260173480771,0.11228604592493403,0.05751079542433327,0.06158864793644874,0.10446991745206306,0.0401567144423334,0.04346687684196043,0.02857366842789343,0.03653153325562073,0.05387086112797332,0.08139552827271943,0.0722095360205431,0.034616950894784185,0.023443335990050163,0.01417562195577029,0.020117961344271924,0.22440727613950506,0.2462771821711976,0.24058121248737593,0.1731016140142991,0.30864592998225887,0.0998550439930564,0.17444495029749055,0.7600330782560892,0.835844437767519,0.5163396899210405,0.7609837689726606,0.820203958632256,0.7680757004712645,0.7577854955603434,0.6846388677967601,0.6833903636895993,0.7796842076281303,0.6504874630466961,0.6720929568744921,0.633562298308299,0.6564893636665919,1.7518542930636947,1.6903586189548332,3.158830198022999,1.2620207869641953,1.4807577278610575,1.242937155008708,1.3970295805409523,21.096633259332492,24.71260792026172,28.426927596020352,18.186930115440187,15.722570568406068,11.325780765222612,13.782279510045067,-9.943280988950642,-9.82319026187933,-10.171228341191258,-9.950897879156377,-10.034901588201135,-9.869012826052117,-9.945326751041682,9.227187572710008,10.627721991587448,11.494870940268784,8.135418943482929,7.201987254480845,6.145129791098701,6.8903647433905535,3.33194727799186,3.306604335020416,2.502030405459262,3.547507531922117,3.566483685082446,3.8825977686944193,3.6624267058897,1,8.981379923921898,0.7319531532494885
sub-023,AD,60,M,327,0.349047557937131,0.43572545921034983,0.24619423548846828,0.26020566060043526,0.31351232243287225,0.4309415350836391,0.3346560693786875,0.24638987498527878,0.24133201712832927,0.2813240726372181,0.20822329436268688,0.3009403746804864,0.2061984927090663,0.2551639519489995,0.20050816377546335,0.1341983565749044,0.21279433935891434,0.24141031187578438,0.24278073033215422,0.26895007956656514,0.279681717789349,0.11606014910233067,0.10313305691158216,0.1740431056163881,0.12476366894536721,0.10864397343353209,0.06804776081598897,0.09276278665729189,0.08799425419979594,0.08561111017483455,0.08564424689901058,0.16539706421572622,0.03412259912095469,0.02586213182474026,0.0377354742256719,0.10765577188201529,0.25525607744742085,0.10936115421956964,-0.027006991714640473,0.08966045950590507,-0.11518487534575934,-0.041879791809016756,0.2884559253566359,0.4785454011543751,0.13358330931033277,0.11126367684421251,0.24386482037091362,0.2767228386374334,0.20104709827086728,0.8282269760360113,0.8003476564050492,0.8735041582250154,0.883555080221014,0.8192386767821004,0.7607150619717328,0.8054732170949774,6.144897452671143,4.217587259202589,7.4881984573569325,9.112347315533691,6.293909565531204,4.717113727767196,6.209131335757692,28.24380739734093,30.84105111583474,30.23990033647175,33.49999280620205,20.53998663405446,17.202675301123804,21.179294747467473,-10.361998633605443,-10.207671913915453,-10.662196895059985,-10.353390067299397,-10.508813336612485,-10.248839838440098,-10.389504611094328,12.731024131090479,12.517670387598624,13.535408945714478,16.21980303303742,10.291349278933762,8.953139485717166,10.322161093553687,2.3520981605156552,2.515010656323138,2.120294996240815,2.0301727892358965,2.3855483660642123,2.7232846058384044,2.4754488946482183,1,9.164891221847062,0.888992298157584
sub-024,AD,69,F,335,0.49217187535789647,0.543129372175766,0.3982338537047025,0.44166666851020275,0.5104027025718825,0.5283918418495532,0.4816850489912966,0.3343373255382474,0.31294463894876695,0.36843957630648244,0.3771007910502209,0.3274535159836803,0.28285713575698024,0.33571627007191557,0.10505367613588482,0.08826533608801947,0.13031294034601448,0.10991538978832505,0.10936998381485645,0.1097260811648812,0.11351468824668283,0.05045585572382838,0.03983373936888222,0.0846054845357609,0.05063264972775304,0.04190694178840893,0.048878602643520896,0.04838073639822885,0.017981267244142906,0.015826913418565642,0.018408145107039375,0.02068450092349816,0.010866855841171823,0.030146338585064734,0.020703256291876245,0.5095229510141164,0.5588707955103789,0.44886720348021597,0.5388760064676729,0.48042167379117967,0.41273492150534064,0.47048037146381244,0.7438851667110838,0.8498669213582014,0.5542640900795227,0.711959745209718,0.7511288428197301,0.710365969233278,0.7086732697039869,0.745711750779761,0.7180268161832657,0.789428651266368,0.7592767004509133,0.740193879396111,0.7581805788707547,0.7561248767883223,3.7784433446331276,3.114613504658867,4.885214580795704,4.443214029788862,3.6398581981279343,3.3200272797454953,3.95930823972351,14.685497500294703,13.246350848606824,17.14726694439968,15.358116163837618,12.955744084235542,17.279249412047733,15.321783961512612,-10.189107181718281,-10.015246388370974,-10.488688834203026,-10.170110718309669,-10.287031549206132,-10.239353855292173,-10.257453571975427,7.645282845635972,7.0537243606003885,8.501623332549157,8.098313815197784,6.904159362181113,8.636850098949392,7.933489809075494,3.072824760350181,3.368359949094681,2.556799227890266,2.9791393379979345,2.9404155200205326,3.1984746036332687,2.993875033513467,1,7.341954411393839,0.6760682195138763
sub-025,AD,79,F,295,0.22925473488685225,0.3094507450948075,0.17902987144234728,0.21397239169564086,0.18141139334839126,0.12623569301588042,0.1565630448007689,0.05278526132146069,0.041488512206637386,0.08858590577068452,0.05837539111955595,0.0465468003996787,0.03680034833598903,0.050108587648595104,0.5030143907563264,0.4356720887128714,0.48635270232125744,0.3895447784873381,0.6440270625018308,0.7791251974807425,0.6800774000472067,0.09811579715048255,0.08155599104354419,0.13735592094968627,0.13063878910949536,0.09104132958973547,0.04278065024905629,0.07474828097773722,0.11682981588487819,0.1318326629421397,0.10867559951602494,0.2074686495879697,0.036973414160363594,0.015058110918331532,0.03850268652569198,-0.9592868034266558,-1.0067205237748116,-0.7403926924848344,-0.7206127917012224,-1.1413748310320682,-1.325825930663591,-1.143534905194038,-0.3367596346274452,-0.18829546660786595,-0.36626476578924017,-0.26129335609200777,-0.5090725662720175,-0.7045896855572961,-0.56695290806643,0.7195334295075398,0.7044252761140453,0.7959996331620335,0.7990929789492661,0.6713684402706003,0.5708410458749856,0.6506698581128726,9.185370226980297,7.989944504355994,9.077525180483276,11.495073090682911,9.097324139968713,9.043791229023025,9.064992850403021,27.451805301355,27.564649835405255,32.09277141564174,34.50305559921303,21.599962234005076,14.770664266057803,21.182964495086058,-10.286020400432879,-10.149601770112733,-10.755996198262011,-10.204318102301293,-10.510140744300594,-9.885745990271278,-10.216967130517032,14.042044396247254,13.854288422192829,14.85584476233786,17.844158519854243,11.356576028818074,9.90246406023163,11.367301814144328,2.06454379695651,2.2942637418546377,1.9589923450558049,1.8339428122529595,2.060502607726974,1.8861149209155255,2.0242180593927723,1,9.35000924180581,2.085979329946232
sub-026,AD,61,F,174,0.4736409093853953,0.5016036907808168,0.3061456639559348,0.4718014093783269,0.5555075647200747,0.5078930596577287,0.5244907546552909,0.21654568211547395,0.20085602247865633,0.18448006930249894,0.2233664653427041,0.2648525945015951,0.23345597503015603,0.25591891657584115,0.07818710006192521,0.056791100873525326,0.1072134473960303,0.08134167039765566,0.09054898293279622,0.08468161124239983,0.08701112227996019,0.08631285768970191,0.08253300684002321,0.14456355868970827,0.0846062667601445,0.047108233902234446,0.07438640170388372,0.06032661148196392,0.1453134507475035,0.1582161790269782,0.25759726065582783,0.13888418812116865,0.041982623943299185,0.09958295236583159,0.07225259500694357,0.4512833975399153,0.5545906071376813,0.2307925266454285,0.42992136626767896,0.4651756983344693,0.4423300816421061,0.4667887018087505,0.6428367937298725,0.7492590281142738,0.27257440980799336,0.6211032036531401,0.7752440879989585,0.6706087880171226,0.7250541179062253,0.8146403888226635,0.7957464619491431,0.9106716586981464,0.8285073893765096,0.7546053209824009,0.7990408287194626,0.7808641226785342,5.067746763385091,4.322617711673436,11.040103465991676,4.167994012292647,3.0475762577360253,3.546924651124499,3.383748460410303,31.2864132768707,30.412289063472446,35.44571183348296,36.08114636884431,21.050204937477815,33.87174651398832,28.229248552246467,-10.176088682419376,-9.907757614043263,-10.428460601325327,-10.296498930156908,-10.436289069954055,-10.105568466599738,-10.297392806265345,14.399689354675358,14.769781210142424,19.35102758052518,14.766040060011862,9.201271570641858,12.74228578714311,11.164440036836947,2.566438768184894,2.6977255346716396,1.8662843181504272,2.3415865559500713,3.2519396559758147,2.5786198533162534,2.876185492924923,0,,0.236651569634299
sub-027,AD,67,F,312,0.5711587391788214,0.5979085228995302,0.5140744844487973,0.509232539544045,0.631972892530567,0.5957920474933109,0.5957491892108608,0.2852743754179363,0.30578298701132134,0.26128749553728264,0.24367999900671622,0.29770572786716726,0.31401627881066335,0.3026576479767728,0.03710345244691771,0.027868631092081268,0.04224975084479498,0.043016533837145876,0.033151740627440675,0.055807284540788565,0.04334096395618981,0.04484908588818937,0.029405725241054764,0.08447030970795137,0.0703136753077467,0.02131023585457158,0.023848108634829532,0.028552444238384395,0.06161434706813525,0.039034133756012335,0.09791795946117392,0.13375725230434649,0.015859403120253576,0.010536280520407351,0.02969975461779215,0.8895831492973421,1.0259942241800228,0.7857604016235346,0.7407073359817598,0.9634245972456809,0.7548679634273257,0.8596157985900934,1.0627347052681018,1.2352998046050574,0.7870510043642115,0.8331159547901368,1.2421306762873112,1.0624259533717066,1.1148177211920676,0.7285819588410137,0.693669732453081,0.792766228558413,0.7939030918163088,0.6842372616533426,0.6903731264535962,0.704414822702292,3.2484470640335,3.0182426936348103,3.7219115258459485,3.7920449019123863,2.799327022005514,2.9304500549944428,3.010978740494978,21.037946204723372,18.54923676383273,30.641667964032195,31.561640858532797,10.07998411493523,10.732400435940747,14.693864531243415,-9.861385650523394,-9.673866927284232,-10.065170601049864,-9.936796389559834,-9.985502323019574,-9.87502726925361,-9.957790998603793,9.431722886349828,8.070008067269685,12.339424417896675,13.751164261269524,6.265668478502451,5.946371317741741,7.435244463597094,3.391011786269527,3.7334384481323513,2.5590477449732885,2.6387864696464534,4.0947532783778495,3.8893029267776607,3.7609921757392817,0,,0.11739725576563664
sub-028,AD,49,M,342,0.46818697920667485,0.5358514107545153,0.3665310075340482,0.4366475549884316,0.45128514912546863,0.4722770198564683,0.4434382739860055,0.3536748653378808,0.31510318850094493,0.4128603708319985,0.3811211776019455,0.3750957265375086,0.31287355969840885,0.3632040347438283,0.09894340280085066,0.07893682337258387,0.12158557291160482,0.10455004211889153,0.10785680489800692,0.11041979385183723,0.1098559593858255,0.0562387218842971,0.04759344874187381,0.08002550120082036,0.05422723361794328,0.05111737767258043,0.06252200175827637,0.05722142815292626,0.022956030770296697,0.022515128630082423,0.01899754752152792,0.02345399167278816,0.014644941766435106,0.04190762483500925,0.026280303731414566,0.5587631381818836,0.6026879313353345,0.5287287902152285,0.5638340441777078,0.5473678736080823,0.45702896896384215,0.5221205386327318,0.7403417072722094,0.8465398363257591,0.5927633302671915,0.7161269944053664,0.7250383496321003,0.6614002832861616,0.6903463522748579,0.7481250331002919,0.7195250875215429,0.7828010250673162,0.7569602503844912,0.7503090535621606,0.7752643894141753,0.7633660727153538,4.001631943198791,3.197905463161185,4.990502445891479,4.464899700381578,4.248394598471948,4.034689372016079,4.362342808526068,16.287254399302675,15.284625201727268,16.844175922686784,16.24456588847604,14.504757310322868,21.720196960863426,17.49218835051312,-10.364301348087865,-10.181777193058874,-10.629571488827525,-10.358602706156802,-10.466632494761095,-10.463131243432128,-10.452393094200302,8.09040350053276,7.665616621342821,8.448798259787523,8.272999309463751,7.420458378498277,9.679291504005146,8.45550718799773,3.0781037431407268,3.394282932174537,2.6384328966550346,3.0310099822508194,2.902683208436948,2.988301175086419,2.9378359631857855,1,7.0201638439092,0.620029083580727
sub-029,AD,53,F,303,0.5927980482551638,0.7125558006489088,0.460280565322327,0.5361776017537172,0.5449823633606409,0.557386559620989,0.5400255513016318,0.27077721220545686,0.18454585956239855,0.3196172160568494,0.3420622415780232,0.327291473083225,0.2719854906172875,0.3229076342699963,0.06391705444938828,0.04056188682383143,0.09777996536711696,0.05590099208226114,0.0767699550894225,0.09161854853644706,0.07748925297059246,0.04339194027116365,0.03247768928249293,0.08498524657674127,0.0352706737394619,0.03501421543444116,0.04801097959163208,0.037805364066953694,0.02911574481882713,0.029858763682368523,0.03733700667696452,0.030588490846535723,0.01594199303227049,0.030998421633643934,0.021772197390825598,0.6432905795756749,0.6572781034964205,0.5334326251410503,0.7922384255912194,0.6357349607160884,0.47255891376329284,0.6240227753091426,0.957495133524838,1.1503863884270065,0.6515906180998439,0.9855041955166272,0.8984175325101541,0.773830792043187,0.8817123864681904,0.6708381638161915,0.578622698620069,0.7686325520467833,0.6981104858689979,0.7120710063886788,0.7305068016923899,0.7172459721366479,2.523285510117543,1.37191989970532,4.078527750823663,2.839229954968355,3.011082935992095,2.8566167569876955,3.0925148370249422,16.05637637969849,14.413366870022484,21.215785879364933,16.4873853214191,12.740532080363147,18.179543979626622,14.431824029206357,-10.078114025069347,-9.793527912551756,-10.433762826928918,-10.126730771716726,-10.2774951859439,-10.144386981484981,-10.213048877880626,7.697219869726536,6.957637762165596,9.23108593931501,8.037245574608885,6.944652497108097,8.433757790970073,7.492868651803057,3.787065375189543,4.650589348961743,2.838454631755748,3.5134719022870793,3.420696504909465,3.2843878333625893,3.4087116812996845,1,6.182964401635815,0.5928443354974959
sub-030,AD,56,F,79,0.6869507179882458,0.6873534925235812,0.6601227525999535,0.7363522208155141,0.697028195067355,0.6118637339238099,0.6795818766055205,0.19390832144994433,0.20486173780196087,0.23365412293758236,0.1672298797366612,0.19809939014601982,0.14302294236888247,0.17474880685859243,0.05414152801183801,0.04108530063645769,0.0686661594695544,0.0543171826205444,0.06511805998706104,0.061235269458847344,0.06263425395777948,0.02923806654764017,0.03107618400177686,0.025489096955258667,0.02026629755681709,0.021572194613779457,0.05787045572917124,0.03215782171553323,0.035761366002331804,0.03562328503622339,0.012067868037651239,0.0218344192704637,0.01818216018578443,0.1260075985192894,0.05087724086257448,0.5508604275894351,0.6812817733484816,0.5246405907320046,0.4905786562970915,0.4794434708313702,0.36140445044070374,0.437955244354928,1.0329514496000711,1.0989643708562984,0.9791007497143687,1.0875769498118493,1.014111244934286,0.8016915816069528,0.9589588405973561,0.6792720447064317,0.6827451804139579,0.6813698451662068,0.6458341660666476,0.6657099155483448,0.7511883200571251,0.6882470656667727,1.9296441935906434,2.064629701260892,2.014244417416615,1.658196035103801,1.8495099721154695,1.9933922301922602,1.8490874461440467,16.013534839067013,17.367978113697287,10.643747542449391,11.995341796191404,11.116521104055584,34.70957101105587,18.407886112082277,-9.580961257801922,-9.432126559856934,-9.799566372416441,-9.522950909437078,-9.781734848170936,-9.588835339863767,-9.676511839661218,7.783563780928955,8.018455339791217,6.165700648712939,6.758110919976071,6.590107895426455,13.229327573394595,8.644499354514378,3.8169961141437296,3.8103292133537208,3.9042008450480243,4.23121064870103,4.009832355315489,2.5918397396800805,3.6218291355113483,1,7.461292983295027,0.5769650690602663
sub-031,AD,67,F,470,0.32453542038921307,0.4351856234009306,0.25403947624050954,0.25280402607677094,0.27943205202505733,0.2541214672423752,0.24473605018287878,0.15448093740011226,0.15098619195969037,0.15592284529568232,0.1760448275044234,0.1597670804505936,0.11349268981388938,0.1406132728830258,0.3941633875017393,0.30352442991381484,0.392565630247573,0.43796163176627045,0.446200138670476,0.5481447596585571,0.5166319040223913,0.081279905213396,0.06796900556321829,0.11448127718353719,0.08014158961257081,0.08873668859010948,0.06915745217038613,0.07526139945780964,0.04554034949553933,0.04233474916234612,0.0829907710326979,0.053047925039963965,0.02586404026376364,0.01508363111479187,0.022757373453894253,-0.3889042897246306,-0.28610629807119653,-0.39220925502588394,-0.37270837011297275,-0.4459389499710999,-0.6905796614133815,-0.5678922520074187,0.011169240663188343,0.21529630268745711,-0.0897677707004071,-0.07947454529122955,-0.08577235932784155,-0.2251699874809786,-0.18850981177655815,0.7684884240143957,0.7407305022900532,0.8286051354933713,0.7755897046868219,0.798063258071752,0.7169012704002434,0.7505178046804734,7.069174660248135,5.074899225000512,8.452390868147583,7.870528099768447,8.328071436895705,8.483262327753664,8.427073377774377,22.45149133440916,21.726247619812323,29.81390194245249,23.66309058032649,19.841666556317367,15.437767098736147,17.882029308337476,-10.54869616210536,-10.480796008559606,-10.802266959548504,-10.554390876515189,-10.655055107169025,-10.235062656935618,-10.452097162137866,10.788648894392894,10.028405415849795,13.191148841002432,11.486126719701154,10.280956695169968,9.212333797597315,9.939488880811906,2.3599240234353154,2.7620627056738534,2.073701870160857,2.235340690966712,2.0612815116423846,2.0789022981387233,2.102180078895912,1,8.827353332860229,1.5898085145425753
sub-032,AD,59,F,355,0.38799077111755453,0.5107186289600403,0.2535533793280157,0.3465437412329264,0.3254672533626546,0.3367786927547697,0.3288444655845719,0.3089395725748519,0.2771359934442542,0.3370964759413344,0.34727330864558487,0.2950229261056568,0.32222424204454764,0.3174921979476885,0.16921320917322083,0.11279521845511935,0.19594153348329377,0.184822043050613,0.21989835077143519,0.21933831006936072,0.21364273415524088,0.10456181341862524,0.07064658217499366,0.1750033296062998,0.09305569373386585,0.13099321482552592,0.10096798574899181,0.11391548441736785,0.02929463371574726,0.02870357696559236,0.03840528164105645,0.02830521333701,0.028618254934727357,0.020690769382329985,0.026105117895130845,0.2770922852303153,0.3875520522118218,0.2361252323253531,0.2777415664205796,0.12973696514208843,0.17166809790429782,0.17510882824060306,0.435421084100834,0.6692076184795427,0.20379158219901725,0.39969334980351556,0.24885830919471918,0.3159120975818877,0.2977025356910715,0.7848788049131283,0.720481896950858,0.8507986669987252,0.8022261063356261,0.8284890813030691,0.8112781722227729,0.8187484654154582,5.172444067515647,3.338841869766797,6.7898064770922035,5.829023166241191,6.341816841973291,6.096790786134227,6.201898815923957,19.28123522934422,17.83204371672086,23.146371336996577,18.9872635304027,20.89247608724739,16.726783473075717,19.18685766960735,-10.27386658765546,-10.066803575996289,-10.540010789349333,-10.30983400376462,-10.474222402979498,-10.226902270717371,-10.346207702561944,9.382795061854505,8.354627383026378,11.085761876633244,9.456613549132095,10.068860500781229,9.250196582639553,9.702752357366757,2.5820701996758495,3.0890333699746146,2.0290326290010654,2.5228117844891234,2.2068851956470206,2.318549796059042,2.29739521698419,1,6.955556346244736,0.6268477114535944
sub-033,AD,72,F,328,0.31691903923380443,0.40031762862714715,0.23804035295490245,0.23299207209823936,0.28471609988086105,0.35950034907600253,0.29153904466530456,0.11006412817648992,0.10989220487000159,0.1282929645407934,0.11210070765857258,0.09000530102088578,0.10933768697198476,0.10007801585047713,0.21543571440156375,0.1337047722017368,0.21003998898431764,0.3443137955064201,0.2361699595403086,0.22073007030899733,0.2576968694608185,0.18470678497375412,0.15194549873095622,0.2674407684287223,0.16898858824226434,0.21702838169003372,0.15822431002965456,0.18911892184605458,0.1728743332143879,0.20413989557015816,0.15618592509126417,0.14160483649450373,0.17208025786791079,0.15220758361336123,0.16156714817734533,-0.27177071401774217,-0.09903707643117289,-0.2305310608199624,-0.4860992145211225,-0.40984715155013585,-0.30242626806205264,-0.4012567263719845,0.03631065393720683,0.2558993264365762,-0.11558203021076276,-0.1727003852803677,-0.08424899436027644,0.09445087729274251,-0.05823877545533555,0.8740970828009984,0.8346595560362831,0.9275824971251234,0.8923265744195474,0.8956610909769055,0.863095309490356,0.8873229496259787,8.562301138270891,6.415610875389951,10.635695491895286,9.874525543817267,9.980478985182287,8.213909946457754,9.531581542471418,33.37443063427278,32.47473558415396,33.80632217171144,34.67965830724601,33.35328860664445,33.29678369902676,33.68931248027728,-10.341230816740419,-10.175099272907516,-10.577568404092007,-10.295716690218446,-10.525282062997418,-10.383136222786657,-10.439757801279544,15.996312899924686,15.834006782538351,16.69539851137966,15.907173720988759,16.31947045773102,15.209297914756744,15.984061921970513,1.8331272944629449,1.890791690449291,1.6884543071212104,1.8583656900457293,1.7471619947383104,1.9267825479447205,1.8156900108570446,1,11.450527116252644,0.5895541610414714
sub-034,AD,75,F,424,0.5038652930895949,0.5945867033979128,0.3929061805764156,0.41657030453122224,0.5221885746885672,0.49988408049853905,0.4805378112241252,0.2304658526610851,0.20526351823973554,0.23031484935859914,0.3005358247068101,0.1993579564369118,0.22542242833434742,0.23349469743559204,0.09776972676213626,0.07077746477573806,0.11225658311591065,0.11303927473791209,0.0993801887917074,0.13755757018796003,0.12166822348481919,0.11509147339848043,0.07915387598075321,0.18379844218841426,0.11039456497965838,0.13966674071942764,0.11034352703184817,0.12894245774133029,0.05280765408870304,0.050218437605860346,0.08072394476066012,0.059460031044397135,0.03940653936338575,0.02679239394730464,0.03535681011413302,0.39592474771578157,0.498166883591683,0.306303165812549,0.43958686316788864,0.309695817465837,0.2145288094756777,0.28634453949078426,0.5815224208385187,0.7997392671805851,0.32883663403987834,0.5159669869223416,0.4892960106795019,0.4662426219101258,0.4593150826947143,0.7733630585778717,0.723750840386486,0.8412730975449687,0.8066127184329522,0.7751484630579174,0.775963337366846,0.785625324541059,3.824540454122233,2.8227608541664053,5.420600909576945,5.057943933574379,3.1328129081016853,3.507462730912092,3.89301231493624,24.061491468618257,22.715684500190495,28.468802148814564,25.60963148437697,23.201416534925396,20.35468220684279,22.199724334952574,-10.576834192780968,-10.415273625336914,-10.819247962092218,-10.58431952222328,-10.731754039795774,-10.531325095461439,-10.638868885155201,10.514549048829437,9.725205978932593,12.825714319605993,11.2269048287364,10.002605308408297,9.153705938121355,9.882848412742991,2.7154636222652875,3.2251826187431796,2.1814502027701166,2.4563991553387905,2.4899835685425242,2.5888162782725583,2.4861015160067668,1,6.687348581163003,0.3510928325916929
sub-035,AD,57,F,357,0.6530843179657879,0.6961106895885601,0.600035347184852,0.5777055453125735,0.6704447042982813,0.7067824392651775,0.6798630743741161,0.152241919017558,0.14330264359769654,0.18505770296450974,0.156988603567948,0.15752858611885198,0.11688233731392435,0.13537899218674487,0.0750021796293705,0.07426489776122894,0.0956452128296224,0.06489412679351925,0.07906681345884772,0.060737271294974776,0.06830327606521734,0.05660956288124197,0.04566634199294949,0.06429273716880585,0.08315267180710624,0.045498264120207355,0.04696680484874323,0.051570269862424335,0.06306202050604161,0.04065542705956484,0.05496899985220937,0.11725905251885313,0.04746163200381157,0.06863114727718075,0.06488438751149739,0.3081909651804007,0.2793325297508,0.31077216837123717,0.3745421987305232,0.3004834387877674,0.284182506886454,0.2972436721520619,0.7971818258583231,0.8572832219797483,0.6983284877694641,0.7026101231389457,0.823342720706273,0.8850090097334522,0.834390952995263,0.7015444260894709,0.6688347111907368,0.7310239509364909,0.7565793923744164,0.6908923401854817,0.6777173372506037,0.6918556257179925,1.830348005935268,1.4554593565137701,2.043119644146967,2.752408661260795,1.561201601058122,1.3828991182576242,1.4873703750184195,24.934165504140207,19.959968871408233,25.40275866279411,34.38999167808512,21.658581436325466,27.642687734553554,26.09237336732479,-10.333409754532838,-10.145310469485935,-10.624222431453902,-10.234108482398014,-10.599878015105775,-10.354438390225635,-10.444928514780843,10.129170694539074,8.605825583141284,10.034341996735863,13.442014409123324,9.160171943806938,10.430932328065857,10.227674120212741,3.164278315210677,3.515808047743629,2.959675822372318,2.530490747477261,3.3723627184803764,3.196276521165169,3.173375607563775,1,7.022023890826582,0.49697996472795225
sub-036,AD,58,F,360,0.2305707639979432,0.3206897107030482,0.15306125299502313,0.20137215869962266,0.16428466878582554,0.1892450704492737,0.1660086705169339,0.12830772071358762,0.12711577069015634,0.12292816881340622,0.14368225395538825,0.11583870231804716,0.1285033347555785,0.1263240691518971,0.3743442401359304,0.2973875591519328,0.4101228536529902,0.41902197716308837,0.4310142236545081,0.41566425397214946,0.42813538119111205,0.21791748719131387,0.1999424818813825,0.26594345177007933,0.18214110684558493,0.25543045786482876,0.22407436358911093,0.23216000615345897,0.04885978796122488,0.05486447757348002,0.047944272768500835,0.053782503336316095,0.03343194737679012,0.042512977233887715,0.0473718729865981,-0.46012768276422694,-0.37022476551326655,-0.5182378326464983,-0.464682112368406,-0.5707705195338922,-0.5125495539563256,-0.5322530015901352,-0.22761210341806923,-0.050794287133047296,-0.39399782634946895,-0.24674509152339746,-0.3950662099117212,-0.30744874006741185,-0.35776092896054396,0.8460150877703443,0.8325770946747044,0.8605613385092793,0.8541602932977804,0.8475848939287168,0.8525835672042513,0.8551320794941948,9.177844782873994,7.541488680258886,10.675234046293516,9.216610492506337,10.786710433796678,10.168177351248852,10.30763882379683,24.100567620519172,25.050181356251546,23.696995058163367,24.843292582549587,21.872397921265293,23.239083013809587,24.127118491817544,-10.082025953817048,-10.089411223417784,-10.102453112152206,-10.034141347941027,-10.088588426215532,-10.11146227586605,-10.0904882498381,12.441084666131513,12.071061417822964,13.008413056354563,12.578156368267235,12.509628998350486,12.50821354727696,12.892467807108217,1.8331564710325639,2.028086187459707,1.57672711674508,1.8856794749913686,1.6089626017692609,1.766791290946133,1.7121108068726423,1,11.799264365216908,0.9758667826178158
sub-037,CN,57,M,354,0.25845348242534244,0.30155343381638255,0.3267797513804602,0.27605953132245875,0.14504471432244329,0.14001530348414123,0.1495074200288414,0.1721573502783139,0.16252641868271492,0.15636963418510108,0.1928672736439358,0.1773973625087124,0.18026731992588774,0.19045836863743926,0.4611311340992729,0.4243030063622092,0.35953286074072704,0.4148720801592649,0.5985274439323244,0.628850634347253,0.5868991938318192,0.07818259708154783,0.07378653901058742,0.12741932437379624,0.07762421250350635,0.06753479530430051,0.03680218121349057,0.05839205262267105,0.030075436115523144,0.037830602128106176,0.029898429319915463,0.03857690237083419,0.011495683932219515,0.014064561029227452,0.014742964879229022,-0.4185784660997657,-0.41572477078052567,-0.36017525781923654,-0.32344403791031984,-0.5276538550056623,-0.542826985157946,-0.48946213435904445,-0.10033620563362301,-0.031854002305739204,-0.005111605423721531,-0.019060175512729885,-0.31880332845029663,-0.31771219361284453,-0.28099950250666006,0.6723864484554823,0.6764228877670714,0.7471181870352992,0.7043171410534736,0.6000457359709236,0.5908109865260504,0.6139691729486304,7.782857409477915,7.88109629177294,7.621723068387695,7.281289515181869,8.132998733666907,8.15864663538927,8.125172496232784,19.30741215572814,21.05977543310585,20.518214204596386,21.56913795397451,15.272242566728332,12.887240398610743,15.02716671611258,-10.168375668948022,-10.156427669227705,-10.42101507552715,-10.173722479447463,-10.13766114703965,-9.866612719964104,-10.045662672307973,10.065607953296833,10.296001375434798,10.226856431803617,10.576556791866551,9.264808531461037,9.196659713668044,9.380809728550036,2.2175874441864942,2.3615220095550975,2.224983945159321,2.3516486270954093,1.8050575066191177,2.0533942544703745,1.9780182903088568,1,8.319191570825858,2.0988604892771807
sub-038,CN,62,M,396,0.4372003718678153,0.5171963064801682,0.34222097766113097,0.42082662966376494,0.4608234445405719,0.29699656743357217,0.38603278813351577,0.07418340459288368,0.07958232315342388,0.0788373108950141,0.07179909103399562,0.05754732305109902,0.0780290796082503,0.0650200742130237,0.2568782523680729,0.18530790641505254,0.22793048706320218,0.26893687212833167,0.2748292978758983,0.49975230337869425,0.3681771445401086,0.17062483290606906,0.15173561293434565,0.269244560643392,0.16912855534422105,0.1657716782087744,0.09907979837075416,0.14229491974247144,0.06111313826515921,0.06617785101701004,0.08176666373726078,0.06930885182968659,0.04102825632365623,0.026142251208728595,0.03847507337088006,-0.5089815331530414,-0.37200225803362663,-0.4656521827892748,-0.5362371172316155,-0.6367919444697111,-0.8071762364844901,-0.7252954338659333,0.08639215071713306,0.2577741094276414,-0.07488061080644755,0.05404804535582329,0.08459674627276785,-0.204154245095108,-0.050416139786149214,0.7639211013436449,0.7521613673483848,0.8376599305110198,0.7743582276004015,0.7213032622479708,0.7375244327059909,0.7328825931989756,5.738794387732847,3.675140748071581,8.539237511653653,4.865587043127083,6.582934762619452,9.241121567547687,7.092522267992439,25.745395851362208,26.730381342272516,26.85283670962161,27.292775391187583,23.449879715926887,20.98530046928923,22.906052184980645,-10.451082864312543,-10.379381196941068,-10.590560611798187,-10.507735248967009,-10.484621741214193,-10.329208994222821,-10.411976707641333,11.970230549791529,11.9068563448229,13.724955263852953,12.469800349592063,10.766025492952105,10.367121181747647,10.828311536534269,2.1684069482854134,2.3466591733743294,1.8128747581636915,2.170699656958901,2.2284654924900487,1.9831492120028598,2.1448552750820773,1,9.92559263907717,1.2695616743771794
sub-039,CN,70,M,396,0.14509898462084686,0.21948808348433388,0.12607863312598125,0.11883482332314506,0.06775662097179964,0.08180953390991534,0.0711977084466136,0.09894245558164029,0.09463333855550193,0.09793692508357642,0.11576456333434905,0.08337209136757966,0.10524399173589373,0.10001531178410371,0.6127058853906743,0.49460261494972396,0.6353933403277824,0.6302199361525169,0.7606370133665252,0.7351113560408765,0.7426952477908128,0.08781100563179216,0.09911026294267754,0.10520592463693951,0.0852553613700072,0.07170197236763666,0.05144606495577539,0.06318752822660713,0.055441668775046325,0.09216570006776245,0.0353851768257202,0.0499253158199821,0.016532301926458742,0.026389053357538918,0.022904203751862813,-0.789532038141691,-0.7245804531246959,-0.8113593243417432,-0.7314207428167993,-0.9599702154299928,-0.844686981118427,-0.8761380551585517,-0.4739055555443059,-0.2822055959913165,-0.5275414604945391,-0.49200439341082736,-0.7425674606800853,-0.6252110231177079,-0.6759696354176276,0.7265940996646743,0.7769130312331518,0.7377429180825917,0.718583177122897,0.667691079072633,0.6381309875197432,0.6537577815227182,8.817325999161332,8.67579871022433,9.011987962025275,8.781891613668405,9.057829551386751,8.730792008792648,8.8608425849402,24.16054697881676,30.255278964492955,21.58522839321056,23.99365606316067,17.025335427398645,17.728562065798776,17.74694125627816,-10.011940772301497,-10.004030922288027,-10.069029220361607,-10.11968564898634,-9.94550571570506,-9.838155406783446,-9.910669546964247,12.089486115102407,13.595696273105933,11.343869082927084,11.980070820195056,10.484847183781616,10.56196509714893,10.615887985797048,1.950498024855996,2.097312393959163,1.8377233324532085,2.0084763287513727,1.6472711934989384,1.9446934108439313,1.8160608061079877,1,8.97615306621782,1.9869648084629183
sub-040,CN,61,M,454,0.5024950499758232,0.6098536228891632,0.45774971963160843,0.4547595536368054,0.4204061129839915,0.41246243846123926,0.42812246537689386,0.0631419335332007,0.05690578521919173,0.06148651089269789,0.07553341261955136,0.06217844219841079,0.0641138654224699,0.06467424940429428,0.31864044641522915,0.2407737568284644,0.2936962394128939,0.32204728205726574,0.4287251254772826,0.45664948059525523,0.4288904538544906,0.07209455334555692,0.055644504266340135,0.10705638861715994,0.0846969077300358,0.07138182511606402,0.053091355790693004,0.0626523840437715,0.04362801673018994,0.03682233079684056,0.08001114144564002,0.06296284395634187,0.01730849422425069,0.01368285973034267,0.0156604473205497,-0.6840390545819875,-0.6135782625181729,-0.6840012291143607,-0.6076650898886238,-0.8397036262788443,-0.8499596368482216,-0.8169554111817623,0.17580364185478073,0.374666700778105,0.11106767199250783,0.12279495630317974,-0.015510035813753903,-0.030125221977441115,0.0021565878867236743,0.6257501698467148,0.5735380712555054,0.652914461802614,0.6946869993820859,0.6263942771987757,0.6289062568832642,0.6268444596554582,2.957933067113476,1.0683524984441553,2.480511062551209,4.23153085247877,4.715675397449584,5.103788998064744,4.809338587901469,20.534977771930937,18.541631205052088,27.362800323140267,24.297876209241103,17.13617146104568,14.842369520900448,15.943792626367038,-10.092432290585986,-10.038127011069417,-10.24268678129564,-10.175447577077673,-10.12988897659502,-9.834903430832583,-10.013369544065911,9.306244484513568,8.401462646267671,11.287210991989305,10.710199345447908,8.376604375381879,8.088081598989467,8.179192887197098,2.777589285556439,3.3543820857434077,2.495698273509155,2.483214740403349,2.3451787263065165,2.419015932154031,2.4488825471911175,1,8.926165687186396,1.5755170487495818
sub-041,CN,77,F,370,0.23655975256495643,0.3238661824120978,0.30213267036152136,0.12654431204154318,0.21556037987531182,0.08415781148640769,0.14434748397512903,0.04331788449956282,0.05388455258864712,0.04957100487853472,0.03502885403887369,0.038059840272494934,0.02141999288129004,0.031043205513849544,0.32018520406526285,0.25873659438668895,0.22956126552490122,0.39647470647379146,0.40554061233777955,0.3905791285249819,0.442011888990061,0.21937156532356825,0.18862656560419205,0.24342455383177095,0.24117867635090223,0.2560251474297831,0.19230498636509064,0.22726835306249035,0.1805655935466496,0.17488610500837382,0.17531050540327223,0.20077345109488945,0.0848140200846307,0.31153808074222983,0.15532906845847005,-0.868960626107027,-0.6817866633272993,-0.6747848648132467,-1.0224443738898932,-1.0279715224327974,-1.269849297722355,-1.1632968510875545,-0.32621271690084397,-0.07673402176145805,-0.13845254426035777,-0.5994986575420327,-0.44226498323769886,-0.7603781280617642,-0.6300294590070726,0.8677370115237194,0.8657910682564551,0.8748874982862557,0.8807430776936731,0.8325423487200623,0.8906019446809184,0.842451281903859,11.474340070374,10.479692757378084,10.498836284428798,13.08257374336143,10.998895445171486,13.915560936606433,11.780018897729544,35.64734629597828,36.31403289420366,36.08038142149611,36.870331603479,28.43444283739719,41.03777508678286,33.26067002738531,-10.48363301596907,-10.45691975001367,-10.743672786762964,-10.454740415312301,-10.565678543745694,-10.121786700270716,-10.37354799854201,17.930154049371236,17.269562708815563,17.47480901910998,19.245240566108727,15.061990846171325,22.597313058032867,17.55673196302863,1.6916403320101905,1.7999509735750592,1.7372510089469968,1.5833610742749626,1.6816684716681596,1.475653377111443,1.6185854460419968,1,10.694252622593325,1.461105208506769
sub-042,CN,74,M,396,0.37723993659834554,0.48815507810959824,0.31003845859244195,0.3187549156753454,0.33232921359447887,0.2741752846696169,0.2706883386470547,0.06562984252555075,0.06346751906812693,0.08709069214643354,0.05825175994165693,0.059872272755467575,0.06439922001812226,0.060029809015322004,0.37915021803901405,0.2991335784919089,0.3844326248833165,0.42969840418477157,0.4042641742178352,0.5125175396276813,0.4886232567807102,0.13795898717409952,0.10473383128796346,0.16867143555202824,0.1512033097941469,0.1761886592990083,0.12434520678122471,0.15395817907909087,0.04002101566299015,0.04450999304240265,0.04976678882577942,0.04209161040407903,0.027345680133209992,0.024562748903354942,0.026700416477822116,-0.7439574217366848,-0.6605531939058003,-0.6453806905103083,-0.8277316749343726,-0.8221479646362079,-0.8989029952396841,-0.9027855338752068,-0.07132034215939187,0.14125564632658502,-0.14694483993409588,-0.20627340765812946,-0.1750560379510749,-0.2763898805132552,-0.3004893523006479,0.7526360818360501,0.7240955398098073,0.8103864064462475,0.7534938459786304,0.763953071914699,0.7472114786094706,0.7582419472424601,6.544003063115694,3.8523788709200883,8.858863009355119,7.234233764638814,7.813795832884698,9.207247258741429,8.665488050945957,22.523839242895814,22.837351393927946,24.407608426997232,23.014494536510256,21.029942566569208,19.860427365392226,20.563417074938997,-10.220105196584186,-10.17286131739387,-10.487043983539365,-10.149393471369386,-10.287088599508904,-10.025998939360061,-10.154920886766035,10.929598141515234,10.39812480670756,11.846512931286393,11.495009320779733,10.781874901542773,10.50514513011504,10.926612384930282,2.238242342699722,2.5648506139442153,2.0570740692820513,2.148913821387034,1.9673876497046552,1.951804885588474,1.920824583961593,1,9.521287810533824,1.4629374761709606
sub-043,CN,72,M,387,0.6006060834615398,0.624393188604288,0.6344660420822227,0.4566196631445706,0.6646105382482522,0.6585274359847655,0.649510415282865,0.07175307621983239,0.07528456153242993,0.08521364482022571,0.055177025105425756,0.07605458573562524,0.06590186268027504,0.06948484227917072,0.13811097066339262,0.12642020832146497,0.1052768297529264,0.16483734818404205,0.13053137140153573,0.18619649407732536,0.1722777692266376,0.1089356975586345,0.10088781632414577,0.11776626691698204,0.1503538913495061,0.09427543697926484,0.06301143112913513,0.07811852517200236,0.08059417209660076,0.07301422521767105,0.05727721642764352,0.17301207221645554,0.03452806763532209,0.026362776128498938,0.030608448039324308,-0.26594816586238185,-0.21342135367777515,-0.08846580004094673,-0.46012096355818555,-0.19103221197771045,-0.44004389267605803,-0.3642792036623968,0.4456355294058594,0.5094388084877618,0.5124816316225811,0.18650267983893437,0.5461204713383524,0.48959318552922937,0.4883913341242397,0.7076808524203894,0.7024890181826474,0.7156750496848702,0.7744412696816166,0.6721513571191924,0.633634384785106,0.6497599542752183,3.2310004083523927,2.2111621592313884,1.5965337626069112,8.417460789253983,1.5184278045509483,1.448072392793112,1.755588476839333,24.875568183289612,26.173890168654104,25.479657478738503,29.0634931644558,20.93193291616762,16.96491022969119,18.729410401014338,-10.569243957081005,-10.57217015065532,-10.740140404332275,-10.461752931819834,-10.656014037972813,-10.387484537878654,-10.511652108330896,11.049725708066513,10.936545833380624,10.440863178055954,14.998705635604773,8.781030842695225,7.864231507463378,8.334411350366553,2.814687319247489,2.85236373271379,2.688243644816709,2.4378095214299327,3.027627207013293,3.306831147748013,3.1805673466211126,1,9.059651861420695,0.8419412226201537
sub-044,CN,64,F,397,0.27730924374389065,0.34015249007430487,0.31608879542792456,0.23083984757062895,0.23528992540243587,0.1551563239200957,0.18930026465033306,0.07100055027978586,0.08017243642975572,0.08408368742920196,0.07005231397441083,0.06283965751943153,0.033412054782048714,0.05121743677981794,0.5200181208633593,0.4747440962049816,0.4323251309660319,0.5481945176888948,0.5349915715465424,0.7312037223378266,0.6276469199539322,0.10531290552514404,0.07843541521463113,0.13342260419985144,0.11734121885368826,0.14828369081728446,0.06870676900457898,0.11395335227573078,0.02635917958782008,0.026495562076326546,0.03407978197698996,0.03357210191237722,0.01859515471430532,0.011521129955450467,0.017882026340186062,-0.8731611632995391,-0.7654326714170401,-0.7161150868903109,-0.9025541448168619,-0.9307182783799465,-1.3406583638468694,-1.101042382595776,-0.27034863698034667,-0.1256500196108878,-0.15072375781862302,-0.3661551162600519,-0.3608601082542329,-0.6288509510457982,-0.5004199314911417,0.7374963690859468,0.7337998605813361,0.7804056958234696,0.7525764616167826,0.7580189375069697,0.6251261210525947,0.7077132709290392,9.408483981186459,7.987573892639334,9.821076633090486,10.090844841981667,10.465037287790395,10.813228631749023,10.594380560261651,20.61923412507247,20.145690409610186,22.181467868520233,21.91636980389235,20.572450819317094,17.40919011501211,19.664585941549912,-10.212706606288446,-10.122877237298047,-10.504785108175286,-10.246041576476381,-10.316843484914513,-9.866116386609608,-10.134608086043203,11.151957758504276,10.492032370331776,11.466637224047425,11.860432052108758,11.511697645510532,11.033119001074951,11.453942986620259,1.9010933360957782,2.111339049291862,1.91682793198473,1.88747162886186,1.6617363984499771,1.5279102670125975,1.6316159718436933,1,11.081993861924163,1.9835661744260573
sub-045,CN,70,F,358,0.461825198680883,0.5467509680307586,0.4412202843271827,0.4177435613638002,0.41165727673983304,0.3589075350326088,0.3838700647969593,0.13414601545094426,0.12091142592562189,0.1586373191748711,0.1306034177467627,0.13343301809059568,0.15188481465256817,0.1399171665567229,0.21649429783853533,0.14507473460748813,0.20419473457011328,0.2622619079668156,0.26793827712950236,0.3162109248568227,0.29059104444952605,0.11741627759472557,0.10113848498519933,0.11602102318072836,0.130423025630312,0.1369743744473376,0.12113079199897234,0.13293971765507578,0.07011821043491187,0.08612438645093212,0.0799266387471045,0.058968087292309596,0.04999705359273137,0.0518659334590273,0.052682006541715745,-0.1894863586700941,-0.08140750433651793,-0.117334332843531,-0.2911321036756268,-0.29233064973341155,-0.3184324609714141,-0.3124700067530237,0.26537984385008007,0.43814552125246997,0.27588347999443336,0.1527984684886887,0.13383669186541539,0.067421997424966,0.09434830459110839,0.7946612009659751,0.7694578493935148,0.8184245729110432,0.7878910148195603,0.8172673750077338,0.8268589847821763,0.8227175285782443,4.567238763851897,2.5931678168014116,4.494398851486515,5.575105727033039,6.261742166207888,7.028257917180387,6.685904332451877,27.82286219079828,30.491103144850843,29.448270321871195,25.84777454845993,24.517079437987906,24.954756068897165,24.998744301901038,-10.491622240535165,-10.483627608815182,-10.603802562752216,-10.364832481411739,-10.603402278966653,-10.437242428829137,-10.502474021528242,11.645527218961801,12.100159363849405,12.012212905046136,11.07435050677407,11.123830961203382,11.42918399374177,11.366234589085167,2.3592196343940444,2.497878219572322,2.2969448299089734,2.3876695787894873,2.1958752250608655,2.1554435182065577,2.1640956130763436,1,11.764832835357756,0.8589688871544201
sub-046,CN,63,M,322,0.1613084751869204,0.2137473404538009,0.1332961222381813,0.16870967943897464,0.10146533847719741,0.09475327273642353,0.09441954266986992,0.16771814286925477,0.1679221563394801,0.20046902522690677,0.1433772956028424,0.1860631675128527,0.1390419297544163,0.1645147925795786,0.42770448767381647,0.3654048428484754,0.3528522213695986,0.4526165706596903,0.49827012593587366,0.602359020654003,0.5448582203474068,0.18689265648963144,0.18610975417070952,0.24203634435242427,0.18418089332356316,0.17630683782880616,0.12821953713504328,0.15810998213601204,0.05637623778037706,0.06681590618753432,0.07134628681288945,0.05111556097492971,0.0378945302452697,0.03562623972011373,0.03809746226713253,-0.40415594344466116,-0.3470617498323258,-0.23915068327887556,-0.4898414633358517,-0.43189999725912037,-0.6385063908324433,-0.5246994069896999,-0.2782716169769321,-0.16286013440514852,-0.25153109040329863,-0.3213361743427442,-0.37238337543101335,-0.49502584342587796,-0.4366484894102697,0.8409836250277021,0.8506693510567922,0.8864223338461755,0.8269054582995752,0.8259203776044566,0.7896767252892984,0.8114446239007572,9.077384999808407,8.73205371223968,9.523742378347444,9.075228269842002,9.283466058735636,9.311700310032341,9.32046901281024,25.291336032317854,26.924409477490816,26.641112528754075,24.897693646926705,22.965626364905177,21.82676350145948,22.731619116479298,-10.113012007925814,-10.144992707430296,-10.20395592242321,-10.101984029057792,-10.110428321529115,-9.89059517524513,-10.020810023681857,12.70350979160412,12.919707576824774,13.75006766182252,12.529976821427406,12.04018014328888,11.719041150830503,12.013284673777525,1.8388784468406958,1.9323289822221985,1.734367266438034,1.8639923641788279,1.7236436217015711,1.7911927466418482,1.7500325588057337,1,9.56756254986456,1.26438232858089
sub-047,CN,70,F,361,0.2616933620825886,0.3675680643231595,0.17870115461538086,0.16376144136356324,0.1883039717031202,0.3215681424486549,0.20919585932867338,0.10180832709382416,0.1012610092782057,0.12521427658933426,0.09971152913566544,0.11125745297354528,0.05863492230195936,0.08985785030973868,0.48725390016469533,0.3954582019625899,0.5068217912216638,0.5518181663851985,0.5667041851688873,0.5308830473393162,0.5737587612083342,0.11826520595047425,0.10010533429228495,0.15193059771470982,0.15122972101120857,0.11239137603791656,0.07420838385515147,0.10731115425528341,0.030979204708417744,0.035607390143760034,0.03733217985891132,0.03347914210436383,0.02134301411653046,0.014705504054918161,0.019876374897970246,-0.6788345598055544,-0.5836262283620093,-0.606675412870448,-0.7413758843215463,-0.70595392901615,-0.9545407374127435,-0.8175699420832666,-0.23602785017985858,-0.02610438666756423,-0.33827841418530835,-0.4333176895772073,-0.35876802105769184,-0.23869419135326664,-0.3774059757302236,0.7725563656036595,0.7652932317069648,0.813650266729319,0.8029387405149954,0.7661007128360713,0.6852552118823115,0.7459312451013603,7.705321030120516,6.077816973048302,9.231450399632356,9.538827568506413,8.790330032908043,5.817864594652412,8.202597033132975,21.126457575911616,21.394515113786078,22.76775507062537,22.003463061218465,20.35013474911623,17.13678322085974,19.460747715714664,-10.357822601190222,-10.300706014882497,-10.672686747006031,-10.345499197672073,-10.442046904907292,-9.983744786004259,-10.24269458540839,11.011278652440891,10.529415144284643,11.95337699337145,11.989482124618085,10.818907668498602,9.616802951150971,10.672862947511687,2.0003968403452275,2.3060439376735347,1.829697218578338,1.7833221525669236,1.771887950714217,1.9635941423496082,1.8011204350992709,1,10.71453058110425,1.5151099686341425
sub-048,CN,65,M,348,0.3293532429465682,0.4139320375822792,0.2167395493613712,0.26626345372963917,0.3160291475434174,0.34841372363795997,0.3010698539274242,0.07148011970171175,0.06857852791076899,0.08195016690905223,0.073975880408476,0.07423263019862099,0.05681033300010823,0.06694625512494533,0.391836224797469,0.3010890632343875,0.4554068733269159,0.4294023217385232,0.42045503374694865,0.4960349101677558,0.4813312934704602,0.13875833460379777,0.1139385722840722,0.18537411379858634,0.15860109539971712,0.1615222159680807,0.08187249029239126,0.12564423806558167,0.06857207795045339,0.1024617989884922,0.06052929660407436,0.07175724872364476,0.02776097254293211,0.016868542901785265,0.02500835941158883,-0.7212315399099507,-0.6222721062011843,-0.7423349113981815,-0.7464644855848069,-0.7533501701911681,-0.9372906638867471,-0.855219021294836,-0.12227923294116633,0.06679773286479054,-0.3324237740648643,-0.23633140141164077,-0.1750541246149553,-0.16156512712483628,-0.22260866029081475,0.7802708365419493,0.7779796614143841,0.8210320081613084,0.8034969041216949,0.777627608095759,0.6846608995691821,0.7394903354209811,7.716294953827867,5.820426439009469,9.503344059366158,9.386922473727953,9.03284057012523,6.355187633138589,8.326736703558698,26.761502462269448,32.18312044984752,26.386737547954976,27.157735566496626,20.39464862381538,17.105801426444636,19.348032438312885,-10.347015302415139,-10.24291853857366,-10.731169342211963,-10.304794362397805,-10.551634018945572,-9.912636721404098,-10.237746014453373,12.623730594640065,13.708486661543521,13.264863442628679,13.151079171581571,10.965024845107266,9.298746558911233,10.448676474809744,2.102404171716419,2.27167322392239,1.93553427148339,1.9890882097215798,1.9752732886756161,2.177595587895941,2.0444767684046212,1,9.617692959622907,1.5755464729045165
sub-049,CN,62,F,376,0.29866658870940693,0.422002397185855,0.2559009006481014,0.23361980883372663,0.23683013932983232,0.15398802495451935,0.18620028482533613,0.0650018894379348,0.06228478008522257,0.0844078850014172,0.0685933313851395,0.05407312650386462,0.05461303933389991,0.05509458996946419,0.45464885976821867,0.37675311472063566,0.4083953456211214,0.44503046229658294,0.558892095178694,0.6595361804829644,0.6086541158279463,0.12333954077663986,0.0834517388900579,0.1875090572028105,0.16011436956493305,0.11933324240262118,0.09915236272486261,0.11432364153984319,0.05834312130779955,0.05550796911822883,0.06378681152654957,0.09264202791961747,0.030871396584987543,0.03271039250375411,0.035727367837410214,-0.8255629987691243,-0.7585769599323372,-0.6847760290388036,-0.7778885078962349,-1.0149104872153547,-1.0825223383697917,-1.042910443596246,-0.21278476015821268,0.025697815791241634,-0.24363310746039324,-0.3154007313105587,-0.3695935605457794,-0.5607561121419897,-0.4842352770616332,0.774951243611147,0.7401589143144914,0.8367241418897748,0.8196599418538033,0.7610181722831554,0.7355472592381751,0.751428780371079,8.237669958796367,5.6681342194654505,9.604554850315253,9.704599413170197,9.885373640413093,9.775303278003484,9.797570873921767,25.05268380008063,24.67810656255716,27.081988283030984,29.75091135324113,20.45305388980852,20.82273716607439,21.449048757920757,-10.309559884171579,-10.283268288542317,-10.646415941675729,-10.238704046230046,-10.423817758063022,-9.866621247663668,-10.15086741240959,12.154929738595598,11.081539353389278,12.963454080785603,14.280716302077392,11.362535664649606,11.636027557488102,11.750151168341334,2.0723659201903697,2.3975716159863794,1.9199222059037824,1.8913162713200704,1.8549278497648645,1.8510679597130721,1.8632834480261489,1,9.957917521307502,1.6044508210006043
sub-050,CN,68,M,329,0.33206304633716155,0.4828254914618372,0.2225021772556973,0.17445448776910552,0.33480500740814895,0.2798399675526236,0.2743738555628846,0.17177837729673767,0.1511524710293281,0.1986386121683925,0.21596035558358495,0.10659368977571311,0.21309177163303109,0.19902013680634248,0.2772940423945532,0.20626314941266918,0.21157403355770013,0.2493879113319914,0.4499527990892014,0.4213063081695778,0.40982965238456986,0.09706825005570989,0.06842732920982804,0.1460620167235356,0.15469626808426784,0.0695868835197525,0.049786836761378045,0.06755940449797729,0.12179628391583784,0.09133155888633744,0.22122316029467445,0.2055009772310506,0.03906162020718371,0.035975115883389766,0.04921695074822586,-0.2232032363646849,-0.16683903900173847,-0.06766832715335887,-0.0971152837799745,-0.6263992012821874,-0.3011622487451534,-0.3600141165037047,0.13144799126257264,0.38094339288226425,0.048464697075360275,-0.03442083274787805,-0.07160684528754746,0.01900892972055209,-0.0033047349400917143,0.7507023265123469,0.6888089061731865,0.8372774565994462,0.8435559312859404,0.7128997339288222,0.7084632818968601,0.7210946076485213,7.940710482810108,4.580943634474209,10.358229868583054,12.284497659309647,7.720952938770581,7.715677336386557,7.755800142697782,28.381325953529227,26.853311063470503,34.254793092705256,36.50758401937222,21.2488941287134,19.36530896550852,23.619827595252893,-10.332940568121552,-10.21565718928187,-10.61701883587664,-10.283928391105952,-10.531733356567175,-10.117150163790582,-10.331239020427272,13.514522953721784,11.554095292530219,17.78351178098613,17.886867023017132,10.269826384125011,10.094893242800172,10.986803579385677,2.4221507778205567,2.90705492050929,1.913337444782399,1.8893769921977834,2.4567012199124165,2.5019281860749807,2.4190776883734904,1,7.9501765474508055,1.5946887208377465
sub-051,CN,75,F,313,0.40854707072924024,0.5120928978279949,0.45122571925718263,0.2858541843026691,0.3928270225130935,0.2510845482690477,0.3183974179453883,0.08256377119825274,0.08499391285986878,0.09342353192907886,0.08312434519553898,0.07881957930910377,0.06226377412550842,0.07421451748836812,0.28192593142594735,0.23078395216693257,0.21755364942440494,0.30946066961540347,0.37615307402419146,0.36107109155853395,0.3762369747998981,0.11610871563398974,0.09138818871394717,0.13327974348219565,0.14992640233234517,0.09820033233124435,0.13610121963923713,0.11501051112276792,0.11085451101256986,0.08074104843125655,0.1045173559071378,0.17163439855404317,0.053999991822367165,0.18947936640767207,0.1161405786435775,-0.5185813666123604,-0.41291967062663637,-0.3879874364584633,-0.5586524645990143,-0.678448113075619,-0.7643458821250445,-0.7087682551286277,0.09520958570930559,0.2897579792452522,0.190835160706302,-0.09501104002405533,-0.002476982727704498,-0.2021770500397652,-0.10509610885361578,0.7397302845347827,0.6872619206590121,0.6920519933848704,0.8440276059678251,0.6969443745268027,0.8504712169707331,0.7738709335006045,5.770573105455447,4.15701085334447,2.00571292071599,9.229776117175351,6.157158327213389,9.56704740887633,7.944372165744883,30.830762418246508,27.868299439980692,30.906615425986843,37.24195360796958,24.34901921980854,37.985835748777234,31.46482027884667,-10.372814721472892,-10.251071179176114,-10.570138875687206,-10.43520898872291,-10.493138111123537,-10.197657269214158,-10.36362170470636,12.854910492342368,11.024162194763546,11.904680116653102,16.453051275626557,10.412983385610332,17.15448419093181,13.66617234434213,2.4452655223186484,2.829511787328187,2.469266581339861,1.9658278946408048,2.540066253914254,1.8810761642157217,2.220074565409789,1,10.19835098921987,1.1141881489356997
sub-052,CN,73,F,349,0.34300793960516407,0.4501703931325721,0.3075538985434239,0.2620689929512568,0.31632912212811526,0.2230165333752336,0.26933511159807927,0.08546881432680249,0.07631337815000176,0.09735506131797407,0.09398633380333432,0.0857306839977235,0.08225562699940234,0.08879152878083053,0.3384002599709384,0.25044905770460446,0.302605547584104,0.3507552189905957,0.3968254264775215,0.5875738686841698,0.4670431850984381,0.14901596285997562,0.13073808379468535,0.19612312592201311,0.1711868037307336,0.15872920861820702,0.08341624461657239,0.13129501677170421,0.08410702323711967,0.0923290872181367,0.09636236663248497,0.12200265052407967,0.042385558778433245,0.023737726324621976,0.04353515775094807,-0.5770073239098072,-0.5118736635693026,-0.4895979299863756,-0.5538409493793981,-0.6629044735823161,-0.8535762505387763,-0.7147493221294666,-0.05360669188073584,0.14587703957963719,-0.0912202580514837,-0.16350084959948047,-0.1420646937233374,-0.34290408453452814,-0.22573329401299724,0.8239852796138203,0.8056801108668807,0.8733716330150129,0.8719391931487572,0.8160507073955129,0.7299678713839063,0.7940731652367081,8.1182959260407,5.984165074402324,9.026322622559446,9.706492967749426,9.140763905698458,9.515617809092824,9.305328051276797,28.788039257073848,30.883505071450752,29.578813129567465,33.04995306914236,23.69384870293292,19.38520630508864,23.559808690274274,-10.25625834932675,-10.189927336113218,-10.422606184869169,-10.263692876835828,-10.393880885142421,-10.017592283518805,-10.236106320210103,13.283230351551097,13.12854714605781,14.161783406824059,15.434654703446256,11.692218617530465,10.590460885108778,11.72538927040068,2.005185762736323,2.2121373275530334,1.8576186642459422,1.9060381923620886,1.9093724033124329,1.8442211134977098,1.9231402865199474,1,9.908024660827062,1.4468388478064291
sub-053,CN,70,M,313,0.26131210248432374,0.28828383654619544,0.33015964028520006,0.23020446661183602,0.25991664081923743,0.12794819080906344,0.18653451575515664,0.18078940591120737,0.16897467487132195,0.19350403310589334,0.20541549424496058,0.16401509386189597,0.17897831516523793,0.18625695799407987,0.37197104629090844,0.3092797515203253,0.3215832153507407,0.3544834248517487,0.4699902242294057,0.5549188003687746,0.48562125354956615,0.10478282476017221,0.12251722459093649,0.10669962533523421,0.1126761518049591,0.07185083426387527,0.07344855614477601,0.08198142677271335,0.08114462055338856,0.11094451247122107,0.0480534859229327,0.09722046248649599,0.03422720682558569,0.06470613751214807,0.05960584592848422,-0.30392770250142576,-0.268019793667985,-0.22614800815149794,-0.2250351858283775,-0.4460265961275684,-0.49091161785024273,-0.4128132954573852,-0.032880628380509404,0.025606452222978797,0.09063885161925646,-0.03183253760304433,-0.10884285575912937,-0.31101747097936705,-0.18623239239040226,0.7643530808602638,0.7961155281352766,0.7273127074882343,0.7745565041185507,0.7285633964586,0.7420227555416854,0.74316504779687,7.495664226092566,7.413840038136883,6.131987617885483,7.824246980783963,8.021471450105414,8.381687450846005,8.158139657341133,28.100873791077053,31.501838145650172,23.692662292667276,31.50949920285826,20.141870264410066,27.931070264123854,25.888833577526984,-10.092829955160441,-10.000337694863855,-10.436120985586461,-9.968989505028443,-10.303421723193543,-9.83340956877382,-10.074628923513519,12.782384574592879,14.118891201030513,10.821309180745809,13.731608676787145,10.410543141821506,12.705538417600277,12.10162819867732,2.2276503456123393,2.153328695608763,2.4052330898618077,2.1897373817632984,2.30569542211541,2.180160317194126,2.2119264677541666,1,8.134340525766483,1.655898354837797
sub-054,CN,78,M,378,0.22662583727591892,0.3358760177212197,0.1351683388473869,0.14296187099724772,0.1250592310239124,0.3011142952955161,0.1645908599993071,0.1412490255112543,0.12371697841886158,0.22342096783945573,0.14858823539338134,0.1259540632201888,0.08761730051467076,0.11315922884424011,0.45359287249114616,0.36521299824116654,0.3852302122644717,0.5343085180910835,0.6026225278181429,0.48049064851571677,0.5901748616414163,0.137573612784515,0.12674898718669841,0.2096863904457481,0.12566348785220266,0.12866458910228518,0.10447442127299282,0.11149414033746433,0.040958651937165746,0.04844501843205405,0.04649409060293775,0.04847788766608469,0.017699588835470226,0.026303334401104064,0.020580909177572052,-0.5147067598490551,-0.48483203971715566,-0.24387752010396402,-0.5503840926937983,-0.693735469721071,-0.6856144094308301,-0.7111776688482635,-0.22228352165423218,-0.031039482551042274,-0.220895453563038,-0.36769824597081996,-0.4729354949010931,-0.22691235214872119,-0.43130619137774495,0.776486297477699,0.7709569707873033,0.8493680348026599,0.7808452503734802,0.7464258844023327,0.7228890487281301,0.7306553924141461,8.41336513277019,7.306530761685634,9.505380094096017,9.504588151699735,9.78846543444901,6.404166499200089,8.773570443158459,23.141031630896062,24.28532247627961,24.168791153374638,25.175186015753535,18.947364643783967,19.81656609928898,19.239266292064105,-10.149482821496917,-10.072988720067627,-10.39105133518465,-10.100368871317722,-10.081981339824267,-10.254339528835196,-10.080178856421588,11.66803051297044,11.417571373926714,12.602438907547997,12.44437447455731,11.033802721478972,10.54167867182062,10.889582904980552,1.9556003342568835,2.20259329886793,1.7679387541209313,1.8693731658693782,1.6271496364516225,2.037747711805052,1.7659482241642306,1,10.081962453050462,1.8307947676594054
sub-055,CN,67,M,387,0.25644277971849805,0.385398727386289,0.1770940222997849,0.2123629878940867,0.20996146338726074,0.08200165715497816,0.15754234763631153,0.054992295238494006,0.06258988001854884,0.06694506189282079,0.056865063957706574,0.04359272595929875,0.02382541500717967,0.03784210610758736,0.3488438240980745,0.2645018905007788,0.25848966028830117,0.37207172047179476,0.3457161899027476,0.737807495948819,0.48815464883745313,0.24874691832950813,0.1798476097797987,0.3869073307580219,0.2716933539769317,0.32568931906095466,0.12134740721870341,0.2547749245382703,0.09097418261542545,0.10766189231458498,0.11056392476107113,0.08700687369948042,0.07504030168973812,0.03501802467031978,0.0616859728803776,-0.7946994224452342,-0.6278086706801466,-0.587795975596976,-0.8180140226467817,-0.8956374491319034,-1.4911359834623301,-1.1009304316624038,-0.31281917547394444,0.002553277078772519,-0.43100374482750875,-0.39101040436237616,-0.4284590113272931,-0.9095036938212209,-0.6065472924857256,0.8125574469839641,0.7941545899232246,0.890859547685063,0.8394203530362786,0.8318135366151669,0.6769043490934711,0.7856721669661451,9.951234754820671,7.305170340925383,12.452609916245812,10.96483599134203,11.56777266115028,11.008388128779323,11.275849759281295,27.96451615510048,29.60027543650022,28.50592870013695,28.893803620720206,26.487530062870572,21.784144059752087,25.196325381284773,-10.278821090308556,-10.233653132292648,-10.460948705146139,-10.26446441737799,-10.41863529093309,-9.982709566032181,-10.228795134690303,14.228501200358952,13.670608582379925,15.904724334910734,14.606521225838229,14.395473805295557,12.660291703094401,13.864407054730748,1.7401274650456873,1.956421540765138,1.5177515176035605,1.7190656255680277,1.615970915924108,1.5450206238284891,1.5955889731287793,1,10.995192942863682,1.6009754748848515
sub-056,CN,64,F,416,0.15051431676131424,0.20850277299408243,0.12225294701673868,0.1434005170706546,0.08005361157558137,0.10986543172340782,0.09707820473871535,0.08579056388587708,0.08170745238462199,0.0963296101066835,0.10820127437492637,0.06135613741187424,0.07610310354196587,0.07458347149494679,0.6531888381693317,0.5902509487940356,0.6308837467727749,0.6375477600215936,0.7816719273135946,0.7454866106567861,0.7557252915897813,0.08686360230330556,0.08604696710698703,0.12898304251164588,0.08792284627000996,0.06605568218683218,0.05563605741921122,0.06093335662196692,0.023642678880171436,0.033491858720273084,0.021550653592157343,0.022927602262815445,0.010862641512117742,0.012908796658629351,0.011679675554589842,-0.8883815787879323,-0.8620514262810023,-0.8195973378828376,-0.7705974205019664,-1.107181223861834,-0.9910823228809102,-1.0129574902943388,-0.5114778600464726,-0.37410697730414044,-0.541408190805823,-0.4674748810015659,-0.778570324018046,-0.6347477156380619,-0.6835044880472548,0.7139884537220573,0.7243034512890321,0.7604233429682995,0.7204081221305789,0.6716980091655258,0.6588299583860366,0.6625052648645525,8.872853648197575,8.707391098823413,9.144724641629416,8.744823475428808,9.215498788983727,8.786258715217691,8.936169357086827,19.223927601240746,21.30952315269253,20.42771034630969,18.64559630224261,16.4638899437564,15.41538813777884,15.939328382734905,-10.26851989854778,-10.237111584339889,-10.50813828277376,-10.247490498060827,-10.24155016302806,-10.101534826189909,-10.143628169626469,10.658634331529768,10.839270878413345,11.171726590053366,10.595550171511476,10.295633247818055,9.927437975256002,10.037996501062029,1.8191835055228973,2.009069313033341,1.6794431912885948,1.840675868146684,1.541934120825226,1.7370830023867319,1.6457741469820368,1,8.822009455098994,1.932634151238993
sub-057,CN,64,M,371,0.35884057748644266,0.5146404665201876,0.3032321476034218,0.2975275456314849,0.25708297298213684,0.17221608115924025,0.23676163206902495,0.11812600591925305,0.11420593478508648,0.12825713841893716,0.13538284473255174,0.10400800810475586,0.1033128752344584,0.11198230745197398,0.33391169717440833,0.2452846755535308,0.2849951322300925,0.3113122008736962,0.43055557072646117,0.6177143025372984,0.4596622196633491,0.13379316703751468,0.08381694433463263,0.1921950434150721,0.17320483389124497,0.17073458095586672,0.08687167734627693,0.15227770882605565,0.05532855238238139,0.04205197880656254,0.09132053833247629,0.08257257487102238,0.037618867230779424,0.019885063722725953,0.039316131989596395,-0.4297296000324046,-0.3261410576751829,-0.3486727263369919,-0.3586834994183342,-0.6162092609214663,-0.7762475187203483,-0.604361734766261,0.013687140968113149,0.2965348255610772,-0.047151146533628424,-0.04759559354420776,-0.22185170539773255,-0.40914858528123854,-0.2469870327579577,0.7980991694566351,0.741667278000806,0.8744327652227839,0.8640386699179566,0.8125915900968503,0.7274927640198481,0.8007329757641459,7.525966997703359,3.91578034384305,9.188315322332665,8.85642185433935,10.468015531442703,10.594115285389494,10.208913798664042,24.826633156286714,21.979063716534053,30.70484524844107,30.30465111446776,22.429706775154273,18.615161712526096,22.725487814906113,-10.338263910600112,-10.198614449187728,-10.66966263598423,-10.406898879062283,-10.485463333304509,-9.971869866486331,-10.327767240159215,12.028495653820835,10.210573115038601,14.210318098708987,13.836940367135899,12.267100609032306,11.1436940127791,12.200222262913782,2.2083284791879496,2.701248752600919,1.9576357966176754,2.041593249871941,1.8621443552611396,1.7118931906201995,1.8598536640938643,1,11.130016822039282,1.5113112877853307
sub-058,CN,62,M,351,0.22361288852650857,0.32990992068911823,0.1478042543873587,0.16178914167791844,0.19973969996254978,0.12474350370921736,0.14750455532642612,0.06882971948239047,0.058812244572657324,0.08114901664777328,0.07659714022069276,0.07398303517416106,0.06214712090412187,0.06936064603652026,0.39025141345986586,0.28734548485936584,0.38136026754083074,0.4601170819560359,0.45807546172409275,0.5222914730514883,0.5240557759635189,0.1846306359301587,0.16990000454683538,0.25978373570408964,0.16225046187437114,0.19009951770437414,0.1600152215611459,0.1632209948468842,0.13267534260107644,0.15403234533202295,0.12990272571994768,0.13924617427098188,0.07810228543482248,0.13080268077402674,0.09585802782665058,-0.7407650530999091,-0.6790115370678124,-0.6714089959502744,-0.766971533357842,-0.7928636578892743,-0.9303755772367868,-0.8830064084345555,-0.31557728844040683,-0.09123037934957705,-0.4471581698813191,-0.44029256639554937,-0.37439654524329824,-0.5657607069823203,-0.5146912590246011,0.8229008228372285,0.8002423624952387,0.8745092986526322,0.813614896737442,0.8322296970522366,0.8293712611881473,0.804898734783427,8.496212779859686,6.856281272943663,9.513579706400874,9.611583162071168,9.287365179621602,9.292453300188146,9.207128687665849,31.202265172994156,31.465555610355274,31.47177189492072,32.011876573290685,27.101256246047598,34.408779149167174,29.773292390983663,-10.269471717684247,-10.148398626248653,-10.511135896030922,-10.19511980907455,-10.468948607764755,-10.180219752287453,-10.264610391317605,15.21301116845441,15.060915066251203,16.053986371436405,15.725024744797535,13.58230733873107,15.905913313591409,14.342218695674093,1.840441763691621,1.9225103073856573,1.676197976361544,1.8400758095823673,1.8205592440758096,1.8301232293998337,1.8535410565466515,1,9.169561797202597,1.521679460196129
sub-059,CN,77,M,371,0.36028524977398346,0.3954650546109673,0.2806548113810014,0.3274139604898865,0.33493470528440533,0.4603699857365747,0.3744059133126271,0.0862031389921952,0.0817041904928928,0.09826333175554385,0.08747394678523819,0.08234413279475945,0.08710606330479831,0.08538074126007825,0.21290391059396732,0.1506170831515566,0.2116504579114259,0.23474423591455615,0.34248139667270056,0.1947411059069393,0.2810381556599216,0.21418811187214085,0.20607328473153425,0.3076122999120926,0.21446210537860944,0.18317120397588926,0.14843109963577666,0.1750528815086924,0.1264195887677131,0.16614038701304887,0.10181909903993645,0.13590575143170996,0.0570685612722451,0.10935174541591094,0.08412230825868074,-0.3660916845963595,-0.24687834600589792,-0.3306132875777222,-0.42180638704989715,-0.6193007023831135,-0.3453130336037242,-0.5051477670124707,0.023095797798593592,0.1251447507386344,-0.13693011331883384,-0.03712872573226605,-0.10020561266738642,0.21136449194528123,0.008101233448206272,0.8585539659360552,0.8617922070609021,0.8964943169074785,0.8791236447511097,0.8207409219301853,0.8058898039206503,0.8249576667303365,8.493003887506077,8.222634556440806,10.044562738951083,9.230461115882802,9.07548908339227,4.763316018484276,7.664098871439807,32.21876535686388,34.911903716774674,29.271527451190323,34.15513590281927,25.622278997758116,33.23562640243425,29.223026743122194,-10.738080888685559,-10.6005352691943,-10.99349996015377,-10.744832672016905,-10.852208967396578,-10.651666264973432,-10.745365459898894,15.175413256537936,16.38573973099278,15.028996458916053,15.843001425915318,12.427431510177897,13.945692073164132,13.338968147510725,1.9428910240342712,1.948593059127484,1.7356870736091092,1.920793515868736,2.0012357507633287,2.1904177530832523,2.0676920525685722,1,9.863228399581358,0.8707990344612853
sub-060,CN,71,F,313,0.4863151008019803,0.63526303618986,0.33107905552739725,0.39536733701440563,0.38816779305423393,0.5269678840530452,0.41615819503043816,0.06261893594397083,0.056259076057567296,0.08078158712479185,0.059569839853818966,0.06766269992171528,0.056167014988838665,0.0620219206247123,0.10866610618617267,0.07240818392217345,0.11612635434740881,0.14765871270123232,0.11833666034863366,0.13188741759450495,0.140714481469934,0.25524420346996257,0.17163601966041148,0.3641584226116505,0.27130960660457704,0.34947028195213453,0.21103159409837263,0.29500104289512313,0.08715565359791373,0.06443368416998767,0.10785458038875162,0.12609450382596618,0.07636256472328333,0.0739460892652389,0.08610435997979278,-0.21213409962303928,-0.07837806912671144,-0.16206357351016384,-0.3811970035527831,-0.24311898641368135,-0.3707828574840488,-0.3495931046591501,0.2078817721777415,0.5101715889836297,-0.06645845731355192,0.037372322393310856,-0.011115814540670935,0.230893037240553,0.04059369978582322,0.7965871458549644,0.7086597267892427,0.8857159198179042,0.8617133552212539,0.853623428820435,0.7548331084597958,0.8309474379077185,6.326246702003791,3.1504811235412076,11.3424345927293,8.27543100302075,9.011759824616048,1.990506104582262,7.382958269458724,28.00168867554572,25.20079270470914,28.081637782567057,33.78518794454435,27.060159855529992,27.53019560496808,28.929647040354126,-10.553141078741007,-10.38282139423875,-10.796739399714808,-10.601390485651779,-10.755484297310963,-10.383848851361737,-10.592833081481768,13.350443473120551,11.260749237382283,15.375708294247621,15.54542846900647,13.975316565356058,12.299196436388804,13.910298423974606,2.1792920537074765,2.7149990959378547,1.6508538779507012,1.8970690331072035,1.782000018857775,2.2573587630114105,1.9366777591368833,1,11.465321485749193,0.39898094319384647
sub-061,CN,63,F,337,0.5498961420750137,0.6305269581838814,0.46235506119420916,0.5192329435957658,0.612452506623577,0.36649175715083426,0.49817537723430017,0.05262133119853382,0.05007530599776823,0.06767879784258468,0.058281021870764706,0.04805677924889109,0.03447366601513935,0.044238992633963324,0.27427121869102955,0.21393651592344157,0.22041377720155395,0.28594724198381455,0.27259172281782,0.5453960378360453,0.3885830135362572,0.049180688841061956,0.040282468954807193,0.08560904321565733,0.059061614631418326,0.033106551166630034,0.030031281811995693,0.03564986857890797,0.07403061919436112,0.06517875094010192,0.1639433205459951,0.0774771779182366,0.03379244014308191,0.023607257185985026,0.03335274801657118,-0.6530419828127833,-0.5183790495377142,-0.5058154697225891,-0.6511702065489704,-0.7536573498154647,-1.198022520934419,-0.9269116767914136,0.3183323934022848,0.527245317424107,0.23278635319534377,0.2431965489930909,0.3347896014321998,-0.15895790359016604,0.1133532598978666,0.6883654295849252,0.6504194820593977,0.7935621221909545,0.7227969456100233,0.6545757274767555,0.6452027281272854,0.664464684312838,3.76286156433177,2.6230417182173893,5.288340798251656,3.667614765622132,1.5801504664598018,8.9285724190795,4.764680950865829,24.60454545229382,24.529840470748418,33.494923741634956,28.87871179534173,17.395774316415512,13.795269471412652,17.542586283080144,-10.465284462661907,-10.271130697526749,-10.903789489065593,-10.496990193727884,-10.661057814936328,-10.129993610485855,-10.425308786266006,11.21325705457556,10.229228557983303,15.763324240440577,12.059519651261573,8.973300680052526,9.499665382263473,9.48843499433011,2.9975332879771432,3.6490160313596847,2.2696862472626296,2.5718290155427606,3.170540882366168,2.401011400495245,2.806751600790156,1,9.940225913834297,1.6952952919325526
sub-062,CN,67,M,405,0.2895758293675419,0.3087468078748764,0.3050396156295498,0.28462167437187635,0.29054862923799346,0.20773083538451337,0.2505071626120392,0.06758761699048181,0.06398585579192843,0.07584592801765634,0.08734997007619692,0.054419053429455265,0.04803445381476647,0.05197167594927671,0.5328450080580854,0.5058064377514574,0.46801412987381497,0.5240942712120811,0.5638478124844487,0.6957235884601526,0.6256197666141788,0.08061373239883807,0.07660712272280423,0.11406007603626511,0.0814470953359018,0.08072147977818232,0.0426390038656721,0.06346278181184424,0.02937781318505318,0.044853775858933964,0.03704025044271422,0.02248698900394429,0.010463025069920777,0.0058721184748952455,0.008438613012661135,-0.9152459261884558,-0.9175538539684952,-0.7929316592814528,-0.8056688377177834,-1.0153202160532966,-1.1596823214629066,-1.080496385514803,-0.24614299494231956,-0.1988240661410377,-0.18601336519213188,-0.24055952219855536,-0.27469759150300005,-0.4702887410185952,-0.37730741696522024,0.6440456037922196,0.6495101669147735,0.6931433241488749,0.6551474611792365,0.6101998525316225,0.5798379644451617,0.5932232761101492,8.080731090553678,7.668931305085496,8.369600698806268,7.8666055781489295,8.605806048291592,8.729364515516071,8.622607185278138,19.19996009393797,22.007849186625442,21.34980882148616,17.70944908548768,17.14859438702091,12.20564575548573,15.12809284146674,-10.153962067804699,-10.084541863485015,-10.469116368722114,-10.179199640072767,-10.183028907693721,-9.830125927177793,-10.01270963311883,9.873768976792507,10.598777206181193,10.54942499798788,9.541563911646447,8.753452310795558,8.667641271426607,8.727682033480544,2.1642044279123054,2.3645183610134954,2.238707549461856,2.154569178186847,1.9619238451711185,1.6740423532965105,1.8522284852829467,1,9.002954500958129,2.1547199564718813
sub-063,CN,66,M,385,0.3890238013001423,0.4818256952329531,0.35798792180867617,0.29897924491573596,0.39841162311123535,0.2767783718246771,0.32039797946325993,0.08719668060377822,0.08880423338614683,0.10246943073876241,0.07563646387273544,0.09242006418449222,0.07394647875402638,0.08187841873381592,0.24709037668869455,0.1862151145434011,0.19644649150857116,0.28437131334699783,0.2351573455876741,0.4794572953023306,0.3524355438415858,0.16636958233276095,0.1313626671177245,0.19613172979006413,0.19467192106126083,0.2065178984088569,0.12742341282828987,0.18183502504392582,0.11031955907462392,0.11179228971977416,0.146964426153926,0.1463410568032703,0.0674930687077414,0.042394441290676085,0.0634530329174127,-0.4222995554359805,-0.31198317736561815,-0.2911713750901113,-0.5341958711515801,-0.402369891520582,-0.8112010136429513,-0.6143150885867682,0.06703281062928962,0.261681739367371,0.05697054651224628,-0.09858968334749142,0.04721231609746781,-0.23816931402713543,-0.1256190618458697,0.8395925265834382,0.8085234249907033,0.881640150039266,0.8772741380251258,0.8471477811144413,0.7985668422943892,0.8346123465741854,7.2839848266412295,4.752898645678704,8.264837841909385,9.73209738200736,7.3168498961956105,9.725984222043996,8.71491239607283,31.202820949263444,32.70872068518632,33.01012110028869,34.441657794673844,26.960670707724365,23.10677331848332,26.64696798766082,-10.645026083704318,-10.62417504140065,-10.807124610523454,-10.596489642939087,-10.774620150328886,-10.377538723132076,-10.610919742839645,14.21241854983448,13.765955969115007,15.570342814344173,16.25153456979941,12.78696945757355,11.798092784049631,12.870717889778026,2.0475909310932536,2.252853258771523,1.9069606491554796,1.8633560425638982,2.0024903773188854,1.9762388148462333,1.968630855484805,1,10.140708648290298,1.091101013180804
sub-064,CN,66,M,302,0.19411766408357095,0.29982900278204944,0.12720869335790005,0.1485297540376623,0.13587275496294363,0.10303461850016069,0.10946438579149555,0.06721388041547838,0.05892088998583733,0.0833606057158623,0.0719434954113341,0.0710424807546682,0.05681712846815001,0.0637067133107521,0.5962460715690855,0.5053838811067671,0.5800549564205132,0.6442166605952041,0.6478931656330735,0.7651385917618393,0.7183763904916535,0.11577057630695559,0.10186260593052109,0.17845122439269404,0.1092064264610675,0.12752391516294204,0.06592579190366513,0.09536892984530078,0.026651807624909513,0.03400362019482507,0.03092452011303058,0.02610366349473153,0.017667683486372637,0.00908386936618475,0.013083580560797869,-0.9463440290642652,-0.9283274049385265,-0.8474253548961115,-0.9487404722537145,-0.9622789629884215,-1.1290849374914487,-1.054166051031505,-0.46730535431091613,-0.2490841318778388,-0.5573580726960438,-0.5683533560049441,-0.57937509106204,-0.7257999467342544,-0.6845200295755907,0.7294406012078177,0.7245598485131469,0.7906342929013302,0.7232714797886872,0.7463700813426981,0.6416767207348363,0.6866690234658916,8.674429915550862,7.694171557758188,9.30139269655828,9.155753979762157,9.294028514410412,9.272843969602178,9.241557660400332,20.320554441121185,21.171980438172106,22.416475982960048,20.159264556701835,19.18364506203991,16.224624976145286,17.74924692771386,-9.851119985557341,-9.86994382652614,-10.024063539301144,-9.826132269660565,-9.853760611995588,-9.571835703687032,-9.688754600304076,10.971367171514848,10.657760109131527,12.08327582223032,11.213345569947819,10.896268641742466,10.029819911575895,10.472611436312956,1.865754484080365,2.207170713469626,1.6847610795544121,1.7669600019251466,1.617165906489592,1.5127596187034764,1.5583987288075796,1,9.596989231886354,1.872293128768904
sub-065,CN,71,F,348,0.4772905401342558,0.5555346227545248,0.41789132077448476,0.3830338060224019,0.5088666644093026,0.43368436181410863,0.43093526726087916,0.05769372391949973,0.05617802102588661,0.07314386849666665,0.05762554801569676,0.055341476019111685,0.04348819083958316,0.04949335178764165,0.1978524204095625,0.11511717508208508,0.16032935787867553,0.2973529350997645,0.18096849859147782,0.37003522619878676,0.3092326704423414,0.15913048153353665,0.12171458291399159,0.2170562448713543,0.16936656293113145,0.19999323334075958,0.12143119118919382,0.1649097487892281,0.10803283400314527,0.1514555982235118,0.13157920797881884,0.09262114793100545,0.05483012763934789,0.03136102995832753,0.04542896171990958,-0.4710587049096396,-0.27017011578354916,-0.34127368278341047,-0.6637980223463463,-0.5115011367688665,-0.9227040173780456,-0.7615344630397638,0.2009025137333651,0.4356967793940148,0.11317888212291695,-0.015822307214724662,0.1724700033375631,-0.013193561173354185,0.0067970271771597346,0.7894003572664263,0.7709945974223578,0.8530276767824464,0.8106599047859298,0.7789487429456203,0.7315378638888392,0.767967228292125,5.460641478014859,4.098607765975865,7.506925855371499,7.6586950210822735,3.309546263628414,5.988868639561213,5.977269346980921,30.46619289324459,35.22602530226809,33.09404330323753,29.37972818600012,25.192922492826426,19.947838861789155,23.217143147340323,-10.529243194111007,-10.360359987291089,-10.80592560910753,-10.488957414412347,-10.804672740224747,-10.37273803571265,-10.57457482742895,13.849192972053764,15.24672865265087,15.207154193253439,13.757131192474812,11.636381999117651,10.424216276726472,11.39991630068487,2.1429840372442084,2.252442799380865,1.942381463967661,2.028077547513655,2.1973031149372724,2.2091165926022436,2.1426908233897115,1,10.473774462038442,1.1919131918871972
sub-066,FTD,73,M,208,0.6224612196635929,0.6933497903948485,0.5112859896143783,0.5707578460813227,0.6349940001886267,0.6257216435550106,0.6148112988822296,0.21057264154092445,0.17443775673744474,0.25302317214849496,0.23256742626409047,0.2136261649042137,0.22479908795048187,0.2297832329494762,0.11249361677109407,0.09520497322798227,0.14104437775816359,0.11015288174007107,0.11896963935184392,0.1251451638823022,0.12356648325920257,0.03453052870851263,0.025357064582912918,0.05741085264711974,0.0472740347925506,0.025946182594416528,0.019706674243269145,0.02483568362468,0.019941993315876066,0.011650415056811787,0.037235607831843716,0.039247811121965154,0.006464012960899247,0.004627430368936617,0.007003301284411646,0.27677657292330293,0.27849327975408844,0.24970868046899872,0.3252972129863392,0.2507461096732249,0.25337435244605416,0.2651804430558195,0.7697789732142456,0.8832523457532643,0.586983891677553,0.7100670969138354,0.7679333276524744,0.769007012576197,0.7557275749581619,0.6808284609065652,0.6534243162692651,0.7476576213966429,0.7083135749798906,0.6589759654135127,0.6543077414949273,0.6646421342154681,2.0691858788045017,1.7310856603187241,3.3150779493063163,2.241580915480414,1.6466504401833013,1.6727116223319742,1.8065809119099294,13.872281699131415,10.688275702621167,21.438644002022134,18.259362842035042,10.605783999613601,9.792343496050652,10.524755660367774,-9.994739608458028,-9.912486302751875,-10.216512923586016,-10.012434914058623,-10.02021533972417,-9.87636199763719,-9.973650006012422,7.176954675520466,6.198555571826695,9.412988081829717,8.856521141910928,5.97317964577918,5.693831040815798,6.08373770343911,3.364505622101311,3.944549082518587,2.8154730309411438,3.038696268728737,3.2230585115234525,3.0216917699930335,3.1437909643460435,1,7.878188455079649,1.07788022641844
sub-067,FTD,66,M,185,0.18656837487815564,0.18340678702470212,0.14569364878246358,0.13487918704070043,0.20680579355190454,0.331968269173068,0.2196924107474477,0.04128190277034954,0.04769899613100555,0.046042704570803596,0.03086973704211282,0.03892035684991955,0.03604752364449081,0.036275237447515755,0.2386098175462964,0.17697640373791645,0.24128808906684382,0.1853109030618339,0.3736465924347123,0.3543520252311069,0.33965946318184653,0.294823532138702,0.28377027738824945,0.39444125496459415,0.30079318116595694,0.27981730860061016,0.1946533767790758,0.2582037270952536,0.2387163726664964,0.30814753571812653,0.1725343026152951,0.3481469916893961,0.10080994856285351,0.08297880517225828,0.14616916152793638,-0.7428013054382717,-0.5767164736804098,-0.7271642143439792,-0.7488777602613075,-0.9744005087600294,-0.9880021386035192,-0.9642491408119207,-0.41511702799020167,-0.3608186984303422,-0.5363414325249108,-0.5204745085200475,-0.43745080428284194,-0.17910894914899378,-0.39534595260497063,0.9087429951482727,0.9385610516796125,0.9295540808735071,0.9480585509975219,0.8482715509673536,0.7852392232736138,0.8564777758373727,14.995441947184819,16.555268151712323,14.20325705381652,17.47906478224831,11.772343410756983,10.591729705905788,12.278758323262892,37.62829982246362,39.78738678171021,37.02408344543671,41.62699420092972,32.587588993650634,30.541497516928136,34.411891234196375,-10.126737560326047,-9.941821850630209,-10.4660258749483,-9.93571873379755,-10.38539771734577,-10.259057489855522,-10.289466268916087,19.93883464787273,21.900970207877496,18.94839269677942,23.63867183050882,15.673480169410595,13.55538046691709,16.85014463432114,1.6037113987130305,1.5271791559431758,1.5496537861207447,1.4394371969022322,1.7511733035967838,2.0600162135919184,1.7697384042933113,1,11.73204594806755,1.0985026124037187
sub-068,FTD,78,M,266,0.41601348186913367,0.5041230921168836,0.34862816595979657,0.3247536583043544,0.35829391228989244,0.4778068213644354,0.3717594604082066,0.08357282628250629,0.08395135857823348,0.10236731694391743,0.07996364227200314,0.07049599902659454,0.08088983616021822,0.07529532464262553,0.3299800698109263,0.23239177507793657,0.3397635108736748,0.40569922383632295,0.43539159266596367,0.347308347448918,0.4400216217026247,0.09430937890953757,0.08793209885371671,0.13224262987091598,0.09596880770683955,0.08943025498689804,0.0637298109521983,0.07500746230890194,0.07612424312789622,0.09160167537322986,0.07699837635169515,0.09361466788047991,0.046388241030651124,0.030265184074230136,0.03791613093764118,-0.5683633804721414,-0.41017845168805056,-0.5233861783484923,-0.6801029225000166,-0.791345738376137,-0.6315238134901879,-0.7619073547381637,0.08742298855255347,0.2957118932706311,-0.01944644226001514,-0.08851047749040022,-0.08836479177398654,0.1342645708338522,-0.06283188071737243,0.7567215393121156,0.7372726270018652,0.8137915054648914,0.7658256652025262,0.7659573153820313,0.7071258672831335,0.7301815786650632,6.4983167462505955,4.7870358446391785,8.345776000496752,7.672930395184501,8.540095843897312,4.304715076183433,7.291012470956588,27.15492220700761,30.076157827657376,28.263064226094098,28.22209382144419,23.38817040025172,18.784168987364364,21.041572981223727,-10.576336639062584,-10.492050851744944,-10.82405767759864,-10.519595092250722,-10.694053838192318,-10.436662631799365,-10.526766720854981,11.98147204875331,12.44032615212195,12.66996348738241,12.960918401857523,10.909646158036168,8.991591658886719,10.109603192161922,2.3543464164793892,2.575354440420373,2.1554559399738875,2.138889617869152,2.1602319172504303,2.6012393935081137,2.3064414553020534,1,8.729423524252677,1.5098295931410082
sub-069,FTD,70,M,276,0.34532833567231913,0.42663583261385557,0.1881480109320821,0.3059558015700228,0.30257975571126655,0.43939052163346887,0.36211952130845665,0.3964475425747717,0.3288880271142981,0.4983486418133325,0.4445758376611393,0.4202022198389131,0.34816559175964173,0.4082786984618797,0.17419236455309037,0.1453782488907661,0.19847833341621537,0.16005907829958996,0.2331131661868716,0.17849818613286672,0.19199770526433071,0.056632336894799615,0.061862762209961154,0.092898907473957,0.04958411977020421,0.03673060479142992,0.02787502482724359,0.030966258167839756,0.027399420305019177,0.03723512917111927,0.022126106364413287,0.039825162699043806,0.007374253471518831,0.006070675646778969,0.006637816797493084,0.35914310996019433,0.34985221004670713,0.40100349181156997,0.44638980260315037,0.26775583316695006,0.2914582167842903,0.34001781044963153,0.5159473398386879,0.5674941215699107,0.3721656401544287,0.5605477466480946,0.4355060318308401,0.5826673016987536,0.5499367857183065,0.7439272378403624,0.75341181276712,0.7637340839975878,0.7468829771307364,0.7215820406864304,0.7086272735110234,0.7114032119299097,5.820040727583976,4.809392249273244,6.969973819591911,6.566168426565488,6.44234140560183,5.206704348669832,6.002163278128266,18.139855818418063,20.99488061939277,19.64646390480701,20.55828017958052,11.770040753215255,10.605230760902481,10.93396875454762,-9.814169508798827,-9.836891759202688,-9.933601444554343,-9.753899653032878,-9.766591338804044,-9.747400695276113,-9.73594723219503,8.956985273058748,9.495338674595631,9.730702333798353,9.657104614076498,7.5043919576648745,6.690824067625582,7.085895841033113,2.4787646492703472,2.7658138278221474,2.1657997817063444,2.4211856105061025,2.206166167546226,2.467595625799723,2.341528186334611,1,8.330710758533248,1.278556056222941
sub-070,FTD,67,F,204,0.4397207489100578,0.5296898362632192,0.35978333587625233,0.35628574955387465,0.4326466099442872,0.42221626988572364,0.4132064965763348,0.12420248571363306,0.11356406771118559,0.16115240955540652,0.11814010738173213,0.11943645834121545,0.12528586068196731,0.1262843851096394,0.16145656310709777,0.12059646169463603,0.15603051326531994,0.1744643900256143,0.2102251759602866,0.21343741969656416,0.20844474184129275,0.16205931373053087,0.1326373422630432,0.2203514534436333,0.17477906687682743,0.16683025476826016,0.14500208644789714,0.15124243386807573,0.11256088853868039,0.10351229206791611,0.10268228785938786,0.17633068616195124,0.0708615009859505,0.09405836328784739,0.10082194260465714,-0.09883104107707381,0.0011864616445243007,0.007055241235799518,-0.17871554977351026,-0.24346407682379068,-0.2310031530590289,-0.2140643077786139,0.2499730876175681,0.42335707067394096,0.14426364955034812,0.12098276957315693,0.1669948857797441,0.18414124286665112,0.17845908599556384,0.8318741990878497,0.7935698051361127,0.8690219035525578,0.8792507140974971,0.8211157263517826,0.8316027003066728,0.8372201531985196,5.878118899537901,3.880003517641233,7.392855056957379,8.615137119948912,5.468142312740784,5.74034693942067,5.927043685964088,32.219849396877805,31.25404955177151,31.292074250641004,37.361428676421966,28.128209257071187,32.846113224726636,32.24997760032105,-10.611062258441475,-10.454073066216123,-10.81169762484866,-10.50088252238929,-10.831816390102686,-10.748799656231984,-10.753558460378974,14.08981153584291,13.165867655512807,14.29005264167124,16.951830355937,12.515453152943364,13.66075339241693,13.89526552865817,2.1957938966477015,2.397884636975874,1.989532858968528,1.9539894096112556,2.232294894771235,2.226725338905446,2.171819341105649,1,8.828583217112902,0.4919640505679457
sub-071,FTD,62,M,290,0.29021002912587396,0.42288170395235186,0.24127603389694433,0.21005313344758508,0.1770774923353862,0.2292727566189049,0.1960512537895576,0.09393836964851246,0.09160343844404065,0.10560452059062718,0.09860407772128975,0.08814258198505798,0.0839736678006188,0.09163559223496168,0.3575176706067808,0.2543256994311947,0.2824303666779049,0.38019617002615214,0.5407258242666969,0.5111512962860291,0.5001870546910797,0.16327295004248701,0.13195632483434597,0.24962221279365893,0.17699567229221794,0.1528277691492258,0.13157957098465273,0.15454015537952545,0.09506098057634574,0.09923283333806664,0.12106686604086409,0.13415094651275514,0.041226332263633196,0.04402270830979492,0.05758594390487575,-0.5610947084367962,-0.4403608600169116,-0.433365549252047,-0.5856983465749195,-0.7889128331997034,-0.7843224532629085,-0.7387516917343347,-0.136113338250937,0.13098850788964878,-0.19583006543814604,-0.25613886698747157,-0.4222160116819285,-0.3121896413426172,-0.3602191293421075,0.837609816145071,0.817343896741615,0.8977607960945667,0.8892107943989532,0.7830947462942451,0.7968847124013967,0.8127652313176179,8.232948326659736,5.742415132415601,10.092002141237566,9.89893690122475,9.301792048850642,9.225991052231077,9.474142826717578,31.00392413806435,32.866151729916226,33.343778605594686,35.67566598288198,23.12198101171146,23.455776865181328,25.992335555480167,-10.408733539650415,-10.302329882979857,-10.63549132928472,-10.397008168699916,-10.457669049614497,-10.39105713050079,-10.427401092802004,14.254552045477983,13.806921219226444,16.02504709368122,16.402539018126653,12.197458439535737,11.95518382866953,12.923292114818073,2.0062904570496944,2.227942051916936,1.8075115190998285,1.8597865709163404,1.8824123945411158,2.007503147968724,1.9245671541405713,1,9.343746015624498,1.3096529634369052
sub-072,FTD,65,M,260,0.7221989446106732,0.771979994089536,0.596487723130748,0.6867987378087512,0.7277727691847957,0.798971780397201,0.7513364934932072,0.17180951390431468,0.13624245889504824,0.2194343249666321,0.21968782191184036,0.17029233210986985,0.13137614651988672,0.1633157357058927,0.051043119159888455,0.039955567827222524,0.08234151088941426,0.051964878157205505,0.05266714938794459,0.03862239789321216,0.04582532146387216,0.03598257838759108,0.029586255437862734,0.06893540111585032,0.0277298745616995,0.03840443349711698,0.02181309960674571,0.028637679776338153,0.018965843937532433,0.02223572375033054,0.03280103989735479,0.013818687560503095,0.010863315820272237,0.009216575582954465,0.01088476956068944,0.5395297642761765,0.5542288181237229,0.4252375836413562,0.6336076851692203,0.4988888333295501,0.5323269013958449,0.5474245585504869,1.0475328997096873,1.1509208997419285,0.7319292857469177,1.0717635484463495,0.9958651077955526,1.1881207109388754,1.0983772537718783,0.635015311412712,0.6176443057904717,0.7222174317837534,0.6376843257641547,0.6243124777369303,0.5757268723447773,0.6043760638929191,1.4109194738452846,1.2776582188197343,1.9491148821418809,1.5217210853074559,1.2716452653560948,1.0573488437992595,1.1723368623235177,13.283264779405972,13.440160977232523,19.94704169114249,10.86281487266792,12.337752491685869,8.997630964464532,10.542270498727495,-10.040464447780424,-9.911543345898622,-10.341380105272362,-10.011987904391908,-10.109921607028554,-9.993082166033677,-10.019083996078592,6.6645580464491125,6.60856348795394,9.024628428477714,6.312648538516354,5.9340201580017835,5.1200592766758195,5.65872166782606,4.147105492685955,4.462903939714488,3.1157746270431086,4.173679349217325,3.9457109718781105,4.837751294699379,4.35861608115951,1,7.1580779200202445,0.6633919911812125
sub-073,FTD,57,F,394,0.42972697601192794,0.5519134553079305,0.42419383107886116,0.31082647027604315,0.3988415393787472,0.2945031822970591,0.33404178909998,0.13587938412776304,0.14332814205215438,0.13138412603446556,0.1330830707572506,0.14154730282231706,0.11364236723153379,0.12771708861304265,0.30177851405604567,0.20438615944284602,0.25841709448324035,0.3712365980954798,0.34042189940288514,0.5108126384623252,0.4317644192814351,0.07028382980598895,0.05317983169154713,0.09209853125186605,0.08626636373047822,0.07937622105134347,0.05182211632070935,0.06827812505284497,0.06233129599827445,0.04719241150552186,0.09390641715156713,0.0985874971407483,0.03981303734470712,0.029219695688372647,0.038198577952697314,-0.31429302525435393,-0.1408575922572264,-0.28731637095107504,-0.4206437248248516,-0.37859285015477767,-0.6526308857075881,-0.5211042381849644,0.20308470574949225,0.458216063577629,0.2062358726424417,-0.004813260615257255,0.11026747069610549,-0.13958001167883138,-0.034538720423571374,0.7465331451680413,0.7021807881630693,0.7587365127297746,0.8024657164086725,0.7730887877471132,0.7317627369929727,0.7547807782859258,5.483273665453573,3.0279715510104213,5.743883320734747,7.760309544421717,5.884515373526898,8.529982263036558,7.402713788794595,24.377908309954375,21.97175568378629,28.189348160541034,30.434143025022138,22.29143503163209,18.09952321301061,21.29806013626929,-10.661350195332371,-10.527016401407947,-10.819387006856891,-10.651303587165467,-10.91150432581396,-10.53932527739251,-10.723879579823162,11.015220078688015,9.618654885669384,12.362629132656801,13.49553680576887,10.312422074434233,9.975648225519013,10.40960683192316,2.634247962601061,3.1177790824767264,2.563010787469962,2.1762918712848283,2.4252642537068314,2.278132551706692,2.3401796561546324,1,9.508458872146834,1.4197243100663979
sub-074,FTD,53,F,426,0.45650810138217135,0.5660846233805883,0.41114734069214043,0.3363653260956447,0.4259756837031583,0.4271155925143304,0.4076861017246501,0.12525386276760453,0.14107898916634412,0.13044338620370863,0.11138860049053514,0.12104151342831505,0.09613068378093319,0.1086294456381094,0.26220414268306075,0.18908181856843242,0.25331147550487537,0.2905391651330943,0.32057335988141994,0.3872474071539319,0.35929638815712234,0.0819451123162231,0.058866661796156454,0.11192239407464644,0.11067322961765283,0.08611123841853474,0.05404834274249447,0.07435516992555948,0.07408878085094035,0.04488790708847872,0.0931754035246292,0.15103367866307316,0.04629820456857205,0.03545797380830979,0.05003289455455865,-0.29671930905762745,-0.10798453477371135,-0.2817804116955021,-0.3893516640955207,-0.4216071823451366,-0.6071028450874715,-0.5187706583613341,0.24452114183075663,0.48307386296203514,0.17319245574877082,0.052650617148852705,0.12902011872447341,0.07357223101749315,0.07568696416115904,0.7510203582433577,0.7030723786238214,0.7644445499752974,0.8267713218579844,0.7705490831182488,0.7179069847722346,0.7525428111417077,5.101008097233611,2.7378356757167475,5.779840814691184,8.425817945944809,5.2924541653752,5.417073696721491,6.117472078629958,25.339358344858933,21.619820806261778,28.50486393365944,33.80705696357142,23.55619956454922,19.348822279787775,23.437089391184053,-10.542757795247622,-10.445060618855509,-10.728541976679045,-10.490282036701666,-10.757734640308087,-10.388507889974104,-10.567560578829127,11.344331132634881,9.439813541089691,12.015425733312854,15.578485116111398,10.640472975134953,9.590980071322946,10.740292706516206,2.6694224006797795,3.14264386290439,2.5429043336017414,2.1043276895222784,2.492754397278065,2.5981158109282747,2.4963428990522556,1,9.479281143965478,1.2367142166714054
sub-075,FTD,71,F,244,0.21747313197612228,0.3151172116496971,0.145466631356412,0.17930674647731595,0.18017693939589827,0.11600566391612457,0.14288295925307565,0.13658226734894444,0.0888958320238913,0.13804359329208263,0.20633927124427412,0.17391560601875564,0.10577878627654677,0.14067235404925355,0.3394049591272559,0.18187666904506708,0.33162137300982997,0.4098650753084766,0.41684690494173715,0.6453462025068915,0.5350644822797878,0.1697752953942267,0.1870133640098278,0.22965844739943034,0.1248682715850405,0.1738817150034302,0.10327174543638457,0.13592488875563505,0.13676434615345104,0.22709692327151712,0.15520995494224527,0.07962063538489272,0.0551788346401792,0.029597601864052754,0.04545531566224811,-0.3647276478066728,-0.27523950840106914,-0.37419996745533374,-0.2899632883722314,-0.38190716010540005,-0.7874871066740856,-0.588999051697484,-0.15860199474465458,0.030414095390875917,-0.2935808249483452,-0.1546186105368343,-0.22280608442743519,-0.5293506988049451,-0.3852290677351897,0.851195806958746,0.8679533767884873,0.9112163960049994,0.8205560541467528,0.853911255300187,0.7597197620970955,0.8060651477329254,10.375248315269843,11.316864442350916,10.934650781037384,8.749306221742632,9.824758821185364,10.31810660001592,10.10302130872809,31.69698384204267,36.943645380123904,35.31572883471318,29.72079226301976,25.688799239879515,20.870211031043134,23.83745853721234,-10.127683817476814,-9.929078876801128,-10.444317614219884,-10.106725817117443,-10.420823461538921,-9.950056949352701,-10.176210930481389,15.836096417418183,18.505892194840946,17.616812254869277,13.840993525615527,13.113081990780275,11.89546486382407,12.682351888588157,1.8726610756679132,1.9098729907636975,1.7010166406136131,1.9829171660970315,1.8872466881683048,1.757495425805295,1.8470761095783494,1,10.7273245155861,1.525020828172984
sub-076,FTD,44,M,330,0.22352810097174491,0.24653724493962986,0.17220424976297088,0.19650067831009324,0.2432203254331807,0.2444983825284583,0.22458676299334032,0.11846325199956098,0.0876688521714826,0.12684553773548915,0.15933031495401578,0.1126755709718145,0.14061761842665327,0.1381791229131871,0.12904548540871832,0.08873189080736235,0.12851251521258777,0.17220370430658632,0.15125348384758078,0.15131408635363033,0.16041970578458703,0.2377887597513088,0.22559975577800295,0.2906354841518249,0.23292318442633858,0.24756307522246776,0.19624986450030715,0.2273794561258009,0.29117440186866683,0.35146225630352196,0.2818022131371276,0.2390421180029659,0.24528754452495638,0.26732004819095,0.2494349521830844,-0.047918893012573224,-0.027108024553517775,-0.005911787433011235,-0.05474050637747638,-0.1317028603058409,-0.04444841331890238,-0.08488338644564605,-0.03565283072033478,0.010860085775171224,-0.147681840893199,-0.059993554508667696,-0.051384416637338344,0.04187430325686163,-0.03190688657163761,0.9349780289653764,0.9227890978026336,0.9632622909934475,0.9430242359315114,0.9268970237321051,0.9312419889105057,0.9325579300863173,13.67558838133724,15.66682146717792,15.196166807420397,11.559696718554134,12.140479705874228,10.959851280530863,11.670483444820729,36.66935321843267,37.282128459723076,37.53684514651912,36.52048961797703,34.83845965154048,36.26746953303611,35.42078582602963,-10.420578983062434,-10.257184351733425,-10.51761301446513,-10.523019299861513,-10.560942509241379,-10.431483222743346,-10.508844961179147,19.652648422251815,20.787451382418272,20.323295372616723,18.705704866442844,18.23812588419914,18.6905385548188,18.41256570282593,1.5548571016859605,1.505315779185009,1.4919551381090816,1.6148077074649547,1.602572999223102,1.6311296179409078,1.612308765552772,1,8.035870860123802,0.2869052370518457
sub-077,FTD,61,M,291,0.5185741899990253,0.5144435942593627,0.4391156490706476,0.48266265023667243,0.6175200145019407,0.5756234292507432,0.5895544204282785,0.06714184499776667,0.057224719142309706,0.09174595273084234,0.06331346302498067,0.07825176225629843,0.0559375119500269,0.06894676452615911,0.09248778838943109,0.04821974261023953,0.09123209659803766,0.11282765865758512,0.11199209779766413,0.1793732816550341,0.1411562684911488,0.12961155406046598,0.12868003147774026,0.13541637977984347,0.1561521953577304,0.09606631081499618,0.12140122679461562,0.11064549490409233,0.19218462255331095,0.2514319125103477,0.2424899218206292,0.18504403272303138,0.09616981462910036,0.06766455034957998,0.08969705165032114,-0.0810761736894557,0.12320764805050007,-0.0033911132706059416,-0.22899621584213345,-0.15542396036738912,-0.5052353760853198,-0.3061633718588293,0.432106493862458,0.5249047231107623,0.36892799419704114,0.30223947712111454,0.5248131999770277,0.3227544153023506,0.4229442257427367,0.7907836459162023,0.7891568579130376,0.8629497854147138,0.8140402287459365,0.7400443832530739,0.7178239230147355,0.7381507197401768,5.945769641751432,8.896055687781557,7.132503808049542,5.3638910862568,1.630603363809275,1.4761737591013286,1.6258231883693546,35.91794741678772,37.53945664843053,39.06539519986665,37.011214802051434,32.718554806425395,28.13404757643557,31.581882111800407,-10.656972173440836,-10.393900818016366,-10.99899296144585,-10.702714046758988,-10.903337460726704,-10.60365905785384,-10.770778712254925,16.33442401159884,18.160717196962825,18.51913575145411,16.706488180705637,12.520097830309949,11.642691186761738,12.468295706776944,2.201769690983941,2.188623082175942,1.880118980940879,2.0408701271184855,2.549528483665769,2.530419825584693,2.4967449313249426,1,10.363323349601615,0.7219552147297108
sub-078,FTD,62,M,398,0.5500311015204338,0.6253162077488523,0.45898718533952637,0.37590969788983636,0.6638576924506135,0.6006020248582556,0.5803089335145912,0.07895474085875813,0.06999775369397652,0.09375569739138041,0.08357762331667087,0.06775030554107546,0.0956636491972587,0.08373049791559825,0.09881425574801296,0.06784971125006616,0.11367015566762495,0.14676260038935734,0.0823102373464495,0.11376564993106511,0.11210071729416374,0.15472130289422312,0.11409103317305644,0.19172493711793956,0.22360277012272675,0.13083263738738787,0.13949185938597752,0.15594349730100618,0.11747859897857199,0.12274529413404822,0.14186202448352891,0.17014730828140906,0.05524912727447357,0.050476816627443126,0.06791635397464073,-0.08899685692368958,-0.0018380556206498283,-0.09736498427930491,-0.2514198976820039,-0.07302429393308897,-0.08061323342017793,-0.1164260371313823,0.41015018176573054,0.5847854229145414,0.2564995713943198,0.08426742185746545,0.5707512163746442,0.44026672120516863,0.4166277405214581,0.7460823623265661,0.7029376724479669,0.8149127934827708,0.8538746221975265,0.6604991429348162,0.7066334395130595,0.7171142806453423,3.422986566471519,1.311620511417112,4.537640952354212,8.46559032047675,1.8607814036724812,1.398886416526007,2.6051801776119428,31.58633287231898,32.90789972130517,34.19035803093754,36.46669469194155,24.330010585881553,24.178570953350565,26.647468380199502,-10.60200900056789,-10.3565519276151,-10.907513496095191,-10.654105391263812,-10.752842807852685,-10.67240852029266,-10.736143986823055,13.479508479850459,13.177846367410044,15.069063516073157,16.9282782716976,10.105481180579707,10.314494684269693,11.299597753164987,2.408320466424979,2.5253261184031612,2.055913091413696,1.9265804250142868,2.945364456379851,2.6853258449073425,2.6376246152503406,1,12.836833582306118,0.3474250041591773
sub-079,FTD,60,F,370,0.2988854739418352,0.31000205355329696,0.299427941903679,0.2720065284596305,0.36168512546123416,0.218722157044264,0.2972214076528055,0.06651801549393518,0.057866644096687306,0.08360609325506545,0.07634383859125998,0.07081830073813013,0.04506362468166529,0.06352096311999712,0.27530182328526903,0.15436511560405997,0.1898953477783387,0.3039936130858508,0.38586059018798213,0.6034682834746627,0.4484482586223048,0.1817668358720801,0.22403962284280338,0.22326047825573006,0.17003630032712605,0.12224765996068392,0.08431145285607602,0.1200298892034455,0.17752785140688065,0.2537265639031525,0.20381013880718646,0.1776197195361333,0.05938832365196942,0.04843448194333176,0.07077948140144716,-0.568763091714497,-0.4190716203313288,-0.35979440906263394,-0.5833186833914287,-0.735601974159611,-1.126766758511846,-0.8479639375746889,-0.09670675588463441,-0.01572197389550965,-0.052796608277861125,-0.13150885240192467,-0.06990559056791072,-0.41661626919723616,-0.20309690372001463,0.8592587356408581,0.8905068278236342,0.9071811840612704,0.8820563517769814,0.7885953475826203,0.738406590185634,0.789544596121013,10.925382474185156,12.391930343932142,10.617683110437136,10.43044461531899,9.171818623017915,9.874235470175918,9.493264120516418,35.27254738321011,39.43410776310551,37.607030856271564,38.175499806155614,26.78249203966745,24.13453901340708,28.562376601553108,-10.367164844114432,-10.124777148724123,-10.740287641132005,-10.416843157986094,-10.62642571336386,-10.167589650836682,-10.431880335388794,17.09630561571409,19.706852027546233,18.25063406196556,17.73054999574819,12.263492973882895,12.208630707602964,13.056538943108782,1.8616555238418087,1.6947993679321216,1.7990639810054143,1.8539570660911562,2.2011926533760895,2.045630604980186,2.102561166146945,1,10.22883633413437,1.3994703083115585
sub-080,FTD,71,F,390,0.15361813198491872,0.2808177272603964,0.10537340937305865,0.09312095929509187,0.06563860852485007,0.0337502630082937,0.0549398014394346,0.06086425019432841,0.0459437802022935,0.08930894260331479,0.07574467370088861,0.059456369139883024,0.04276983112151863,0.053518964076231024,0.5732288860544049,0.5078834089272023,0.4545798348641989,0.5722781644292394,0.6832304713933496,0.8168106980268375,0.7296245133561443,0.14831199487546082,0.09614893940165717,0.24750452238229248,0.18396548027368964,0.16310465247531183,0.08859794057729155,0.1354042599982936,0.06397673689088698,0.06920614420845037,0.10323329077713524,0.07489072230109049,0.028569898466605227,0.01807126726605847,0.02651246112989621,-0.988520921670699,-1.047709789888248,-0.7204745587878145,-0.885758602184536,-1.0599498807734073,-1.2818106275518686,-1.1375542305611746,-0.5919278671811111,-0.30984673018417147,-0.5745894804690291,-0.6773206355612993,-0.8325942176925932,-1.0734343642109234,-0.911967591240332,0.6930316003981316,0.6714891598930928,0.8166870224972153,0.7459631052988641,0.6569089497474708,0.5312679751916689,0.6172779801865537,9.126273988968778,8.234993637314458,9.729901207477134,9.663120782758517,9.599994398189628,9.55604019058562,9.583272110057143,25.580727470340502,25.818746526248454,31.0216482660505,27.86077020322101,20.960591770354146,18.956397665316153,20.488573804817488,-10.196202808563099,-10.08756463799286,-10.613130171587612,-10.23679461775368,-10.294929586697034,-9.721771575440087,-10.038714427838707,13.03407182975701,12.318359399115833,15.390386465360278,14.148171741343031,12.062637828631088,11.233544562113076,11.876904295313922,1.8782703545236987,2.2003911649890795,1.699961361654421,1.7651586649145297,1.624211330062731,1.6256229231085717,1.6542404544970133,1,9.68364929125306,2.1842567531000707
sub-081,FTD,61,F,371,0.5331578810150536,0.6215131785871696,0.5580304397168964,0.467362263601674,0.4812548149869924,0.3960513353287337,0.44094101830399846,0.20067216934942436,0.19360709565899661,0.18354968382337133,0.22870191017380243,0.20512549231359337,0.18834418945999123,0.20855246208242906,0.17695451941291962,0.11342226859940108,0.15398951876336078,0.19760195245168966,0.21647221279188342,0.33319349208858706,0.257772143608971,0.05802151067017184,0.043057072771109914,0.07609428223168702,0.05977196779219836,0.07274711187628574,0.05769856992139194,0.06436598355992842,0.031193919552430404,0.028400384383322343,0.028336075464684387,0.04656190598063558,0.024400368031244787,0.024712413201295712,0.028368392444672857,0.10068252504841066,0.26563629249817144,0.08450969704174215,0.0932936956283307,-0.025613074445671905,-0.24817536093446557,-0.08213922782799443,0.5399569474310774,0.7639153667619298,0.5440610806105822,0.44892585232694887,0.37768953894610374,0.17540958293955505,0.31147210539743947,0.741914353412367,0.7079070712650528,0.7144573053018551,0.7755611737378394,0.7763505923665927,0.7831774140114507,0.7785777930343576,3.6564538607744153,2.4813842518685054,3.2944049173538867,4.571527914935598,3.9214437781357443,6.0846379227115355,4.943420200583865,18.523652293859477,16.365306047366012,18.408609143535838,23.213736295173653,18.316286541687216,17.181309507702146,18.66447456679762,-10.711084757761473,-10.559081368711634,-10.869334424440332,-10.746904429762022,-10.887163262604114,-10.669965018152565,-10.782481478981722,8.798386436601962,8.05385498585361,8.423970541896594,10.114835355113552,8.777528278560009,9.364259756319,9.215308257149413,3.026138136964593,3.4577731125837015,3.1008422926863974,2.809385285081394,2.635164065150066,2.423326300203194,2.6074661192458586,1,10.794467763204628,0.8451790460858
sub-082,FTD,63,M,350,0.2962912631089221,0.3781743287758049,0.21143612851252946,0.23234194184541074,0.2574775785731262,0.3231024045001373,0.26540365628947216,0.108602140025443,0.10793162944859544,0.11017838655624235,0.10983578178124767,0.11452658372165148,0.09723060819228832,0.10593757362092458,0.37882408307419785,0.29037180939646856,0.33343388903809074,0.457022458966648,0.44911899732873417,0.4946532088337063,0.503583528020557,0.1129631316383749,0.11013906785544957,0.16189426133567017,0.09535246614515838,0.12853516252218322,0.061313944993391184,0.08948495354555243,0.10331938215306243,0.11338316452368165,0.18305733455746764,0.10544735126153551,0.05034167785430498,0.0236998334804773,0.03559028852349398,-0.5302410011357186,-0.43332527634747137,-0.4806355771027988,-0.6019500859660336,-0.5926474433805858,-0.7068263409160334,-0.6756482601442401,-0.08682022308768461,0.08133269463774352,-0.19507154106136557,-0.20291860917015359,-0.19277407586710474,-0.12185090683209363,-0.20546703014516948,0.8149492109284034,0.8059560440430905,0.8923731328150142,0.7992479362573449,0.8279895920340233,0.7421313898807694,0.7720983385150457,8.111639860964177,6.341942590559323,10.162088116852415,8.792003759561302,8.994155210186053,8.545407102521718,8.803397849392187,29.11333861211793,31.754478308383643,35.40721753785822,28.602110947905743,24.85607328993468,17.83688459827673,20.939281915620636,-10.604761789959555,-10.585524783504459,-10.734109394305976,-10.52013604321541,-10.788133965771754,-10.372263135802736,-10.548404299151548,13.745078061741406,13.896187183751138,17.407450589298268,14.018350894442857,12.01949578767036,9.764465089075713,10.871972513081984,2.0795907008488763,2.2448204717978015,1.77402439228781,2.0038587358099518,1.981958872803986,2.2575476375144197,2.1048898771077034,1,9.250003195276697,1.461246738904709
sub-083,FTD,68,F,407,0.6429159852073459,0.6923484680702099,0.5787499647651005,0.5585384328654561,0.6902825002234269,0.6638566580103487,0.6596860644298094,0.09130434585465919,0.08734553124729863,0.09482449368281516,0.08252461751828027,0.10576135459261356,0.09575391880401354,0.09553606750506446,0.08305099242982969,0.06168119920570906,0.1076110261147684,0.09472065938473262,0.08270089043508401,0.09819103726915643,0.08904004294519365,0.08127976480086357,0.0675225610125066,0.09964594654350939,0.11747099582934453,0.05859417079809848,0.06352663439333003,0.07121052077648979,0.10144891170730168,0.09110224046427631,0.11916856889380627,0.14674529440218625,0.06266108395077741,0.07867175152315092,0.08452730434344266,0.06671321382529027,0.1914285718412212,-0.04929864965974199,-0.05633858984587669,0.10749372540977087,-0.010839904037306647,0.030650853522808105,0.6819347431777841,0.8389687718514122,0.5122281144140248,0.4860215242608665,0.7527827436524456,0.6724300230875688,0.679062789899441,0.7272719957445594,0.6944321834786533,0.7594906516052827,0.7796494881537392,0.7084050364633473,0.7174288089876033,0.7207857234798469,1.8954432751948596,1.6053413664824914,2.124574154494272,2.5779311718771996,1.6367126016860478,1.5902238536375675,1.7555360869472374,30.51418198202441,28.3334941828453,33.033431570676015,35.41014996250145,26.432478731081563,30.698333811634093,29.49872934464638,-10.702436149448568,-10.439745623203217,-11.177639320079422,-10.615668442863956,-10.941129067615037,-10.724544271280518,-10.775703375579832,12.203259468089097,11.393022248006767,13.56440011266094,14.48785153398994,10.267127922572108,11.332391957993291,11.444068708402574,2.8496532500549807,3.166847322550656,2.47928961274335,2.350768166986637,3.125820263795068,2.878539097814117,2.8970649010265217,1,12.218215588880835,0.3327411852663342
sub-084,FTD,71,F,289,0.6021029264912926,0.7157805915695338,0.49363158141897995,0.4793174250754756,0.5797826495667029,0.6459895345444356,0.5712768441192846,0.22809373305443095,0.1565209514197011,0.2846471746929636,0.3330457578356727,0.23430385532482964,0.17454907335010472,0.23858586677951463,0.06723577687900426,0.03649904800022321,0.07739783160082764,0.07919248863962938,0.09345486475121845,0.09632919054243129,0.09991517514518977,0.060879821068132466,0.04663598226484606,0.08751889369705047,0.06096422327311181,0.06714175650121387,0.061212940376677086,0.06393868412205492,0.04168774250713967,0.044563426745695515,0.05680451859017841,0.04748010517611058,0.025316873856034917,0.021919261186351298,0.026283429833956207,0.5501001853329788,0.6300547458593161,0.5638775522624434,0.6622480006993411,0.3968115230498263,0.25523053578860455,0.36746945161474537,0.8380465731134898,1.0332867880166554,0.6743540688869816,0.7772828885565866,0.7062358661128618,0.7194880069069209,0.6956879386205816,0.7065617007317052,0.6510285814422779,0.770090354443277,0.7454650117040434,0.7291458239968165,0.6939518308349997,0.7248069806600149,2.4210798846422916,1.3726203038311342,3.594409799027506,3.7446168632075576,2.4045633934268156,1.7083943255962026,2.5680218388865046,21.588265645227654,21.06771112902544,26.04255184524784,24.18770354997476,18.462833532546632,16.21804951143243,18.119825820720347,-10.291666403795865,-10.086165930553504,-10.56379481394351,-10.283640139937127,-10.475689908359948,-10.34274271579402,-10.422859850809546,9.21246474163834,8.872804466659783,10.995628496786082,9.991585112816914,8.231225234044915,7.640148590374666,8.258146484026542,3.1807596984651823,3.543281108488505,2.6862147998961112,2.9224037343976454,3.079614403176396,3.3221819823054077,3.1220717684431056,1,6.534577267113222,0.6768393085163016
sub-085,FTD,64,M,168,0.4658970638631571,0.4084695078358873,0.33371778809586533,0.4991476057468971,0.573437712233486,0.637350367286565,0.6004351357626686,0.22307603462127232,0.14647999751601176,0.281442668855718,0.2591752627230731,0.28813902458096324,0.23381927199487734,0.2558228791163703,0.04500099046275472,0.04015235109226201,0.06339669165842284,0.04083660078847922,0.045179257915688865,0.042439054635126816,0.042917679431017,0.09825488701744813,0.13563884641373056,0.1350133722639327,0.07718827084949625,0.04255211285513747,0.03796069484010249,0.04399438721476547,0.16777102403536792,0.26925929714210833,0.1864294791260611,0.12365225989205442,0.05069189241472455,0.048430611243328724,0.05682991847517887,0.692784235995708,0.5846330531307963,0.6617420581361194,0.8029225773882325,0.8034016108397793,0.7316738977611255,0.7719645964159616,0.7107320468515577,0.5282477926527581,0.48714025421637913,0.8225481317198577,0.9945235302925054,1.0354952306021017,0.9976323993935513,0.7933623477433699,0.8555190802602937,0.8620641146086573,0.7605239901565357,0.6983083201509116,0.6810188901985609,0.6920894834327157,6.560180823336981,10.729228533165777,8.38447845698108,3.4798728366192,2.294752361887465,1.7908260540798895,1.959798239757196,33.68837738796381,39.2751330411641,37.420556493397534,34.0082490899613,23.66809426899292,22.927145218073534,25.06846085758165,-10.286625369898298,-10.018156774835228,-10.534867501591846,-10.306334643151875,-10.530430590989056,-10.448775876935409,-10.42896969302929,15.28339238816414,19.547751248143076,16.994428187107772,13.865688637303167,9.554675966452,9.220064814112568,9.86659081646826,2.5091499904404944,1.9940275858192449,2.054559477769921,2.599750802529174,3.3747534125444756,3.514357418287392,3.329850242536111,0,,0.7643447210054113
sub-087,FTD,73,M,165,0.577700418863688,0.6401618375347707,0.47696033086618533,0.5491016473347631,0.5799532287899362,0.5640139136796297,0.5275230514155066,0.14647524454388744,0.16019896203689374,0.16208514341028887,0.1131406719035082,0.14831831511327206,0.13893192444544467,0.1354873972127944,0.15199409940659178,0.10901558425630234,0.1468881945182411,0.21252832336744945,0.14512692526742735,0.1993100730521622,0.214917362563286,0.08744537204255054,0.06239397410393325,0.153875475014537,0.08097827714259208,0.09410130182926389,0.07843040548957828,0.09056109342691142,0.03638486514328233,0.028229642068100275,0.06019085619074721,0.04425108025168724,0.032500229000100696,0.01931368333318486,0.031511095381501694,0.02813370349889176,0.1777983833618612,0.049077561941081704,-0.1662553668517552,0.027513021274147963,-0.1373992996463766,-0.15165094281362235,0.5246140696926388,0.7215355677989603,0.3301333103597905,0.40586506215348006,0.4913736387162744,0.414468626862651,0.3564031550945824,0.7355922353186363,0.6874002568699836,0.8139764787237462,0.7431454912686093,0.7557934689666533,0.7412794324092835,0.758676429554977,3.0522480901355675,2.4025268016691537,3.938042575543964,4.0354519976599486,2.592282407768587,2.7211215801571313,3.7034490268002367,20.30988558799873,17.193471260798802,25.672998910810218,22.733740322479626,21.035789165368215,17.23610091396523,20.387313679735254,-10.351539643300342,-10.217696066099851,-10.716038756321765,-10.148361163119295,-10.590547154605874,-10.3210891873737,-10.371934831489517,9.077229235004765,7.838106596875148,11.145682755946458,10.148512731456119,8.947536129999342,8.363450851651322,9.353454822596053,3.0097687291158985,3.6438883238176203,2.2728111940917266,2.8031497638646066,2.723276530233528,2.7387626790222717,2.6242198511679944,1,10.582937197561076,0.9580262248444971
sub-088,FTD,55,M,354,0.24416452596838578,0.2960121187046063,0.18578765889022078,0.26162789345180354,0.19179601468600108,0.19388928396560273,0.22275638246556337,0.18416099641783468,0.22877950620885776,0.17621980516422173,0.13496801801570024,0.188956835552589,0.13110019713181092,0.14985657653610737,0.3546218408260226,0.2841790685360356,0.35962367734938505,0.34249567622503524,0.41153635463492905,0.5325493475445484,0.46163813959581734,0.1459880815979206,0.11828026759053444,0.21146984191072948,0.13820947076340812,0.17369578819914389,0.11873845192174862,0.1357837073091403,0.07106455518983636,0.07274903895996575,0.06689901668544303,0.12269894154405256,0.03401500692733734,0.02372271943628952,0.029965194093371648,-0.2748000213686899,-0.07770753359551842,-0.311973273509063,-0.3754357864349106,-0.33963723131688695,-0.6103365053094938,-0.4978462037084793,-0.06401526902719634,0.12515382726822996,-0.19940834956451212,-0.08144057112299448,-0.1881026154526851,-0.3020358614253853,-0.20811840310631147,0.8440707297852491,0.8408922228542364,0.8775083017946054,0.848140850575905,0.8471371390799418,0.7922992905064086,0.8078272751957669,8.715721898901183,6.978127117124612,9.9883383078064,9.660465805867297,9.651565701125087,9.59512550449329,9.263667384543846,25.819557551873263,27.32952633808753,26.720928723278593,28.709753526714707,21.964189834936274,19.185269668737966,20.432795098710375,-10.3025930872881,-10.224201819364637,-10.55601062645422,-10.234775907682263,-10.433447562660897,-10.13618886242352,-10.238977217904838,12.81872992039749,12.415308816906256,13.632595042109562,14.573660960760229,11.852694167714938,10.949097648347028,11.214771740648967,1.9815411321769136,2.1914585120066294,1.7736463314354403,1.955578695269999,1.8241529843064523,1.8466795995046343,1.9235877643795452,1,9.836692600352027,1.2994655251615477
