participant_id,group,age,sex,n_epochs,rel_delta__global,rel_delta__frontal,rel_delta__central,rel_delta__temporal,rel_delta__parietal,rel_delta__occipital,rel_delta__posterior,rel_theta__global,rel_theta__frontal,rel_theta__central,rel_theta__temporal,rel_theta__parietal,rel_theta__occipital,rel_theta__posterior,rel_alpha__global,rel_alpha__frontal,rel_alpha__central,rel_alpha__temporal,rel_alpha__parietal,rel_alpha__occipital,rel_alpha__posterior,rel_beta__global,rel_beta__frontal,rel_beta__central,rel_beta__temporal,rel_beta__parietal,rel_beta__occipital,rel_beta__posterior,rel_gamma__global,rel_gamma__frontal,rel_gamma__central,rel_gamma__temporal,rel_gamma__parietal,rel_gamma__occipital,rel_gamma__posterior,logTAR__global,logTAR__frontal,logTAR__central,logTAR__temporal,logTAR__parietal,logTAR__occipital,logTAR__posterior,logSlowFast__global,logSlowFast__frontal,logSlowFast__central,logSlowFast__temporal,logSlowFast__parietal,logSlowFast__occipital,logSlowFast__posterior,entropy__global,entropy__frontal,entropy__central,entropy__temporal,entropy__parietal,entropy__occipital,entropy__posterior,SEF50__global,SEF50__frontal,SEF50__central,SEF50__temporal,SEF50__parietal,SEF50__occipital,SEF50__posterior,SEF95__global,SEF95__frontal,SEF95__central,SEF95__temporal,SEF95__parietal,SEF95__occipital,SEF95__posterior,hjorth_logActivity__global,hjorth_logActivity__frontal,hjorth_logActivity__central,hjorth_logActivity__temporal,hjorth_logActivity__parietal,hjorth_logActivity__occipital,hjorth_logActivity__posterior,hjorth_mobility__global,hjorth_mobility__frontal,hjorth_mobility__central,hjorth_mobility__temporal,hjorth_mobility__parietal,hjorth_mobility__occipital,hjorth_mobility__posterior,hjorth_complexity__global,hjorth_complexity__frontal,hjorth_complexity__central,hjorth_complexity__temporal,hjorth_complexity__parietal,hjorth_complexity__occipital,hjorth_complexity__posterior,alpha_present,alpha_iaf,alpha_height
sub-001,AD,57,F,288,0.9133114347319883,0.9094960939624024,0.9234065824958823,0.9098883870679203,0.9192019720396999,0.9095326951462663,0.9133032991894086,0.05371156284876151,0.056281852443299286,0.047785066828677676,0.05364171260436169,0.052299580724036586,0.055862966973892016,0.05386413682372065,0.015189742626696905,0.015267260927815347,0.013972527420547116,0.016014803385912327,0.01445766937484863,0.016192239741348584,0.015583821143281638,0.010610182241412398,0.010603172313416077,0.009753877899727178,0.011763074615205885,0.00950940517528609,0.011264554353529837,0.010755197313631915,0.007177077551141049,0.008351620353066956,0.0050819453551662,0.008692022326599809,0.004531372686129186,0.007147543784962924,0.006493545529957331,0.5488780776829331,0.567784752983704,0.5340118915395959,0.525461513326529,0.5582194297756828,0.5378250939189242,0.5393598599212204,1.5754477920432721,1.5739944821340586,1.612075167646653,1.540873430358425,1.6078588848652096,1.5461253974572369,1.566586941923622,0.4415938471419092,0.43254677054805846,0.43930594759023656,0.4528328262733957,0.4427216147928584,0.452520854808499,0.4489496122487541,0.6713048672920451,0.6393811023507464,0.6829770045269473,0.6944260336040388,0.687204791732141,0.695437619450106,0.6921981517085022,5.061351899935734,5.18410921553719,4.599337230068073,5.335995895913626,4.735881723175988,5.263640573315962,5.08603803508852,-8.598692681022614,-8.461340814027576,-8.691022868442277,-8.674925588419335,-8.678544378487683,-8.668685573384689,-8.67497736737317,7.152951750628401,6.673662284063683,7.05998167941475,8.252593095036916,6.745371461512447,7.382007735282288,7.24992264957839,8.75780410798491,9.687290172001957,8.445441589187926,7.532091923493329,8.884320210221496,8.23479687774901,8.397543879472432,0,,0.06563649515694259
sub-002,AD,78,F,385,0.8809581888014811,0.8863909079008557,0.9141565443331999,0.8633912832312205,0.881246493525857,0.8468474927100491,0.8618057953566461,0.05393951668014357,0.05165648683376206,0.04835667790634022,0.059272568180009685,0.054430035348640465,0.05890249830070633,0.0579060192344509,0.04218863203113084,0.03577484299277556,0.020283285510110972,0.051472952080280694,0.045434909412552266,0.0740568572764723,0.06023169244896825,0.014729333021075968,0.015795959262218377,0.011948571052961694,0.015985799277321668,0.013557380186657109,0.014412280868385863,0.014320661824158806,0.00818432946616837,0.01038180301038809,0.005254921197387181,0.009877397231167139,0.005331181526293158,0.0057808708443864085,0.005735831135775927,0.13972656367274458,0.16001808670650775,0.3800442477320594,0.08897276438565653,0.07877532191211754,-0.09883583181928204,-0.006824617436974233,1.2363465504103983,1.2617395745157232,1.4769148009529907,1.1511156605734119,1.2005973819658753,1.010704122568632,1.098960724207425,0.4644406810639518,0.46170583724603237,0.44140190901475723,0.47800744214907165,0.463805476928002,0.4823900765341463,0.47502457523737934,0.6771186966525203,0.667353165390247,0.6566341251018223,0.6927793479918436,0.6808099293089894,0.7051667617331732,0.6947398201113785,7.5226907102148175,7.676466470045338,5.172450240392695,8.20800836877034,7.997492109537359,8.42699883944632,8.247181251343779,-8.695962955885548,-8.660045283816219,-8.737046584506599,-8.701276415258668,-8.722009850869881,-8.710352103973909,-8.714978614749732,9.033084657436172,9.356271894635734,8.452990137787497,9.599914355810256,8.431514899789306,8.54076634643285,8.57990257733289,6.5059253743559635,6.475634999892963,6.798158994355387,6.138767900528992,6.70748595199251,6.605565336176458,6.596829446932484,1,8.472505291595121,1.0159961335276257
sub-003,AD,70,M,142,0.8345156329795624,0.8438936039863758,0.8830446771817875,0.8008153193348319,0.8352518314521804,0.795195497732912,0.8007431859699491,0.08199517182872954,0.08282266527413706,0.06439462109340541,0.09102917302077768,0.0778349025428136,0.09367217241756698,0.08910458355428022,0.06387716043093238,0.05337378943246105,0.03415484305669982,0.08837167851007854,0.06737883411885352,0.09098088829675674,0.0903864364286047,0.013665249357918706,0.013393423693489599,0.01284221939479164,0.013935742473583418,0.014075711477905482,0.01469450471680159,0.014296445228446432,0.0059467854028573035,0.006516517613536696,0.005563639273315969,0.005848086660729049,0.005458720408247281,0.005456936835962973,0.005469348818720001,0.1395138467916366,0.19467324273657752,0.2760304716466231,0.05467626716003293,0.07121161951588974,0.01380952387869129,0.012228920118908146,1.0971719115359502,1.1455001608564497,1.3049450086670582,0.9735045204021673,1.055661880901287,0.9259632214370977,0.9453867042410604,0.5001822178891004,0.4950277965018111,0.4685458718613047,0.5187079773426919,0.502122648308625,0.5257150472498364,0.5202240806876267,0.7533338420030619,0.7299257357923737,0.6961738589487761,0.8112596166426995,0.7488945634703498,0.8118095568416914,0.8067826582299309,8.293939899621538,8.30950459706427,6.987096751411837,8.641576235625289,8.700117501613553,8.895189105891003,8.815981095787867,-8.753862708234335,-8.741050510639363,-8.779929753908133,-8.762163007118012,-8.766022804213035,-8.724764089570638,-8.749419267149152,9.461720601790935,9.603147466119593,9.490106078762883,9.839353456640186,9.268114161207192,8.459292312359835,9.169236116010953,5.671405131255116,5.583149893629788,5.6723020762357805,5.410900245359036,5.765776868515675,6.358405211374095,5.840529264438353,1,8.789576593136491,1.0728352866319373
sub-004,AD,67,F,342,0.9102826000242089,0.902658917763382,0.9210319975295501,0.9032816213866164,0.9203425990238462,0.9197533504548192,0.9187063071540014,0.04978284532934588,0.04859024763259969,0.04865747017527768,0.05412630396389498,0.049122653629991096,0.047948370278993804,0.04928906855051809,0.014019917694137898,0.01390749664811967,0.013637825039733773,0.014761070260943797,0.013887113846427263,0.013703430974762027,0.013900292282618047,0.012990528116411531,0.015841702102480863,0.010126826627862707,0.013803456656941064,0.009947232146206035,0.010246058272241294,0.010281153992649974,0.012924108835896054,0.01900163585341797,0.006545880627575978,0.014027547731603739,0.006700401353529589,0.008348790019183799,0.007823178020212457,0.5504813501879733,0.5449480094122217,0.5521816724768319,0.5635171233715385,0.5486482312626271,0.5439756914907056,0.5496389962056931,1.5587659358089052,1.5180078811715314,1.6107046447211413,1.5293467487939352,1.6093662798910577,1.6064489215780728,1.602492826750072,0.43870959043877034,0.44337596950385294,0.4295501785940989,0.4499043659252052,0.4318476019671236,0.424019813212589,0.43140766118538004,0.6365186887630819,0.6362253111789758,0.6337120590622385,0.6533451990617896,0.6371218062660229,0.6071977580068928,0.6305896795108126,5.695487961927751,6.6825639104037,4.693185441611946,5.964287467154727,4.703306640932603,4.694848893774408,4.801563430964698,-8.593024896961655,-8.530069081330193,-8.665231018626933,-8.63941131796399,-8.656090592586354,-8.517689683732119,-8.614315989950072,10.681037469909564,11.739337770940848,9.85932163480396,11.046443417343472,9.911355688658608,8.63327094596709,9.580807098504755,5.454741749014238,5.225481862377419,5.579422308603919,5.190562751361469,5.52044421877662,6.499934803520544,5.816847975522976,0,,0.07589728901619708
sub-005,AD,70,M,391,0.9138862332379004,0.9199172939364141,0.9204591632643884,0.89828355988384,0.9186344824449151,0.9070010986509698,0.9109013660820341,0.047465139531318375,0.04278551551127555,0.048908763809252326,0.0536632905715793,0.04768576939274514,0.04895114031190534,0.04936503727953967,0.016894047522182175,0.014495229534029073,0.015416244080632148,0.020190424004463123,0.017019752620648032,0.020725305030782397,0.019345714605054205,0.012916691839219436,0.01241598812849538,0.010421216114261528,0.015642688581212122,0.011367289128862,0.015284478995741285,0.013524009668630797,0.00883788786937953,0.01038597288978558,0.004794612731465554,0.012220036958905492,0.005292706412830296,0.008037977010601233,0.0068638723647414645,0.4525371843040742,0.47192961976246606,0.50146260934026,0.4253215720757615,0.44736567682078715,0.3734640083269809,0.4090205222151543,1.515472960718111,1.5609673752526116,1.5743700850885587,1.4246472918753326,1.532145625677239,1.4245391635385514,1.4689276768027235,0.42816545736530043,0.4118536507808762,0.4294129286223825,0.4486462613052493,0.43151607560909283,0.4373980382795762,0.4364591279539574,0.6220549169198701,0.5953393716443264,0.6359519198048192,0.6433486886484545,0.6383408211614042,0.62769742123738,0.6353396606658038,5.213682102839794,4.822868550014165,4.684472662250425,6.34399260742207,4.836585395795752,5.680367750015053,5.385111423708537,-8.24346168642684,-8.151500117565893,-8.313646009006016,-8.291647888796549,-8.301866512194328,-8.276071050180759,-8.28910393524895,41.5210193417789,37.60943592998141,44.524690258333486,43.6580554152665,43.993132960150284,42.72381233370601,43.3653500359423,1.55308366219264,1.731204861384905,1.4252162359788425,1.4547354892904665,1.4418313815126609,1.4850353711647277,1.4636152165315255,0,,0.06909779843518038
sub-006,AD,61,F,307,0.8738583474684196,0.8634520133702678,0.9210767810969748,0.8789342858379532,0.8621150583029941,0.8469159233781902,0.8613913540364199,0.0403917559771969,0.040385716592426686,0.040848584654132165,0.041421006156401256,0.03892188401225689,0.03987395839749116,0.039892265542764496,0.060774920022903536,0.06577546113787285,0.019144191179457735,0.05342708523696277,0.08048210809458523,0.09085400685003855,0.07729430501903911,0.016083664232011394,0.018024562020417734,0.013788168951404634,0.016866431934981975,0.013416098601719932,0.015169577932995386,0.014926588792329703,0.008891312299468507,0.012362246879015323,0.005142274118030272,0.009351190833700751,0.0050648509884435875,0.007186533441284907,0.006495486609446648,-0.13329418674501328,-0.20744348939536966,0.3327629293900254,-0.10806413033451477,-0.314931498110059,-0.3508614474447525,-0.27910961787428873,1.1015754246978682,1.0354955760752647,1.467720220706273,1.1186114702730152,0.9828663927264495,0.9276291576712073,0.9953755075044585,0.4556799688181141,0.4643624216485401,0.4223100108966207,0.45532841540109764,0.45876303535944835,0.47142482781589556,0.4620300752093824,0.643513120175446,0.6481156956462797,0.6157331779081998,0.6419791990736207,0.6496560245769231,0.6629275050298339,0.6519331366452461,9.763215796501418,11.003929442218496,4.750425402374933,10.053248327134716,10.843471361540928,10.739455218855513,10.579749635323742,-8.62647725888815,-8.604027385159862,-8.664269263308078,-8.636446836790032,-8.634843751684285,-8.615874915309305,-8.629744609475457,12.486640092095792,13.043315872775393,11.930265488100568,12.788688574018,11.743965151766835,11.88275221235902,11.912931787680025,4.56158654845273,4.468913323538016,4.674296119179039,4.4614218707524405,4.702194739073909,4.706295549033573,4.686810687541169,1,11.29473256600442,1.1238006196096038
sub-007,AD,79,F,373,0.9085997266664122,0.9059341262298695,0.9191423615046747,0.9016775644518285,0.9143223819477003,0.9073757174441532,0.9082570967678887,0.055945581611372475,0.05781569024630921,0.049084951463181516,0.05957022287454018,0.05309642436313672,0.0567155999573985,0.05615729138390048,0.017138404021116337,0.016682164029545598,0.01583534796703953,0.018927152376768452,0.016591599662750513,0.017932537898973595,0.017763735499964343,0.011260880913963829,0.011491682346720376,0.010498800922676027,0.011995309921365705,0.010520934427142197,0.01123725760167631,0.011207049650612111,0.0070554067871350145,0.008076337147554928,0.005438538142428559,0.007829750375496835,0.005468659599270166,0.006738887097798633,0.006614826697634515,0.5138155041998067,0.5406840325836967,0.49138049583698445,0.4975594935771847,0.5045199988290034,0.49988344670187357,0.49969837638409204,1.5321842240413357,1.5352172165874918,1.5654717968830851,1.4926550812243504,1.5531898671570026,1.5191872118276346,1.5234925990053483,0.4447203893763046,0.4471470857273626,0.4337392717267774,0.45221812483823504,0.4386062342985058,0.4468743903147297,0.44529015567138497,0.6624326822898708,0.6624092752898184,0.6514859360231872,0.6719828043267031,0.6570104286931767,0.6679678625114567,0.6651877542171816,5.246316255439817,5.299103719206071,4.785938916306059,5.611951310704539,5.006300954547167,5.380878981768098,5.330325647788678,-8.664810080891979,-8.619420187009682,-8.704641943040071,-8.67799890174852,-8.694576971661425,-8.692898938390627,-8.69214289440967,7.664168208807225,7.920873892593117,7.294583128718863,7.801628396063388,7.3334034169787286,7.541302748919568,7.573313005217104,7.402631358283016,7.391773692742924,7.571138469746572,7.254840222146158,7.489341993386634,7.353388840096298,7.334308825188332,0,,0.07912382423167408
sub-008,AD,62,M,388,0.8340339118136262,0.8423559449981595,0.8413920357226674,0.8435269000666253,0.7856299107725624,0.8474896348597944,0.8212845800967165,0.10084161402101588,0.09647925483619939,0.09674154995909702,0.09830665963636419,0.12267759027923932,0.09457591164272001,0.10637406985814953,0.03861946272251751,0.03747811393941158,0.03757579290825922,0.0364650902027663,0.04681482503449504,0.036195389756311924,0.0406703756116004,0.017211298281956326,0.016240949947882676,0.01688844344339309,0.015096940476547884,0.023949788468810185,0.015212780039595045,0.018948209633079197,0.009293713160884056,0.007445736278346839,0.007402177966583255,0.006604409617696349,0.020927885444892644,0.0065262837015780464,0.0127227648004541,0.41628265653211,0.4106609538578319,0.4107036648871809,0.4298207141915175,0.4163927948737017,0.41708578052827466,0.4165702567855568,1.2300961137373907,1.242688783138122,1.2361771180417291,1.2618727173762898,1.130289400457728,1.2630571270200197,1.2070151917002239,0.5669053061869563,0.5637193678548784,0.5644287397527927,0.5553602169285096,0.6005927646315862,0.5543299308504243,0.573187787034015,1.2790161290231947,1.26808494436554,1.2747348787809993,1.2266979660545676,1.413175278686297,1.227094752130879,1.3019336058039717,8.901287471347885,8.264227626262445,8.330641219517592,7.951678632498392,12.861454145841657,7.9459339728506855,10.043147760769546,-7.264653826904457,-7.298020526925446,-7.316760867081708,-7.238330941544338,-7.1760954645350665,-7.255193130839447,-7.2174509598856575,6.851495203397957,5.852416722295044,5.94177883278753,5.362747354075519,13.031156096556126,5.420848802081425,8.65449843558696,8.291339517420704,8.49387427691698,8.32182754581252,9.076863765076528,6.3103437928207775,8.93718090818427,7.875524489404419,1,10.527599464174086,0.2931868188749469
sub-009,AD,77,F,295,0.8832004111197712,0.873014277316089,0.9067900139443067,0.8732784559575901,0.8982643089612322,0.8807155387580257,0.8877890662575914,0.05226620482358582,0.05573484107473735,0.049804789728748446,0.05202720647593105,0.04852600412627699,0.049906398328084384,0.050029323274724216,0.038760666569154285,0.042812511442514044,0.024811309836534068,0.040855542779996284,0.03471992464463131,0.047374605076425935,0.04093529811910078,0.017408898666433612,0.01944150785599638,0.013547968788160244,0.02038081518226191,0.013537941802467576,0.015948763584666452,0.015322608154268216,0.008363818821055235,0.008996862310663486,0.00504591770225099,0.01345797960422029,0.004951820465392008,0.006054694252797447,0.005923704194315266,0.14200572342632456,0.11541721528446035,0.30555645615986876,0.10984153526150697,0.16001399703797728,0.02705536873468913,0.09886795526080094,1.2307516321782397,1.1749411355315043,1.3987922495665124,1.1795751991125176,1.3019672659125145,1.1695568598894384,1.2301892300537782,0.4678495260108722,0.4776902375168521,0.4474970173818271,0.4764604656299244,0.45421835625697343,0.46716067407625395,0.46207650351551166,0.6851910960003005,0.6965157680222277,0.667845619329158,0.6881553204745969,0.673621184201531,0.6829993776798312,0.6783968275652399,8.323539138716825,8.87958913803511,5.813761146892349,10.022731217125482,6.832363464807654,8.980410482885976,7.9770976023489455,-8.663768133481707,-8.633304181806647,-8.691915842530861,-8.668797330728186,-8.688194721969303,-8.681472123546326,-8.681786505740464,10.530529986142737,10.484459366024947,9.947949313416279,11.749352184894,9.82411773341639,10.187622147231693,10.04139601681014,5.4340787580843894,5.421385400436479,5.631084334705416,5.0977755650380745,5.692961007049075,5.46728015756613,5.58741192093036,1,11.199841525024029,0.6201172523948522
sub-010,AD,69,M,634,0.9104217839432673,0.9161109607205449,0.9222570623100128,0.8938131696895073,0.9158396053926032,0.8978472440061944,0.9040091096287038,0.04431948891769382,0.043695216254172456,0.044655507038546906,0.044923884769308885,0.04451403872825813,0.04449979963966233,0.04451643761288667,0.021573817613132706,0.01688267240429984,0.015211121361211171,0.029920306750983026,0.020004857594676375,0.03319733197391388,0.028369931748534142,0.014737140063523677,0.013462687148104249,0.011367819351750894,0.01892141376143274,0.013498502770498286,0.01774111487887081,0.016198164415495746,0.008947769462382354,0.00984846347287835,0.00650848993847861,0.01242122502876804,0.006142995513963874,0.006714509501358348,0.006906356594379519,0.3350661266150108,0.4142014752843893,0.46777661149695987,0.18987124523314003,0.34957185221224946,0.12765785331714607,0.21425181390499207,1.4355805214386697,1.5022926562869536,1.5608604369177776,1.2912543010619801,1.458904425767641,1.2678347605109348,1.341380912356491,0.43491045463359623,0.4281540149942078,0.42450385780415906,0.4517930002233,0.43079542260328124,0.44657534548167643,0.4412923089217219,0.6204473552098524,0.6102409900109007,0.6148348664437568,0.6358080056669917,0.6204033907958765,0.6339330122620128,0.6294589242936569,5.761555376907886,5.072090396097314,4.574527261401935,7.778034962505929,5.032595737804958,7.015705270462117,6.440539835400879,-8.699666555688546,-8.678891389753156,-8.717800914652175,-8.701337423607969,-8.717961265701957,-8.714394297158002,-8.71364973358354,11.457632570130757,11.940392185044967,10.77326974690146,12.28287570524681,10.617453049219012,10.404301163910493,10.763430242143746,5.021521185975348,4.838392742376585,5.212819616361056,4.818458583266988,5.2644248806393295,5.417292756413197,5.246799952206964,1,10.95411394637039,0.3861469629390708
sub-011,AD,71,M,374,0.7665667400179617,0.8059887230101498,0.7444872293239461,0.7415320043838705,0.7507476356862766,0.735507193352037,0.7458096783756725,0.09549648600188522,0.07668110763857779,0.10211988865648584,0.10523912697663755,0.11490421674817147,0.10281832822262635,0.10831388487496439,0.062046298490274675,0.05043774327262685,0.06826204493187958,0.07050761324553634,0.0611672550410882,0.077748557752891,0.06853277264173153,0.053617411243701035,0.04593234713412805,0.060162760403474146,0.05893029912551627,0.052915207642133595,0.06112464152626754,0.05625700127914223,0.022273064246177456,0.020960078944517672,0.024968076684214482,0.023790956268439488,0.020265684882329958,0.022801279146178355,0.02108666282848937,0.1864454627544584,0.18096811224727574,0.17475231428666246,0.17357297309565428,0.27164565903190835,0.12110059713272477,0.19927532417958724,0.8951010070793858,1.0108929841625431,0.8200454334112551,0.8161655460399169,0.881405418854364,0.7808267522070027,0.8373655925426541,0.5354856144819997,0.47676205011063794,0.5900929961433762,0.5588410810082383,0.5722340882230641,0.5572733736256288,0.5588432402701986,0.7612141752557468,0.6803135632004694,0.8878125406683735,0.7500556120161188,0.8492146563465527,0.7447851741733238,0.7739863370309724,14.636226141544784,12.529281744703564,16.526316157328168,15.805052201834545,15.240879350926015,15.930764572162598,15.311151843424744,-7.624549245970413,-7.497030216495623,-7.807465843429097,-7.66263298521174,-7.657369469158172,-7.67109313967986,-7.638270041265302,5.746031338573019,5.39606991532854,6.310631270386185,5.846118319267976,5.620158617175666,6.112631542915054,5.601982390019725,9.995282833330096,11.849501124439287,8.22643901825279,9.132422273985174,8.905442950637234,9.519265479793027,9.393458465748555,1,10.707573895564934,0.19293350257743036
sub-012,AD,63,M,438,0.8487946227511727,0.8465603373154628,0.8734297905059286,0.8374146847647681,0.8583421842409593,0.828100403882154,0.8440728535524545,0.07369274400519829,0.07039396191296962,0.058115130053427645,0.07977136752218655,0.07699614875140948,0.09149254810236132,0.08352815128161091,0.028288019213868337,0.028293154950454407,0.023582352774241644,0.03050398225381147,0.02440008011123494,0.036728526369320925,0.029291917121504123,0.03104318618837208,0.03591530559001518,0.028897475316147597,0.032471661825563485,0.027128488438710196,0.020224429941068,0.025224302887373252,0.01818142784138847,0.01883724023109772,0.015975251350254724,0.01983830363367062,0.013133098457686435,0.02345409170509546,0.01788277515705713,0.4125346060048283,0.3960087928977823,0.3919858363662481,0.4193045506547769,0.4743931431925304,0.39487041125590916,0.4506830769826959,1.2002115239633009,1.1571679173263387,1.26249744894593,1.180140316468355,1.2590578531013366,1.20930818100156,1.239993525327036,0.48191913316999974,0.48440302275457886,0.4478242259360816,0.5061685548299275,0.4492097917465317,0.5249330492901958,0.49201326731588146,0.6822820698082661,0.6485433109570211,0.6006454957004183,0.7574162024091675,0.5868124492705903,0.915758752554105,0.7630114599748906,10.121738281371057,11.167228435827269,8.895514653862072,11.076621506890367,7.795841497777675,9.880936906389227,9.111355689992111,-7.33197565454798,-7.460771779923737,-7.471664526841717,-7.261425549508953,-7.261194179195557,-6.918928330398929,-7.100334886118017,7.7925630972813735,6.015310906704285,5.663781014318897,10.151192007606921,4.605251899319351,17.26982786503683,10.946850253123772,9.0086069134844,9.28390648540743,9.777838187096206,7.280350137592956,11.640820211092697,6.399405106706507,8.416251669673766,0,,0.144534220370943
sub-013,AD,64,F,409,0.9182030346290302,0.9332422307901985,0.9161887626855975,0.8845502792731429,0.9249762510486551,0.9257329420624283,0.9051901508893311,0.05362337894856192,0.043496961161162785,0.05586549236365279,0.07926705340502069,0.0457514543904598,0.04622320900605825,0.06252171187447567,0.017079095105990504,0.012809244594671266,0.01730924741754065,0.02199460420911617,0.019360901168640268,0.01842461612805662,0.02124679064406803,0.007999681670620496,0.006832702175531521,0.007899777568600079,0.010468591348770278,0.00800400791557583,0.007289657332729972,0.008905751059194519,0.0030948096457971185,0.0036188612784359532,0.0027367199646092604,0.003719471763950574,0.0019073854766696724,0.002329575470727243,0.00213559553293145,0.5057615316115754,0.5285431391249332,0.508900210701294,0.5618408057613168,0.4350198792483156,0.41527181692565146,0.4821273983664686,1.6207212111996336,1.7056274023140812,1.586262794525645,1.4891821220924633,1.6484467194823444,1.596727083100323,1.565386761733304,0.41361192048968143,0.38457914545341504,0.4455356025763459,0.47746958883714485,0.3727569428607144,0.4009082397351405,0.42167917581654707,0.6372102929788693,0.5662704997635734,0.6874485724592008,0.8002844469370701,0.5797934168445936,0.5701191562969199,0.6801252663976415,4.598320536085309,3.9012895523693794,4.9039503771290915,5.832737720761179,4.420463645966918,4.37743518335124,5.042252790216758,-7.925402565503894,-7.879985326792849,-8.203009147873006,-7.924368595697546,-7.8321700762952835,-7.809869700864497,-7.8097206553708975,5.294445399926439,5.035558526647463,6.507007933278577,5.795956344589539,4.585707309174537,4.4417909031763045,4.685715244790951,11.259185886872702,11.901817603287686,8.569085432491585,9.818433284052201,13.00933538070477,13.30140652588485,12.486320671378834,1,7.267399367783911,0.2344255582501482
sub-014,AD,77,M,461,0.8059550397871792,0.8118770681847287,0.7999294561352842,0.8059430129245106,0.7945280612200311,0.8114308374496573,0.8022676304109596,0.06888320653090867,0.07065132020623148,0.0666833011568698,0.06782930721620933,0.0691628275667276,0.06768303380400745,0.06828474645132739,0.040622093174834464,0.03996590203887386,0.04002905791165628,0.040392499390775584,0.04273806989068374,0.041093537539807726,0.041587553335386364,0.05524173424848686,0.05094598559497704,0.058782954743756895,0.05603315494456838,0.060987434276652354,0.0547636323584549,0.05786885461076797,0.029297926258590873,0.02655972397518906,0.03457523005243248,0.029802025523936064,0.03258360704590524,0.025028958848072907,0.029991215191558816,0.22930971186681914,0.24537774230719414,0.22295913753806543,0.22519501677585185,0.21199714011979306,0.21679571462111102,0.21675306664941615,0.9648721325062513,0.9961289839708674,0.9443580642301619,0.9574462509297472,0.9238516776260567,0.9626267002675303,0.9440001109212985,0.5093052495619963,0.5046658844967211,0.5149735032317756,0.5105740448206959,0.519824821223919,0.4987236987755068,0.5113181213422141,0.6547669425005505,0.6626709899617531,0.6524946780906259,0.6515495914533835,0.661648741348114,0.6266231768242156,0.6483048620804274,16.529687228134282,15.278673387336761,18.226161415815827,16.866379152045063,17.92949555916164,15.590428045040682,17.045442922965663,-7.480611692265941,-7.379157227276159,-7.5479969220218734,-7.54725561482927,-7.551640070600435,-7.4947940624678875,-7.533229810241965,7.907496865708653,9.818145298767252,6.99174606234607,6.742211669154329,7.146789084752567,6.065485619590228,6.7256353156873265,8.326377640913472,8.248161661931434,8.08683798726812,8.35837533752644,8.020257794187275,9.35462742468199,8.48689886612893,0,,0.01888675744605095
sub-015,AD,61,M,444,0.9069460822469838,0.9190900346161469,0.9270724004752234,0.8867698780264186,0.9055170309615249,0.8767487569818726,0.8864887290221534,0.04476287728449819,0.042800520830725844,0.04369383531352015,0.04781743136731876,0.04492461247298601,0.04688297688079562,0.04653273145759681,0.03135870615830374,0.01925716141744757,0.016199528638198766,0.047166881922354756,0.035033495485865866,0.05932434351201252,0.051092248947208464,0.01077741403094865,0.011054718121157764,0.008827418255364464,0.011602518037731982,0.010157179676228202,0.012011986897107035,0.011067669791037765,0.006154920279265566,0.00779756501452189,0.004206817317693276,0.006643290646175724,0.004367681403395002,0.005031935728212394,0.00481862078200348,0.21409240297041227,0.34866270560186724,0.431788673717739,0.051675243541155616,0.10949915076166362,-0.10172386518903404,-0.020885878197352437,1.390071417360038,1.5045813082149562,1.5890430066183565,1.2288190448587586,1.3239078997375644,1.1125794369166138,1.191036564786857,0.4428927909155409,0.4271365552797734,0.43075443457120616,0.46238835359530567,0.44823197356887995,0.46924725081769114,0.46148404774989055,0.6585042253363163,0.6341893531660326,0.6538712762932687,0.6831715222876755,0.667943339633921,0.6870624361477541,0.6811986671899494,6.002801484125673,4.924743522216652,4.415778246040335,7.434718489811259,6.291745032962005,8.859289873309585,7.742651665827195,-8.558484535142986,-8.479409939723972,-8.615147634993226,-8.603109059602138,-8.598861035732833,-8.600437169531112,-8.599319022005705,13.882852883679618,13.00013051440659,14.48931043752438,14.558556841872376,14.138830229860352,14.327320909711464,14.276307013036964,4.144478912100371,4.625526081380135,3.833939465705404,3.8309746397910116,3.9320952072373156,3.872207091126941,3.8910703627729535,1,9.028858589188081,0.7146523029511904
sub-016,AD,68,F,481,0.943847749382618,0.9305642726874319,0.9601588811659115,0.9350861833013047,0.9615300031406854,0.9568729716663533,0.9604536301401486,0.03518051998962314,0.04466921470599778,0.026483255004195027,0.03561472001192563,0.02556564892977412,0.028569892505622564,0.02621223551638732,0.009881667396185933,0.011084630281996055,0.00741373569056756,0.012587840460371341,0.007197068233681215,0.007987747469664321,0.007379567264361717,0.006875227547236917,0.0075448197385170265,0.004153842410535899,0.011085986517479106,0.003979700906949225,0.004535504602755216,0.004123793388286992,0.004214835684336379,0.006137062586057282,0.0017902857287905047,0.005625269708919494,0.0017275787889104572,0.0020338837556046823,0.0018307736908154703,0.5490914163787296,0.5737892383234922,0.5528011977443056,0.49970726244560604,0.5505237745055557,0.5537041381997048,0.5503900377958306,1.8460295063582115,1.8097059635943755,1.9309593574937256,1.7453817066182582,1.9465524067974045,1.8962783781494839,1.9344508966217095,0.31364450819087414,0.3371386431271013,0.28662910907721867,0.3393384482881522,0.271940716709751,0.2831059416116909,0.2773845643180532,0.5650104480309519,0.636890341435439,0.5,0.5692415306350032,0.5,0.5,0.5,3.4566086824232523,4.0144988111332625,2.494867875982392,4.467328446177382,2.371648007607352,2.552605926315097,2.4102392777561024,-7.703632910175679,-7.725430634693745,-7.841657781319537,-7.509726390546897,-7.746539940467142,-7.743756061467021,-7.719758847074741,7.376503453394981,10.091725218597018,6.202033481925955,5.701881647614886,5.603833111740792,5.643181356432864,5.477084708224523,9.968850369381018,8.68634181014961,10.004584009969745,10.712775000230117,11.16960585716754,11.115047372429867,11.447801678628887,1,6.738674707604815,0.15022798897076584
sub-017,AD,61,F,412,0.9410310639099584,0.9372845058775061,0.9468917548467334,0.9330923040505377,0.9494581155484506,0.9485899228794814,0.9447949167716488,0.03726440024744673,0.04101156402637074,0.03398628349199013,0.040501865912408105,0.031758708183404705,0.03085010892053794,0.034407080092050964,0.011166858370975214,0.010967147623193016,0.00957752671796792,0.012540016908227305,0.010797672154027708,0.012057305718640932,0.011874629994758173,0.006994234312523412,0.007007570335601536,0.006740312101335451,0.008633358856712786,0.005682083479575945,0.006018418709574382,0.006257027122483723,0.003543443159096277,0.0037292121373286758,0.0028041228419729784,0.005232454272113883,0.002303420634540991,0.0024842437717655435,0.0026663460190583777,0.5212245054662215,0.571420076682098,0.5487407611053454,0.5079337139187942,0.46975295102522246,0.40805453750832166,0.46052414455031654,1.737824128273598,1.740207424582928,1.779201765173488,1.6638014502490712,1.7919486289983457,1.7342747408030392,1.7418740483838622,0.3666239405217037,0.37109107019457127,0.35998382303716486,0.3858432098052259,0.34618852652028664,0.35316374532855704,0.35826226875311845,0.5278221757652111,0.5256748806116848,0.5076270430065782,0.5426178087372139,0.5241074885029923,0.5416111728898247,0.5300935466173794,3.5242785101649585,3.695550084609176,3.239337660844022,3.9642608993027864,3.0979059568997003,3.1118333252138326,3.3262345318280224,-8.239679622370186,-8.292819896030831,-8.338213210518257,-8.244101781025313,-8.268793188333333,-7.853373616080844,-8.172986694486553,8.848911184390113,9.306800246610274,9.479131290448215,9.10090025940615,8.987393368255658,5.58926788170201,8.215382673567571,6.59569716048294,6.100098935469851,5.884989752294505,6.349501494980787,6.541105253166804,9.970631252289927,7.293200476002878,1,10.492103034075924,0.13807652443313856
sub-018,AD,73,F,412,0.8736240764503607,0.8722082941195335,0.8952523712622735,0.8556767090393054,0.8841029662231099,0.8663132725533738,0.8693501563399237,0.067492780201167,0.0633963958548517,0.05363372555338656,0.08340361385934111,0.06613659462607073,0.07283131843123744,0.07426142327548128,0.030876018678315898,0.03002939802130798,0.023331783437639433,0.034915745133486095,0.030098162807510195,0.03824287473472649,0.034765220227268905,0.019623330054582867,0.023054238363865224,0.022026493190396623,0.01707581782578992,0.014986982134477534,0.01605995260611788,0.015665083775970368,0.008383794615573493,0.011311673640441677,0.005755626556303646,0.008928114142077169,0.004675294208831268,0.0065525816745455896,0.005958116381356031,0.34031955861531893,0.3248309165776756,0.36162424252946596,0.3786027298227662,0.3437601339647114,0.280845574436866,0.3314750136188736,1.2733912739026587,1.2477367634411418,1.32389208422002,1.2587693768207027,1.3254445948431433,1.23859465779511,1.275368500599717,0.478564496673129,0.48175539582536364,0.46343126969961596,0.4929838494546701,0.4698542167096013,0.4743229044827864,0.4781375818194588,0.702606516159698,0.6994911778828311,0.6900335479792155,0.7264065408471335,0.7016390913529756,0.6862207402346695,0.7046858869792294,7.681888396081287,8.262619774863888,6.809322901126063,7.847163778992477,6.90667092123756,7.790452259218233,7.434257518762737,-8.569495645629667,-8.544624109473057,-8.636697705851425,-8.608263776250709,-8.60336692304994,-8.427399754472686,-8.554754317582042,10.106987762647275,10.513610671061747,10.128969347332648,10.678997374706038,9.728090169369318,8.075162371967963,9.412713583048651,5.56446931240823,5.505807112240136,5.336214562442506,5.193764649655833,5.57400827619158,6.839270017774913,5.869233164108388,1,8.106786230623477,0.3238392834275654
sub-019,AD,62,F,449,0.9107355700511773,0.9090995149050723,0.9246724156476356,0.8979063193989363,0.9212458625374969,0.9054495572428591,0.9145411837344456,0.044158268884671247,0.04213478233267628,0.04534891325790433,0.04528706694129592,0.04520126224477272,0.0456324191034025,0.045557217591782426,0.017968881883022935,0.01638891868493132,0.014286894828008817,0.01918544881276243,0.017226772691132552,0.027701763587221324,0.020890675330496496,0.014165056877179642,0.015246836375867543,0.009803906969109238,0.01858504399955764,0.010548011955097268,0.013506146632245163,0.012062208748947173,0.012972222303948913,0.017129947701452534,0.005887869297341618,0.01903612084744784,0.0057780905715006286,0.007710113434271744,0.006948714594328345,0.39854052351214814,0.41204066587986116,0.5016887779197265,0.37310495223695667,0.4189718621942949,0.21679177814094752,0.34758336827105535,1.4855974250525639,1.4903358202029016,1.6050411587179596,1.406926676072488,1.5415608959792177,1.3632437330984595,1.4703779601259017,0.44054223645177576,0.4386339099740675,0.42989797104341815,0.4569755462495094,0.43033798728944794,0.445627531384315,0.43758544086330264,0.6444111919994814,0.6331996354447925,0.6453722216170347,0.6618917272075339,0.6402123401810431,0.6535473028261132,0.6471414782647876,6.716678193071233,7.520717270067876,4.4753447556184,8.891791321321223,4.673506496671057,5.979072867862513,5.197392557731816,-8.597478254810193,-8.543367311636286,-8.647480121937093,-8.629481605956437,-8.62257252494666,-8.610215647731321,-8.623105761900632,14.184219673994876,14.171170678552345,13.706860671207954,15.587085134263305,13.305851531423938,13.457750955543663,13.511366731522697,4.447727032281577,4.587434662025771,4.469000702255182,4.041382125068836,4.591842615483317,4.523356262839352,4.521958681064624,1,10.42882773172223,0.24735136591200302
sub-020,AD,71,M,423,0.9259180040946153,0.9291005528054436,0.9314342077794581,0.9172063561511713,0.9293011320361497,0.9188533820540388,0.9233332832823271,0.04300639235593005,0.040048443680512004,0.043021503758679226,0.045739890285332194,0.04387408209028514,0.04656801515543252,0.045418420822239854,0.014009353619847875,0.012441042795835336,0.012553483837890006,0.015916324852364213,0.013747192463272087,0.01826154544665955,0.016058290056625648,0.009659261497125312,0.00936003731822525,0.008498812363941831,0.011271441289475147,0.008733550039754295,0.010611427424407606,0.009883506062423258,0.007406988432481336,0.009049923399984002,0.004491992260030884,0.009865987421656598,0.004344043370538532,0.005705629919461374,0.005306499776383884,0.4915106216246358,0.5095636201307228,0.5349402601961808,0.460198152185767,0.504256112822597,0.4066873710768101,0.4552598632074175,1.616548587314983,1.6514985720913675,1.6654641775794836,1.5497967751849981,1.636577151860423,1.5243110326426952,1.5754588445809574,0.4248174084668057,0.41105740222604403,0.4304590746808154,0.43264126183627233,0.4312598941861112,0.4392034956705645,0.4353833621606709,0.6291080067818227,0.5922377244261414,0.6607159828863182,0.6317692673157413,0.659322070986533,0.6600984134950618,0.6582609461665356,4.426032251212113,4.25224703355374,4.161034330254687,4.882074967651519,4.244507960863629,4.791978397096466,4.559624551957513,-8.50109676769656,-8.352421991514301,-8.627653071845955,-8.529299951702452,-8.610167875050747,-8.61161099906731,-8.607220366963313,11.579421913283165,10.385421297486017,12.50316521710196,12.38119158082728,11.968933609745376,12.18500223306344,12.180266086765673,5.285154161470764,5.918326378112806,4.77918390983121,4.925585474937994,5.020059187759587,4.944786614315245,4.9336913838138345,0,,0.08619204227835375
sub-021,AD,79,M,450,0.9084634198714088,0.9048230930018993,0.9245769910589376,0.900607981551117,0.918244083241002,0.8980740887195934,0.9067911024532087,0.04802664534284011,0.048444449947925405,0.04590590323388627,0.04939845746933778,0.046877960757616015,0.04872484501331313,0.04806074033166009,0.0176681287330368,0.017417871536700304,0.01404433091940118,0.021587410915695993,0.015719327032590328,0.019064363826019306,0.018360443921906583,0.013540858192910659,0.014932209437418202,0.009892622412655566,0.014558699816284944,0.011431382602396583,0.015272012646539428,0.01362363024443203,0.012300947859803605,0.014382376076056663,0.0055801523751196945,0.013847450247564322,0.0077272463663952745,0.01886468979453485,0.013164083048792663,0.44003865658615776,0.44818894736552284,0.5143870190739026,0.3600929274394934,0.47494131714184057,0.40752756258656675,0.42209302230486706,1.4914521873771576,1.4711859030018475,1.607941891438944,1.4201188728515204,1.5512441384800235,1.44062832899504,1.4793773273294522,0.4496117253984645,0.4550539601542915,0.43364817125219357,0.45634376735654747,0.4385807558292207,0.45759160541017596,0.44945662098881584,0.6655960325042637,0.6712124999791973,0.6564233869707583,0.6699530923861563,0.6564091227596246,0.6647636094954279,0.6620654277630847,5.713669069651733,5.9606904468868205,4.4662680707559685,6.38130309681548,4.840914150474902,6.694060072110324,5.891520955598859,-8.60130992353077,-8.593276422388039,-8.640189652481588,-8.594332715949129,-8.60482156419308,-8.579794538273935,-8.587892363647166,11.299749222526819,11.437473815692002,11.019949656588317,11.540166968656413,10.777089779368941,11.540566167834058,11.199913765204059,5.251519040224052,5.186903982661731,5.335818070787798,5.149895564090876,5.465907113242607,5.232888038585079,5.316783801247216,0,,-0.009981458853667746
sub-022,AD,68,F,400,0.8804199640307546,0.866587456607076,0.8965664322275303,0.8845269330810063,0.8877136155473865,0.8854596223430152,0.8842632580025153,0.06504460175702438,0.06822256853995978,0.06086437623591559,0.06296282423072223,0.06595475409273414,0.06299038284745338,0.06480438676566908,0.027201912235998712,0.029170084536657096,0.01977870125609901,0.029088284050133955,0.024638193081270788,0.031520960757365324,0.029859811505979137,0.01596980585781185,0.01873274157436638,0.014989935427976308,0.014355477195932501,0.01444088379755186,0.013291376908772978,0.013905254941314399,0.011363716118410189,0.017287148741940563,0.007800554852478661,0.009066481442204555,0.007252553481056442,0.0067376571433930485,0.007167288784521748,0.4157575670182558,0.44233957761383946,0.4890299584123899,0.35659723891813255,0.4281180783027693,0.3125918321159879,0.35082165859639997,1.3922673344815528,1.41439410150154,1.4407262668440721,1.3495801342243454,1.3886322137473355,1.3329623329835592,1.3445847615627744,0.4550858661555194,0.4548034641139247,0.45964583854902413,0.4494281625062432,0.46561238271669975,0.444759947167625,0.45407607010435536,0.6773328871910714,0.7224977885156153,0.6763094210682533,0.6264752987859716,0.6807613195132625,0.617363460066308,0.6423254924341629,7.154099492858651,8.471691653098219,5.8390573751312225,6.687110464792427,6.3307469576549495,6.684096967549317,6.650091221588453,-8.308225874827727,-8.082425964043868,-8.613765141062316,-8.321917152141536,-8.51219142777905,-8.306885779164743,-8.370072410538656,15.146629892049768,16.980057566793754,16.781541949653214,12.45543520389862,14.979437533354046,11.91044285838654,12.870277241077854,4.771468745552397,5.394059590161918,3.5818990654070046,4.96951609237068,4.0375544238329395,5.081532098579784,4.800566934248645,1,8.960523804106911,0.35081028981596063
sub-023,AD,60,M,420,0.8564445537616413,0.8669682366307855,0.8762961874936258,0.8531208084766699,0.8435552485618062,0.8158156614913548,0.8352572578774462,0.08582655868279201,0.08198681403299728,0.07701460416597643,0.08400151926417102,0.0884721916571517,0.1121652261079994,0.09546776982551777,0.02956214067184022,0.026007969376905662,0.025269012814549578,0.031118799475363987,0.03393925002557308,0.03876245035240025,0.036325055279270824,0.018612913937785497,0.016489081950300726,0.015047966752855238,0.02146643282648113,0.025687145483760332,0.01507536157502406,0.022034810016672995,0.009553832945940857,0.008547898009010542,0.006372228772992792,0.01029243995731377,0.008346164271708527,0.018181300473221723,0.010915107001092153,0.4748645642032699,0.5084875513133079,0.48699544275989265,0.4421092258045411,0.44292421679066135,0.4524089893995735,0.4282187359318756,1.3182725294568638,1.3583204518108476,1.3739832558382732,1.261106820575879,1.243179601590611,1.3215095212071546,1.2512400897574012,0.4921641618401063,0.4841427849023238,0.48055500502239895,0.4891134113312573,0.5065605559071905,0.5221596262659783,0.5063927311594288,0.8103995155444224,0.7427860423909328,0.7475817580492846,0.7256180337549883,0.809648608493084,1.3119626319802173,0.926393169823795,7.7943350979093875,7.1299045346883485,6.969331906729859,8.278141425581913,8.783887033185199,8.905406297693549,8.822207358133323,-8.01013717764949,-8.136198688747251,-8.182218822394296,-8.043971680565006,-7.940381485931412,-7.347763953436196,-7.765996550490383,12.79335558322711,12.054866937416467,11.653547589966896,12.08576930238044,9.564655718103635,23.34600019283323,13.467670898805649,5.081526986399409,4.85251339511145,4.840093911997876,5.201200464298938,6.027808441166445,4.586455029559945,5.67237523038696,1,10.763367713618594,0.2675650155378566
sub-024,AD,69,F,372,0.8982942796549346,0.8916038226361885,0.915663533115919,0.8882441892355453,0.9096651008651597,0.8987009480525094,0.9008164834815843,0.06607088400926432,0.07149673323672842,0.054326112800494465,0.07303042256975797,0.05840536790440281,0.06227676556259969,0.06306572789178748,0.019627208940079018,0.02039155229736484,0.015918726877307606,0.021536891059086655,0.017963390469587313,0.021191093751458022,0.019968261924186437,0.011461497393003305,0.01175912583384607,0.010473167369777192,0.01227863926224385,0.010204524076826553,0.012153469120676837,0.011420602369449145,0.00454613000271879,0.004748765995872141,0.0036184598365018856,0.004909857873365972,0.0037616166840234166,0.005677723512756116,0.0047289243329927755,0.526884974912679,0.5457921656545716,0.5325740262438631,0.5301242190195605,0.5119378053970285,0.4681184963789914,0.49966179701451846,1.4938478587805746,1.4776485888877857,1.5653088077034223,1.4537904541012083,1.5363678374611844,1.4596887213588812,1.4891203094609469,0.4495719337495964,0.45420674384644505,0.43576864953823513,0.45947656214344107,0.4398795059077138,0.4487844097028038,0.4471490497432534,0.663485828587994,0.6657202263837388,0.6512623310863669,0.678306244479449,0.6542346581834931,0.6582366063791691,0.6601026372358957,5.76891470253575,6.017128645279574,4.940459608376715,6.363902669750203,5.210686074437718,5.790215551889069,5.682328894130459,-8.62430951720525,-8.578154467486025,-8.668358853372276,-8.645184738555447,-8.652975882942462,-8.635028195665788,-8.647166688787646,10.192619639907244,9.606686336241946,10.435774919109994,10.543230046621144,10.54783128560358,10.644615001959352,10.591341352201686,5.5249181617540595,5.906915524843216,5.361016367292414,5.310312308507333,5.268479095354351,5.247650388727493,5.266968807283192,1,7.553670477152739,0.20596595981403532
sub-025,AD,79,F,338,0.8780224014472493,0.8993855638336079,0.9182850360906255,0.8440343325437626,0.8844992218530031,0.801118288328273,0.8461518335690476,0.04461809947469798,0.040407373783355995,0.04802972707172776,0.04737095168184546,0.046691330439228,0.04562264713776022,0.047079394226651514,0.042480732211543866,0.019766656498872628,0.01548392381972623,0.054547004765464986,0.0495343101369291,0.12776229779769954,0.08218122094959208,0.015384621699286116,0.015520393268906208,0.010484125759363888,0.021465481925567825,0.011708534459538645,0.015612575522556932,0.014462995268833332,0.01949414516722275,0.024920012615257597,0.007717187258556135,0.03258222908335926,0.00756660311130104,0.009884191213710284,0.010124555985875515,0.14532777382925038,0.30669922393092375,0.4918700063400401,0.024697273252235308,-0.021903240494169945,-0.4471781276536305,-0.20526416706459957,1.2802840438570238,1.4453479041786843,1.5706869966594683,1.0995593706333688,1.185008847930209,0.7713182438650794,0.9952756595265113,0.46593164426523137,0.44580176685679784,0.444881480400437,0.5008885671450871,0.46395308218446507,0.5010154583533786,0.48464772825501556,0.6722931171070922,0.6379440249385919,0.6657208121827137,0.7055593251700988,0.678491329617704,0.7265436621914796,0.7035163194188625,9.911918306594455,10.418488387143018,4.794264987761094,14.298498598165216,8.339099294521747,9.401470937892064,8.927625276211238,-8.359875484247455,-8.220131057391216,-8.47745958717959,-8.432224044368466,-8.442795348344937,-8.403527907457832,-8.434518995001943,14.875696549336325,14.216077140896186,13.9751792981062,18.13987051124366,13.588273393488917,13.937927165678431,14.18551627711095,4.733831238132913,5.510871763720097,4.552765294025804,3.673699003653862,4.655374338215764,4.523738133572259,4.4835017618977835,1,9.362402698981336,1.1605872402914006
sub-026,AD,61,F,447,0.8500467870031501,0.8171932992621203,0.8850102080070021,0.8357344490526207,0.8850229218629218,0.8887493362023773,0.8792365567737883,0.04983649120997743,0.055839736318967804,0.045248906658665405,0.04869448526372109,0.047878487320597914,0.040927527882061124,0.04734368269552704,0.015912077344870355,0.016574534401503825,0.014555615363258083,0.016934813511547166,0.015089890648615335,0.014815978330100534,0.015684782318931632,0.025054074731173007,0.03139435351735165,0.017977073581886372,0.028583638973940353,0.017312755680566103,0.01803145079385337,0.01891665032383109,0.05915056971082923,0.07899807650005641,0.03720819638918786,0.07005261319817102,0.03469594448729901,0.03747570679160786,0.03881832788792199,0.4935478025488328,0.5261651678042776,0.4929705132357786,0.4569220115321543,0.5013735223735964,0.44176596042056926,0.47873099044453715,1.362912025108982,1.295892337173509,1.4562883046495774,1.292328580824804,1.4593728846500509,1.4538921128289979,1.4304388136258217,0.489759580173957,0.5338753136646787,0.46987754078447824,0.5037029844106204,0.46294382832101566,0.37751439134673553,0.4440252988588198,0.6785679799921801,0.7533362640509784,0.6666558161070367,0.669295205313301,0.6474298339734198,0.5,0.6078346218638871,17.24801678016461,22.124578589879775,10.792407706116114,24.023216904948594,9.143360060257308,8.470048887527259,10.9633663228322,-8.41268616518731,-8.406179752382458,-8.587042611266783,-8.46672018197716,-8.52933154926727,-7.890887831185417,-8.328483636327817,23.771223768366507,27.257675679969378,24.000513389755966,24.603626946201167,22.215221274331526,11.893905031055418,19.191007631448972,3.052517643352746,2.6327244296586563,2.784854088038147,2.7328431796807306,2.9836951086625336,5.665871953633307,3.7655627585619533,0,,-0.012126147230235418
sub-027,AD,67,F,404,0.8792334953659933,0.8687101832199197,0.9000176193628371,0.8761795640014436,0.8904743722364318,0.8741354493054267,0.8825418536359045,0.07289762995450202,0.0820777345352218,0.058831545377773554,0.06513850619062533,0.07054008988195289,0.0809209484236527,0.07429295586420512,0.019836638982531966,0.018926846773384878,0.01837795749385585,0.022032666019321537,0.01875256323141668,0.022442993500654707,0.020286706973580544,0.015226426368622049,0.015166291952553316,0.01418089642328438,0.018395420181252085,0.012832128261360683,0.014258651278501077,0.013788969629109447,0.012805809328350957,0.015118943518920439,0.00859198134225058,0.018253843607357427,0.007400846388838227,0.008241957491764497,0.00908951389720033,0.563849269843945,0.6422301542097241,0.5055116264717281,0.4650862044987792,0.575299028312531,0.557374132609497,0.5640324623379854,1.4422232933108692,1.4607802065985782,1.4699378668305003,1.3712150751103263,1.4835100214903953,1.4157885806562398,1.4496584941418622,0.513383813733975,0.5308884475772392,0.5004627571858262,0.5015450026620795,0.5025232213677775,0.5114676907978614,0.5076523612400133,0.9342574652797933,1.011994634349064,0.915522897831217,0.8510893985180097,0.9024076928649429,0.9043900168560532,0.9045008757845734,6.7907609860213896,7.0283072174963195,5.908067832349839,8.041172735323338,5.788047676636295,6.286635371840217,6.162848795283198,-8.388411385092464,-8.396494117105119,-8.538005118724984,-8.07830873882366,-8.552354746499706,-8.51002147302614,-8.53284364697882,13.62612319619833,11.783870470584654,11.753559075353982,20.499300906241572,11.924006469520142,11.689673587043531,12.099485142131172,4.648784501169646,5.124544211067589,4.790180325018471,3.5964553422520806,4.693777295162392,4.808700907599624,4.672064194368306,0,,0.04604415307925436
sub-028,AD,49,M,402,0.9062314824278993,0.9040152898263961,0.9165914028565542,0.8972555868543616,0.9134504148269507,0.9055716684386774,0.907756284618633,0.06020483673943264,0.06311396336804172,0.05291994281010439,0.06596360257104651,0.05473327375294599,0.05764004724979549,0.05769898147044323,0.017836339275987,0.01753118842012607,0.01607339156827627,0.019644500440485803,0.017057473123817,0.019100765732323752,0.01829976033118708,0.01110761721180377,0.010682712687507817,0.01065381956904235,0.01204210971122047,0.0107006323231921,0.012016971845065807,0.011455038543613441,0.004619724344876944,0.004656845697928043,0.0037614431960227824,0.005094200422885137,0.004058205973094374,0.0056705467341368115,0.004789935036122897,0.5279080365211192,0.557189610209518,0.5171414601476648,0.5247378529772584,0.5065625982230931,0.47993091770666485,0.4989844690890486,1.5271559294270185,1.5417857451235761,1.5598085972673699,1.4831431995956987,1.5431596861078252,1.4909923973699695,1.5123406611216157,0.4257058213277209,0.4185202752159523,0.42231849390357584,0.4386669832120534,0.4245341844602444,0.4317713553876784,0.4295342059216403,0.6009334473784331,0.5834809669795014,0.6047287705810619,0.6210443961610197,0.6051403178420393,0.6097919407101683,0.609279433448724,5.2847812003131045,5.32205053765381,4.8045265579923955,5.77622279061179,4.980727446332416,5.347917933475353,5.253051157804039,-8.604360837352097,-8.51201820385471,-8.668002139007662,-8.654205453751745,-8.656583438797375,-8.654074967142382,-8.65814862487684,11.469774325955491,10.469245509162409,11.99375219663388,12.11167700742448,11.91612382219372,12.232328771418382,12.064910264972557,4.920071632748126,5.477289476145039,4.603130141127046,4.591727738330516,4.631222050062117,4.535183581154781,4.587677492982729,1,6.6483431645839595,0.11609178479047699
sub-029,AD,53,F,359,0.949372578225184,0.9402459334401155,0.9551798386186888,0.9543604835287316,0.954704044069253,0.9546319350094672,0.9546605953071428,0.03473202112208647,0.03983315890968458,0.03148457877598549,0.03204430336790508,0.031820103688629205,0.03149251404319324,0.03172743944807326,0.008681263123877557,0.00970131612650658,0.00797231879771323,0.008083814622205497,0.008073888438823685,0.008280453134847402,0.008145526787658746,0.0046489287298749436,0.005716069110870689,0.003995908029676111,0.004034118711296499,0.004009561242951257,0.004082139714230499,0.004025735062718082,0.0025652087989768116,0.00450352241282267,0.0013673557779361278,0.0014772797698606058,0.0013924025603430695,0.001512958098260359,0.0014407033944066742,0.5994381186311502,0.6085974902099174,0.5965131548825265,0.5981282737905917,0.5956123322861103,0.5801261329270782,0.5905247897796777,1.8868444571557925,1.8456686828892226,1.916150717541841,1.9106268397948085,1.9119200203160112,1.9018221664913515,1.908735156332954,0.4331053980427622,0.43999395884157533,0.4286588503344726,0.42942169438385347,0.42896675111906063,0.42924063451272104,0.4291208576329812,0.7364389251833826,0.7479422747089871,0.7297457401402658,0.72980486030365,0.72957748095538,0.7297772755099117,0.7298097742199321,3.655133245712289,4.160295766493709,3.3508840964491653,3.367452403766059,3.361109353587345,3.3598356689518782,3.3605435073083254,-7.491512898555195,-7.401348290787008,-7.546657224007872,-7.546624927291225,-7.5460949032705145,-7.532275473019806,-7.542504120700741,7.876626006963673,9.30913904479863,7.034195097981081,7.095450300173452,7.017837817656454,6.97701043555648,7.024787264106953,6.760318422528337,6.505057832254279,6.893445086791233,6.8890989689629825,6.910514232015156,6.971185684993662,6.913045670302735,1,6.732191831269224,0.17252664993814015
sub-030,AD,56,F,267,0.9020161708595571,0.8886449730625017,0.9368188596002138,0.8995888391351692,0.9217006713608019,0.8719392427351743,0.9019713580354717,0.05977786613069867,0.06987352700548817,0.040085403912179525,0.06394463034212336,0.048871994893185396,0.062007024830134747,0.05594439193493004,0.01805589496516071,0.018100601039291536,0.012769798750419342,0.019851372142307592,0.01552870021133436,0.02602840580426063,0.01972054857223582,0.011207127883835509,0.012519631444824809,0.007285997844183673,0.0096677570805703,0.008374153082025888,0.01982326428909556,0.012097125937222309,0.00894294016074805,0.01086126744789378,0.0030399398930036643,0.006947401299829537,0.0055244804526523444,0.020202062341335154,0.01026657552014029,0.523744742902721,0.5887038819883845,0.5075834254839187,0.5067131512353649,0.5003149549223249,0.3898375975364083,0.46488638258149784,1.5359817427271374,1.4984346313689414,1.7131429596141157,1.513929782618469,1.6148089294349193,1.3275179473060181,1.5032293800336203,0.4582536301375093,0.48620858835491193,0.38847957911319514,0.47300014548906316,0.42451593514633607,0.4861858646967244,0.4536111466517034,0.7373325292474696,0.7948147034920623,0.6268640996974955,0.7809275443156456,0.6468069226244476,0.7504459435145368,0.7038866777679572,5.940078595056847,6.561929933889248,3.821865338102151,5.987446280180063,4.714437691301501,8.684644779962078,6.155818441949881,-8.29526985870326,-8.356965351147494,-8.285408963402896,-8.476932138967532,-8.426126036696905,-7.534518150579976,-8.188654646025322,8.248795865025603,7.805261307891614,9.90505738442207,7.861847857930937,8.34621918325513,7.944535572744906,8.047487791261563,6.736068408406892,7.163987045864859,5.997283173813808,6.935769567736674,5.984527593437472,7.074439932988208,6.53809556155296,1,6.573303411380207,0.28996542992813445
sub-031,AD,67,F,567,0.9258539941095857,0.9289535933726716,0.9382058756065872,0.9142546810654968,0.9306325742703897,0.9125083302902548,0.9192905731378813,0.03807608045373857,0.03812434719857232,0.03763273507708503,0.03942038570738246,0.0382671260236353,0.03559698604966793,0.03794264734911028,0.019047009280204516,0.013955820532865185,0.01178100718417309,0.025575026702872275,0.017996601758346085,0.03628474947739144,0.028169634711560265,0.009537612007876641,0.01007900419146077,0.007099506223919881,0.011163652626186994,0.008244184308513857,0.009987958353690804,0.009115674271962892,0.007485304148594573,0.008887234704430367,0.00528087590823477,0.009586253898060787,0.0048595136391151456,0.005621975828995725,0.005481470529485241,0.33856778963424605,0.4371203074210349,0.5053843702988363,0.2239259390199646,0.3292732270191789,-0.013365348465236637,0.1529573403982364,1.5482280085412423,1.605866150033447,1.7139466714259222,1.4261366088691667,1.5684757253165742,1.311727743172658,1.4261735308264871,0.4034371404937116,0.4051472200363638,0.3960909516847058,0.4153930202942255,0.4003638502063925,0.3891693211378884,0.40106632853420476,0.5566892217730433,0.5592433196405987,0.5540690728124457,0.5659687097661054,0.5533794374797699,0.5380858031312822,0.5513466609059641,4.478112322692314,4.186933355183546,3.7455642425116094,5.338442180885471,4.0783468479868406,5.475049324915963,4.996736080679482,-8.350343157100465,-8.351553611193667,-8.407070585978191,-8.371717601519842,-8.400629874031859,-8.142836460221806,-8.310808883470909,10.792102181984987,11.266265024954839,10.817818567149663,11.13571836896461,10.696093638530707,8.550738095065672,10.025162231476022,5.700740564916872,5.442617418677025,5.58300994598705,5.396855119692873,5.623301319842203,7.504697263211074,6.183453485146537,1,8.841210966071582,0.6262455869991452
sub-032,AD,59,F,416,0.438845890102624,0.4499538410033272,0.4325708879564684,0.4328693956669131,0.4319617204959181,0.4316598084508768,0.4318441729656134,0.17629963917475816,0.17357870089000965,0.1771244960409063,0.17833519907184653,0.1776082536074859,0.17855159642888754,0.1781923749355183,0.14656884211192342,0.14338286635083444,0.14840580455483227,0.14820751489339376,0.14851504851035027,0.1487676584507909,0.14857986327886927,0.14077495963417205,0.1376095732249255,0.1428756264863644,0.14221045168926988,0.14292089219997467,0.14261292882934729,0.1427101756321036,0.09751066897652216,0.09547501853090314,0.09902318496142852,0.09837743867857665,0.09899408518627091,0.09840800784009726,0.09867341318789549,0.08026921633084418,0.08308187972000694,0.07682768207487989,0.08036677117204553,0.0776927618140283,0.07925676794554204,0.07892780205944613,0.33069207455847577,0.34637298675225786,0.3208002495606355,0.3231640011383108,0.32048056307528977,0.3210200334421077,0.32103033998892866,0.842402102150129,0.8330129487540295,0.8480344607308687,0.8473504994114047,0.8483131366935363,0.8480522548277059,0.8481431974029982,4.6748798061328865,4.372360576188483,4.84831938192882,4.838924391440944,4.860763936536469,4.8666223810229035,4.862478226321556,30.810055683996456,30.583719922288108,30.964255513776152,30.918703142461883,30.963204769304003,30.923912560413964,30.941769611330606,-7.785544159984122,-7.770234884005425,-7.796314475819375,-7.792832105519731,-7.795512282810609,-7.793443076845733,-7.794440950768548,43.045334770595225,42.31149175443098,43.57269740088154,43.36687344269113,43.54009025224551,43.43753081507336,43.47168690727056,1.4763016494914663,1.5026705087629895,1.4576005799911673,1.4645097304462873,1.458705330032054,1.4620405635710596,1.4609569279676469,1,10.071083690474373,0.33482191674039896
sub-033,AD,72,F,342,0.8892010656884313,0.8787300512543538,0.912345149799414,0.8756087958181703,0.9064878489714836,0.8923878548571729,0.8958213584664717,0.04906469566065687,0.04905595454499982,0.0474732884896385,0.05102686595818238,0.0474810861685768,0.049933473965053134,0.04894277369986733,0.026230636255615763,0.024259057965183604,0.018329548557421162,0.038086507794355254,0.02209121505496114,0.02748018054292317,0.02700049247680968,0.020406359566128452,0.02401812725027987,0.014988248525870171,0.022095733056462966,0.01584526006616463,0.01935524150126259,0.018273123474445964,0.015097242829167608,0.023936808985182943,0.006863764627656314,0.013182097372829108,0.008094589738814,0.010843249133588289,0.009962251882405198,0.29018887101744184,0.31663097421632097,0.41347178836203907,0.1311212705355947,0.33599217261629183,0.2621473823698883,0.2680027750427136,1.314372870755543,1.2869516500486615,1.4596319760367156,1.1901946435361106,1.4040936437495155,1.3062337802557744,1.3272645925409028,0.45839675821321263,0.4681734588852856,0.43787333346288637,0.4701523734570782,0.44220607548086294,0.4557382365972408,0.4522125289878321,0.6466960164612586,0.6491508291431156,0.6348120491840588,0.6587967448388191,0.6360611365322814,0.6476809861289046,0.6445184745795751,7.993230973956957,9.715402384914464,5.232368998062479,9.077965044591558,5.770847909925442,7.271030454225473,6.981345275650132,-8.65407871534849,-8.626144948875842,-8.68086386704678,-8.665856092959935,-8.669531898445966,-8.664934640586239,-8.66826990876572,11.17378147791992,11.219527577301374,10.74935917829172,11.655264596772247,11.020487379066344,10.917278490102863,11.165118278623149,4.846264799861492,4.7558618940974275,5.066374350500824,4.722752630521205,4.912188068579848,4.980650079679763,4.862410999058391,1,11.54113154403316,0.1817792356291683
sub-034,AD,75,F,474,0.9178498382314245,0.9185746837882202,0.9258717621680121,0.9111502647503701,0.9218683448418745,0.9106513799241909,0.915490582649407,0.050029072289496206,0.049856661040575866,0.04633983686522417,0.05392865498367749,0.04745385102857655,0.05223003130014231,0.05063581529145562,0.015409597508347625,0.014929273205205065,0.013614503633533585,0.01652549815601298,0.014721930572722077,0.01858307248967525,0.016661504253494806,0.011176195941474837,0.010135128902620935,0.010010265947804237,0.01233194465777714,0.011580218455663713,0.013651294364081466,0.012563324757321316,0.0055352960292569375,0.006504253063377827,0.004163631385425814,0.006063637452162481,0.004375655101163069,0.004884221921910225,0.004648773048321349,0.5168048810596894,0.5342731762153989,0.532049004353338,0.5149460074543256,0.5086256966558523,0.4487861868907169,0.48463927532676837,1.5678516735920485,1.5990457885064526,1.6146996790912802,1.525156222095181,1.5668674156922335,1.4752675529862445,1.52122454125208,0.4500636608966341,0.4477295702999822,0.44449627429033617,0.45847032680481137,0.444782490761376,0.4576924812808955,0.45257298874289564,0.7241310743046803,0.7568568573172186,0.7012241554697126,0.7149459243496932,0.6921429076311224,0.7103037619335574,0.7044661772278841,4.92243532913385,4.907728038379024,4.431614750185194,5.340461296464351,4.638299594332721,5.300293382739422,5.034198614625316,-8.448257746154026,-8.243340831341024,-8.600027915737774,-8.595105705001025,-8.480305779788464,-8.596043725478237,-8.552295127361784,11.096038687878293,10.854234442491839,11.415053990584502,11.781613808330505,10.168118477347509,11.484560667563319,10.979997479853848,5.2591943636352285,5.579409651313569,4.899542190626296,4.813445905686012,5.733172775334052,4.858448414624627,5.21146986270248,0,,0.04495627042880024
sub-035,AD,57,F,367,0.9105508093878307,0.9093662821124332,0.9201413920685942,0.8969235221754097,0.9195599159040446,0.9140516954810993,0.9150658698001323,0.051829985694505795,0.052389609047139726,0.04973209999652458,0.05544742558340432,0.049053131702773034,0.04994853371706101,0.04996125045626556,0.01753713554534676,0.018743275293745445,0.015568761949150418,0.018664650854666235,0.01585474551166442,0.016536761252130446,0.01643313702575472,0.011839274150658382,0.011768566813097169,0.009887090028394793,0.015090814558359023,0.010034916910948053,0.011218481059682234,0.011096409282380865,0.008242795221658189,0.007732266733584541,0.0046706559573360465,0.013873586828160731,0.005497289970569765,0.008244528490026728,0.007443333435466617,0.47056189071416527,0.44332512875418606,0.504549571866214,0.4730358226119117,0.490488258540778,0.480071620310607,0.4830778140568507,1.5202610361613753,1.503813235152131,1.58096109943573,1.4535802897388093,1.5731238883226402,1.5408454593854355,1.545590978460392,0.433804805929412,0.42755308734632524,0.42947313939492204,0.45126890689300425,0.42940490035090334,0.4338549772125292,0.4331624977465804,0.6210907383275576,0.6038371261521244,0.6284473696241862,0.6410371964361937,0.6254955304205628,0.6239433296398506,0.6252494472916641,5.307795042518574,5.353549349062695,4.661860572479441,6.295309248415156,4.709211923051994,5.039402942079558,4.991216957218212,-8.606444045864432,-8.537193186004092,-8.674599223529308,-8.637518167693763,-8.657026683987771,-8.60856708803465,-8.638042279449639,7.121556702576098,6.775966646856548,6.541500016582724,8.57809576312864,6.663898365403458,6.974616311238434,7.024390124045363,8.097123269779491,8.469935535594063,8.32483940868601,6.97179228870924,8.351221177376907,8.320221231813086,8.136682071722621,0,,0.0503253188527264
sub-036,AD,58,F,415,0.8499520977355218,0.867889989154344,0.8680253647656709,0.8176077830463874,0.8445053900020785,0.8329182682028552,0.8327097931415102,0.0523541715516823,0.04838905913284858,0.05049430764392815,0.05839982976412662,0.05302093623681184,0.055930397426648695,0.05520410592969838,0.05511500136176435,0.04398400277238854,0.04521225700212347,0.0746721571412104,0.05891607835801057,0.06411168591077962,0.06491345741154533,0.03398048548606263,0.031401430354077976,0.02940900850677618,0.03839491877517801,0.03602165618242458,0.037973771294164925,0.03756898059257777,0.008598243864968796,0.008335518586340953,0.006859062081500877,0.010925311273097683,0.007535939220674487,0.009065877165551831,0.009603662924668363,-0.01097818063896496,0.042837796860399305,0.04989787380832516,-0.10385512044966462,-0.04128886678837998,-0.05942827471215322,-0.06519550469695497,1.0136624892731094,1.0863095785102375,1.090863479274171,0.8913776802575307,0.9790930695399616,0.94001993957245,0.9415401911706718,0.48759759013682885,0.46623450973312763,0.4784841328264567,0.5159630018637283,0.4967294528227737,0.5056099400326248,0.5056071817145108,0.6846306243685975,0.6485662328847973,0.6839369870559455,0.7214794835495353,0.7029283035269361,0.7107522134314925,0.711259805031416,10.930901459610801,10.29361599536584,10.290275152119163,11.840593289948963,11.328434791664192,11.70665638694923,11.67176999715355,-8.604677401793102,-8.519756240092113,-8.662083760595257,-8.640617758081643,-8.66071028803082,-8.65986188760968,-8.657401985115834,8.19850260472235,7.569080697081735,8.009675646412246,9.035746247331648,8.364631907622195,8.76103847936129,8.773446204582081,6.592546113254712,7.140699320646099,6.670070760559182,6.030204394047299,6.338803952984121,6.063019595248857,6.1260030058277275,1,11.810730925746542,0.5305577433233157
sub-037,CN,57,M,377,0.8359509436174642,0.8437819876864727,0.8654287177704708,0.8523230342105071,0.8165743266805242,0.7606463723657493,0.8131635802889389,0.08337747598645112,0.08381222765784216,0.08096351695960181,0.0773475573111718,0.08630225184646491,0.09314945723739439,0.08295437404074427,0.058078707240959516,0.04661048746806127,0.03357463207426395,0.04861059960060836,0.0773716974176397,0.12497031921182883,0.08444475290384842,0.016392769929179953,0.01829934731156671,0.014931769264039626,0.01565463359445647,0.01481056525937583,0.015760829762689922,0.014563027163249278,0.00620010322594522,0.0074959498760574835,0.005101363931624147,0.006064175283255981,0.004941158795994963,0.005473021422337772,0.004874265603218818,0.19161305581485993,0.255048229844265,0.38207125718055773,0.20158860718237756,0.05230361166270261,-0.12708429184340356,0.013021192442739766,1.1168966650006553,1.1559776299964848,1.2905403926695487,1.17711724289282,0.9941706638120108,0.7832955420105516,0.9843283132384497,0.5008848720552281,0.5014717368761651,0.48791900501335156,0.4873330765204984,0.510489047102941,0.5309769742426536,0.5044264868137585,0.7434241623657795,0.7355281275447083,0.7208226578221003,0.7157494640928564,0.7648245075865755,0.8282114197696988,0.761423663112452,8.081308390580052,8.249484087993448,7.316528986745173,7.779833685499078,8.40617385937039,8.755513762361902,8.193017777758312,-8.537719663984875,-8.562889965871168,-8.609317641188115,-8.393547573782838,-8.59235129360536,-8.54862337755135,-8.470131332527707,10.429644035603184,10.878942074939086,10.539662047089262,9.370695527699278,10.53278220495215,10.65526364248278,9.748482465292636,5.331164942074633,5.0284371526626614,5.056788561667191,6.48826314090192,5.007503072512799,4.973573182315861,5.867873235759789,1,8.377288921534285,1.0837723623478688
sub-038,CN,62,M,436,0.9658564183001854,0.9610795834210527,0.9741543315378012,0.9658398913067184,0.977097002732981,0.9533006478584676,0.9683119208545301,0.017294795810359743,0.019928379725864285,0.015210896453480048,0.01727036834378961,0.012530170854864735,0.018398893507796187,0.014713361459748896,0.008669362504867871,0.008431822841614497,0.00498564434563303,0.009252038975352176,0.005736826526330586,0.01825977959194426,0.010462575402131358,0.005818289643820914,0.007306379294142857,0.004206114024650203,0.005384968222825515,0.0034924385982184284,0.007383658706844712,0.004829889444908109,0.002361133740766048,0.003253834717326028,0.0014430136384354704,0.0022527331513136324,0.0011435612876055502,0.002657020334947561,0.0016822528386818529,0.32473943181368053,0.37769352298782105,0.4813411807085434,0.2644170641494217,0.3413395437591665,0.0002420567721837033,0.19342468279920608,1.859658097917432,1.7971223111855745,2.0597395355657793,1.8277804773047996,2.0349564281706587,1.5792189408518331,1.85083344817703,0.3121541581411003,0.3300333946951527,0.30434392998329235,0.3129962336865958,0.28193862408481934,0.30493132243205967,0.2924297604077001,0.5,0.5,0.5,0.5,0.5,0.5,0.5,2.3612359761622725,2.57995773487324,2.2144438161452693,2.3140106730072305,1.9264978416818135,2.5624558687301633,2.140431061624281,-7.8452463400240315,-7.9703249773301215,-7.880440481194459,-7.7397572723253205,-7.724785500199285,-7.746349292831631,-7.665815123338622,7.049909984506003,8.12716048697109,7.1705499287169765,6.442486558515686,5.86520620614666,6.090475829081391,5.588048772684514,8.789938258002351,7.358524770038871,8.44271451858714,9.979957970420543,10.19153344724505,9.838288866296912,10.802407106525736,1,9.870189521172579,0.5246946486286639
sub-039,CN,70,M,417,0.8699561989127996,0.8597278852276338,0.9143977726424976,0.8783513725459042,0.8758767702693088,0.8134217319153616,0.8477966960584553,0.03628754900915445,0.03833088483627339,0.03622434477067036,0.03268022714902615,0.03473348832954279,0.03877641471163834,0.03738020227131428,0.07292688052640549,0.07222884297253676,0.03322742611161759,0.07442105248132537,0.07459055533562635,0.1294353374634568,0.09868014095316703,0.013765341186582406,0.01793889515742686,0.011884338296453927,0.010192462686973089,0.011138559435339944,0.013065336249901853,0.011780980362817713,0.007064030365057906,0.011773491806129152,0.004266118178760218,0.004354885136771388,0.003660626630181976,0.0053011796596420056,0.004361980354245839,-0.25588917719518284,-0.27278102863698406,0.054345003716065786,-0.31470967311799625,-0.2729125601277352,-0.5189429022712961,-0.37649308014133137,1.0753480031156617,1.0008841003970617,1.333813723352647,1.129638238804995,1.1041701885067317,0.7964593328100116,0.963050143745683,0.3975129281038394,0.41452384962000616,0.37159315921942704,0.38554310998228913,0.3856772383475131,0.41854752700146447,0.4087838642131554,0.5144993192758157,0.5008683489192958,0.5,0.5460068782863902,0.5030714848871117,0.5380833279992654,0.5384869462579182,7.753027625196786,9.210897523800769,5.357489709763645,7.010622037894937,6.8705454690126375,9.052324262112474,8.03824310120256,-8.102266054313139,-8.172732546685065,-8.190202820971558,-7.999689599222373,-8.072931812341436,-7.9728824541628605,-8.019025825109985,5.3577595248786904,6.347126943688136,5.045441725809019,4.880994335495435,4.729020803831127,4.2600887179879905,4.5283939929645785,10.17190138671024,8.649686982306786,10.379030583811238,11.025866599563953,10.928592510495763,12.345990895085112,11.623402109183662,1,9.021023225880418,1.2472127908927
sub-040,CN,61,M,497,0.895140992503547,0.9150925930378613,0.9003777588508076,0.8676528325666883,0.8835985746524453,0.8897451877629259,0.886701059829784,0.06056639569268021,0.04999131446631083,0.0639289961042711,0.07753324845549135,0.06511528276042906,0.051778243240341026,0.06020908430575748,0.026069164178091894,0.018449149239167326,0.01743921875058164,0.032548637756016956,0.03210561504709867,0.04367051114623298,0.035436163888513464,0.011821974127957153,0.010474950260409673,0.011878706047555636,0.014025645363639486,0.0130069300825349,0.010266683381744322,0.011989485674365082,0.0064014734977239285,0.005991992996250939,0.006375320246783787,0.00823963585816418,0.006173597457492844,0.004539374468755726,0.005664206301580273,0.38105086367921465,0.4313920549485939,0.563955569392457,0.3629558858944767,0.31069664172927874,0.07222092416090345,0.24062345783586733,1.4197783677142182,1.5268514370245352,1.5172519395687327,1.31871930862573,1.325508974886745,1.2423344747645237,1.308718267823142,0.45036044800552805,0.3986372095376595,0.4838021290609429,0.5044445902801649,0.49292469938697164,0.4092145994385067,0.47226641383802154,0.6711944761562361,0.5414505320194033,0.7560756515220558,0.8343308792017796,0.7591300954663652,0.5398002825301407,0.7280324084589249,5.924391406715021,4.697417465696782,5.513019103727139,7.081475733270756,6.927930728995084,7.016381018229106,6.875791826279401,-7.771649430599043,-7.671219794357836,-7.9771917299243995,-7.691901711961903,-7.968872782370139,-7.678500118072867,-7.792647534134978,4.165509488484692,3.706981099252109,4.930041639161893,4.253316517405757,4.756611035506096,3.561294246408689,4.132879434866282,13.996608101406986,15.745052540984693,11.578515550408525,13.672882035705783,11.763021293594583,15.502023732503709,13.878999931920317,1,8.896384949067679,0.5072000754925803
sub-041,CN,77,F,432,0.896255944743096,0.9048570489341505,0.9247366393276591,0.8858390237029738,0.9033613423545496,0.833606783860626,0.8743037756282902,0.042446915820663886,0.04295049215734541,0.04298278113427517,0.04208539826839635,0.04246977663846948,0.04056934454968829,0.04173986229596025,0.027630268098780487,0.01869233379755501,0.0151775134280873,0.03602078248215818,0.02963123128459481,0.057809696613632555,0.04385389025362887,0.01808811933617152,0.01733790587033917,0.0109268895206715,0.02073208752829518,0.016179354077566866,0.02903092269349447,0.021710396068534418,0.01557875200128797,0.016162219240610037,0.006176176589306598,0.0153227080181765,0.008358295644819049,0.03898325228255909,0.01839207575358629,0.23660501278744203,0.36127409171378605,0.4521352082757857,0.11027949488943845,0.15646401353231723,-0.15016952200858258,-0.0010174534741727323,1.3451711847667145,1.4219059916203525,1.5690517303372193,1.2344006497663187,1.3149142291747722,1.0077050458119283,1.1634160624858014,0.45913577665369587,0.45459522397671764,0.4330508881423636,0.4669759653472683,0.45063111544322004,0.5112316582186862,0.47523836415270077,0.6741178371066864,0.6709545426223079,0.6561680492853991,0.6785459231208757,0.6650044784046737,0.7169279155585833,0.6865712952603193,7.92501755748732,7.099690740689974,4.536173531380004,8.827572615121424,6.560796278444031,16.138149258735726,10.427904023876787,-8.648848423675545,-8.636990407868117,-8.668161472935894,-8.654914883350433,-8.658394699874307,-8.634929571463093,-8.651464065873991,10.08271135102544,10.224016014575316,8.079367672616849,10.377579272977055,8.781276993407987,13.955576238736704,10.50342138869455,5.564664239677651,5.656442854544115,6.324956016061674,5.349087438691258,5.805232223687999,4.173303049026244,5.249359493606141,1,10.713318265269516,0.7882059515240609
sub-042,CN,74,M,476,0.9162542994699386,0.9419839106176552,0.919546895685813,0.8971830479827944,0.9202965869666402,0.8533408378583552,0.8818150953786885,0.032701082857529755,0.02640245153512164,0.04292737904423797,0.0308340517413416,0.03346589040961039,0.04199369911015116,0.03755595811786406,0.03220806755600282,0.01735161151107626,0.02039725791942702,0.04893292407436339,0.027858168838299602,0.07499701320794316,0.0557926612457484,0.013628924259452635,0.009455388982982411,0.012227797713393431,0.017043810154641296,0.01406957171770073,0.02284724456843777,0.019178588146967167,0.005207625857076407,0.004806637353164533,0.004900669637128694,0.006006166046859839,0.0043097820677492965,0.006821205255113332,0.005657697110732375,0.08759582863071023,0.1881933143741159,0.32318763606350126,-0.10171043744611255,0.09054693117972136,-0.2436972042902672,-0.11165262223250351,1.3921532973296507,1.5787248349367213,1.4702202323990807,1.2405150369847924,1.3639553937490458,0.9676258891613811,1.1345359990970265,0.35347089813467464,0.29274418589090595,0.42906013543431126,0.35393842081482774,0.3533608981507214,0.4518604896540338,0.4071152445999021,0.5445014063025174,0.515502883330964,0.6299119390558664,0.5373570351669306,0.5,0.5989212892978808,0.5496101027519262,4.968296154629947,3.153355515784328,4.844833637623089,6.224630853136301,4.579022062598431,9.57702390713446,7.422184589146885,-8.070172442814945,-7.845979272549836,-8.559043861770538,-7.976996381489906,-8.069362738874469,-8.309108088870214,-8.178970892717214,5.03325819130369,3.96495370214959,7.719260754948312,4.771143463760988,4.407469239649552,6.206232940442727,5.295957262404182,12.211075916054932,15.319687056005705,7.0025891492261,12.411749987282338,12.269190086556806,8.655147678262866,10.450993032776426,1,9.535739410901106,0.8812869077554932
sub-043,CN,72,M,403,0.9333661701304757,0.9329702361298463,0.9353824596533014,0.938530044609972,0.9421210322693357,0.9082674626811575,0.9351703458449622,0.04246227554406096,0.044181858085880696,0.04432167400086989,0.03869191628324901,0.04004730571603683,0.044817812226138606,0.03936506781347692,0.013034437251401243,0.012737641701097148,0.012008366012045952,0.01192708112868236,0.011178082756136224,0.0206115725248338,0.013565838613263301,0.008034633088323142,0.0074828395454671435,0.006399255234221156,0.006788517159587417,0.004900227297156495,0.01961281781369352,0.008799336620746308,0.003102483985738941,0.0026274245377087605,0.0018882450995613414,0.00406244081850937,0.001753351961334917,0.006690334754176151,0.003099411107551526,0.5231400016097597,0.5407282112390993,0.5677670055817285,0.5112206575977285,0.5571710574447558,0.36743286622068605,0.49005121418759473,1.695381149895723,1.6858100657812576,1.7278187064860742,1.7349277963626066,1.7917835405291875,1.4565267305268605,1.7124419370599786,0.41698146700133654,0.42051471260005957,0.41942529417844626,0.40531543772101464,0.4106790925108434,0.4337349869365247,0.4084925981418709,0.6593709411453365,0.6661561403161148,0.6695944195387126,0.6354428278414959,0.6627604019233361,0.6630595618982309,0.644322594868871,4.317815423811232,4.0966536343719895,4.0249137789772815,3.9098615835755957,3.7863648450528777,7.144317702708305,4.587596195799422,-8.281182179850932,-8.333615014917635,-8.35139643811331,-8.198361897067405,-8.347575469689874,-8.058396500532545,-8.18080475284256,6.53601235581727,6.684743442690839,6.528314009432478,6.538531337382972,6.657288669081566,5.840048638309117,5.963934669881139,8.21254367987961,7.835393601247678,7.898698595070677,9.036326371933182,7.919877753791308,8.794770087330072,9.148031344442098,0,,0.09122559104143235
sub-044,CN,64,F,429,0.8804515783524488,0.8994789697321529,0.9229132834927354,0.8666360439962133,0.8752246659770622,0.7856345880886049,0.8379125790897238,0.044777663626402626,0.04594814957041276,0.04479248630390681,0.045027088019133424,0.04400321532322617,0.041321552475413956,0.0431856296232782,0.05540938266217505,0.03636522893498596,0.018053859440651614,0.06614499337451155,0.06066192520366434,0.14874717030271514,0.09648300564323874,0.014591035521666523,0.01295629060571789,0.010511083347804777,0.016925648972282506,0.01606937808972791,0.01954583023495529,0.017853694453758638,0.004770339837306946,0.005251361156730494,0.0037292874149009603,0.005266225637859038,0.004040815406319369,0.0047508588983106856,0.0045650911900004,0.001692183109794728,0.11113067069473882,0.3958068902670937,-0.10324679828210545,-0.13628126612977862,-0.5556764475302978,-0.31414134243375386,1.1879763604615592,1.2881032918899051,1.530345715974413,1.0844276489680125,1.0807592226707836,0.6919011968663242,0.9133623079370976,0.4595971186541553,0.4482991317306849,0.4342712680912025,0.4707177823453599,0.4662760288016102,0.5048691561271398,0.48410641592898845,0.6847529901477835,0.6630458368612885,0.6646569723849983,0.6950116405470268,0.6931361869310738,0.757779957321269,0.7202090875506633,7.92704086241014,6.89298780345792,4.610136784065706,8.864425157571135,10.243396105832803,11.172281230803556,10.684644599614945,-8.56174645169817,-8.53364017514739,-8.608492853521502,-8.568891634199689,-8.589661900199568,-8.533835279135758,-8.568161166863948,15.146683732440671,14.614736827394983,15.695536845527881,15.402613108462969,15.659296397877045,14.904440480270605,15.358656503858787,4.2921524428556985,4.48604800574893,4.149750028765715,4.196999269262601,4.112784777171615,4.28647943957669,4.186610210396441,1,11.087626095763689,1.4248519002337048
sub-045,CN,70,F,420,0.899656657064336,0.9007759035189602,0.9140496172880468,0.8788413521247359,0.9106749722784703,0.8992529911955842,0.905396349473636,0.061125089304941045,0.0589862156083804,0.05605588713208278,0.07216706951005106,0.05683832118704887,0.06056114226880889,0.05815445005087053,0.017333698356504182,0.01598115336288194,0.013580953353183663,0.022454550894429704,0.015295565154365663,0.020512218066519552,0.0178851722587241,0.015351807546446631,0.01667059352877431,0.012041236026328677,0.0180961453832287,0.012643369473035014,0.014275895325029979,0.013552459882897232,0.006532747727772078,0.007586133981003059,0.0042723062003571805,0.008440882087555043,0.004547771907080026,0.005397753144058137,0.005011568333872569,0.5504540792254901,0.5674083246893372,0.6160598658476444,0.4963211277579059,0.5709315377283625,0.4702552553496522,0.5161726247837121,1.4798113503025263,1.4779347159330751,1.5784832793281236,1.3834104247677845,1.540041811759079,1.440827835941866,1.489038842933033,0.47687515718736506,0.4813332379299943,0.4629168124187281,0.48482591662548935,0.46996927055402354,0.4766667028148822,0.47222305605996995,0.7718991815449211,0.7894392666412431,0.7550197039975748,0.7511891972786284,0.7733429979500263,0.7750823439537413,0.76938032356806,5.690632649541555,5.845683181785586,4.693819188548875,6.695386304530078,5.0202784131563245,5.639200022777276,5.332350524665409,-8.259411786384987,-8.342813902600609,-8.36416769077155,-7.900545476024111,-8.37825364593701,-8.349840354444172,-8.343864547983326,10.040633914704316,9.207965485174823,8.86316557164068,13.738739783530502,9.019451939043686,8.85673715849157,8.734727815808204,5.819391919674286,5.949048370908386,6.066973027356468,5.18495959547778,5.960772323552636,6.051016721407154,6.164758915032662,1,11.17273765200714,0.10044378346483995
sub-046,CN,63,M,368,0.8739150443397596,0.8902388587661727,0.9153202375759023,0.8693332716479327,0.852917424840265,0.7953338786259969,0.8341841898889434,0.04963815404389953,0.04743226802898946,0.04194728421483503,0.04782348113990521,0.057480714105813964,0.060760565554798376,0.05670375153543978,0.04610869558998742,0.03136604381554182,0.022379394041899797,0.0515908383630748,0.05818387129115075,0.10422488002475877,0.07485943322943737,0.02211646222151068,0.021248896988546033,0.015085413143816062,0.02349922639530349,0.02409288817443202,0.029969346876461255,0.02610705961127296,0.008221643804842471,0.009713932400749985,0.005267671023546794,0.00775318245378358,0.007325101588337611,0.009711328917984756,0.008145565734906181,0.08754050298384165,0.17649880554469505,0.3044499411736989,-0.0007875471384958602,-0.004661763738485601,-0.23421821293576534,-0.1076159860740994,1.1780174301438262,1.2626172603465382,1.4428476211858037,1.118065537111662,1.044484227084038,0.8048763285253777,0.9591248573563723,0.4371842785089618,0.41467755624410657,0.405643842584636,0.4373704529789693,0.4749734003510078,0.5062124286193603,0.47850659226104053,0.6030185520255911,0.5728729701157197,0.589640380224942,0.5877381541160767,0.6550814077241119,0.6810618586823616,0.6474834274522426,7.90116132189691,7.333614899042559,5.329131728869392,8.302651535562383,9.473707052818854,10.583819167714548,9.829718371967548,-8.342834440003838,-8.325367756690744,-8.346452982207559,-8.175773393357105,-8.54088323698637,-8.435588916113733,-8.407272530515263,9.78825239806371,9.77583945117198,9.790456951881298,8.351811506152865,11.400716271737982,10.28257685476868,10.227652342039391,6.603523043989314,6.502418997428783,6.821569856950997,8.211440562421352,5.124267606676054,5.633365106614455,6.125313497832228,1,9.777390547129105,0.6727752263437718
sub-047,CN,70,F,393,0.8716612171326649,0.8898514967086585,0.9056899057026365,0.8628174460164577,0.904690384126372,0.7250959975035844,0.8360172827514745,0.05822957682980901,0.05131992026455671,0.058392177087678375,0.0519799353096193,0.04222645606928737,0.11867343860254982,0.06690523092253982,0.04243175894136253,0.035429352882110535,0.020646457113781633,0.057423430164114615,0.030903016713306763,0.08692790378669529,0.05956360743842616,0.017664493028987916,0.015647803478625644,0.010765995673750901,0.020255714346045936,0.014793101807363943,0.034195296686431315,0.02239145587532745,0.01001295406717563,0.0077514266660486915,0.004505464422152427,0.007523474163762491,0.007387041283670125,0.03510736342073925,0.015122423012232327,0.15664184331922837,0.16614354755247862,0.45244263971416104,-0.01812667000015262,0.14275068032899269,0.05005845503456885,0.03018599470353821,1.2365549662400077,1.268835938473223,1.498090553890021,1.087845053520787,1.3591184539005818,0.8448427758963143,1.09967061535665,0.48698121425749746,0.4674623757722383,0.47415297081871105,0.49047211641081273,0.4620678071195325,0.6049278205144009,0.5143086482199613,0.7796276332654067,0.6956884676308314,0.7785878043175796,0.7263287459792049,0.7055598708812135,1.2926738745568551,0.8828091515888772,8.710007192437114,7.410960439639638,5.471396305715366,9.221267546525436,6.883327700032702,19.832085687740886,11.521291665937907,-8.477878001018924,-8.563500509975883,-8.61699028377428,-8.642885624834717,-8.36620514286546,-7.807024835135147,-8.283926821961632,19.95426937991032,18.688906620365277,19.177224411786472,20.187143407043926,15.926108713750914,31.12509943547561,21.39894263364076,3.4738381165975944,3.481332728111913,3.3493270770812607,3.1630716904788256,4.867934107939575,2.1647624007965556,3.6207975870247155,1,10.326784324198847,0.3986470879232549
sub-048,CN,65,M,495,0.8932251452067339,0.8876972113351821,0.9026601620085151,0.8957793961969235,0.891145595558494,0.8964312110464738,0.8962899398823337,0.0650803773485264,0.06738288693952568,0.06542144684816538,0.05827134361110044,0.07693065410106718,0.052352641876611275,0.06260705494154913,0.022184522190403573,0.021162231000667397,0.017447953895439208,0.025758235694023798,0.018758821523873977,0.030858517789480698,0.025596548136040054,0.011647649709515628,0.013329339995593851,0.009789332093905827,0.011817025171075081,0.009230298285312728,0.011836486344841989,0.010218516389097201,0.00786230554482055,0.01042833072903102,0.004681105153974397,0.008373999326877594,0.0039346305312516275,0.008521142942592413,0.005287940650979783,0.4725057940649036,0.4966282551866961,0.573933002360688,0.3650533386421581,0.6049473723519164,0.2521789111099235,0.39876736671227847,1.4633589662388025,1.4432733277622276,1.5507518983210966,1.4139158583174765,1.5540201293542433,1.365463773952864,1.452008429907458,0.4805310112178116,0.5009411112722926,0.4860544315469884,0.4660928706062232,0.4722555250719294,0.44210004097536293,0.45172858937834776,0.7649583786277381,0.8191821425074373,0.8049012224192774,0.710888060108466,0.763055271893875,0.6262562365008209,0.6793567671267676,5.995105430357859,6.306139119301546,5.36754875592263,6.1303532716743305,5.470668572856643,6.363982134326675,5.80194850532587,-7.806232169596794,-7.911147629797881,-7.945569392035998,-7.8125565981722875,-7.756972534748921,-7.291262820354996,-7.604647086850091,8.821522022336737,8.69598822350775,7.024360362896593,7.469094046165066,5.988404095606497,18.911165649837123,9.565216961426328,7.610654413909228,7.044500226996462,7.999766681634458,8.341736697623809,9.321876465157676,4.979528022214226,8.32201181796446,1,9.760221691927887,0.37331850851274595
sub-049,CN,62,F,381,0.8850143114588173,0.9143437504151117,0.924142730447486,0.8597742609008996,0.8822064240229884,0.7783605788983623,0.8330571127967811,0.04471930473086189,0.04426762772947492,0.044612420232221374,0.04528863483967517,0.04443583804563659,0.045747040793888485,0.04499719583514172,0.04765456297439299,0.02216063573783947,0.01585221410324741,0.06536673630096647,0.05342466562850543,0.14050733097473303,0.09382510419087257,0.01575073131808444,0.012245993472747718,0.011024061213087464,0.020694435078922706,0.01485591474496373,0.026562136272263,0.02088315060223838,0.006861089517843178,0.006981992644826092,0.004368574003957677,0.00887593287953559,0.005077157557905593,0.00882291306075278,0.007237436574965971,0.11365433455527912,0.31084336016597897,0.4494272629810146,-0.039031621077807804,-0.07936108560820536,-0.48527160620937315,-0.27981002636441266,1.2639314686674155,1.453409181197335,1.5569913179370871,1.0952274023186896,1.133116198002094,0.6948007396036238,0.9171912670188567,0.4532153879907506,0.43423450988351503,0.4260160034083264,0.4714514699640918,0.4576621383399633,0.5173052487692095,0.4865457446155093,0.6578730280974149,0.6379888291916636,0.6335421323171874,0.6735369528152897,0.6602501035207692,0.729070605367104,0.6923884519351304,6.921132274563149,5.241078490943635,4.4647160210364545,8.045216360964472,9.272474114296928,10.710763965118183,9.943668347502811,-8.600898700787367,-8.603262096901231,-8.622013571587004,-8.599203709357475,-8.611813332201594,-8.547972543927848,-8.585942839960712,13.213194582222165,13.082479215271613,13.269969557952065,13.401768440723533,13.325926558086023,13.03929022215573,13.228974878059159,4.776883802084465,4.862614170116438,4.7887117838978,4.6854627234423925,4.722675004568113,4.723240894811244,4.714693323098822,1,9.959118752505734,1.071594394003574
sub-050,CN,68,M,402,0.903035077735276,0.9236733133165599,0.922543128923624,0.868033494141547,0.9059697554755076,0.8671403269953725,0.8812822129908042,0.04773291253274933,0.038973324715728015,0.044686570318001856,0.05999277202207415,0.046328878549745066,0.060547315210302,0.0573708217805682,0.025046225162330415,0.015919267709747064,0.015021533920604872,0.03259939900844715,0.030126382454394047,0.049301029478631506,0.03933194058290663,0.012803799473067468,0.01091673491421537,0.01039353213262304,0.019010062995323547,0.010838037943455857,0.013560041689621691,0.01289528960917304,0.011381985096576515,0.010517359343749278,0.007355234705146441,0.020364271832607746,0.006736945576897834,0.00945128662607253,0.009119735036548055,0.3168160419977835,0.39011030112929335,0.473433765138743,0.28194194987244736,0.18786566428438475,0.08853330114683036,0.16712506393336682,1.4311341535730795,1.5675741754023715,1.5807216121327867,1.258754460663349,1.3672574702256284,1.1697873001716346,1.2633420724856628,0.422142348828464,0.38828533368266493,0.42506827220220383,0.4657132223631737,0.4250495634683915,0.4447504477488403,0.44360973859497654,0.5957964492912705,0.56021275216458,0.6182496252373251,0.6456468897120314,0.5905260854366415,0.5948642902560273,0.6125681478581033,6.041616355811342,4.640920532100258,4.581067974206406,8.58153012383238,5.944204663471164,8.201164313675722,7.1833131105839,-8.403218694012017,-8.302651833525147,-8.549098668478399,-8.509834882544878,-8.428981955690055,-8.284505474433706,-8.412208796792637,10.484748761305045,9.538125989049846,11.189301094766321,12.574662737034213,9.895619967268894,9.444965203602216,10.343980351255126,5.550996141450983,6.348132759915104,4.984006225764393,4.442107316673764,5.425974091723112,6.016813574502695,5.356139083372019,1,7.952012217172458,0.7831831414358899
sub-051,CN,75,F,382,0.9399828467139381,0.9590964032453497,0.9275471524314055,0.9372469605186124,0.9171631953384343,0.9314401897317031,0.9263127599898971,0.029834493977295838,0.021399058202542,0.042546908809712236,0.027973395683984017,0.04264685635384962,0.02479354996210268,0.03316510235843295,0.01634914877838071,0.010495550452510272,0.015519279104390995,0.01806229069464252,0.02387473246445469,0.023366888068277226,0.023189066919850572,0.00838353271521845,0.005699694713744459,0.00979886366800874,0.009305329364419938,0.010774153572135197,0.010224444707413877,0.010080010023092103,0.00544997781516688,0.003309293385853518,0.004587795986482559,0.007412023738340827,0.005541062271126374,0.010174927530502987,0.007253060708727059,0.2691390074147482,0.3150309911358709,0.43827915546434326,0.19722017265833178,0.2521205698869396,0.024172168120971813,0.13976958042196247,1.6307606921657414,1.8242654993293255,1.583505132851054,1.5567650966498103,1.442591469959294,1.4546222304067618,1.461126054679618,0.3178336199994051,0.2447820723468585,0.4216104993859365,0.3027291421060097,0.42959880160975544,0.280409901074787,0.3483277949523346,0.5471586031491066,0.5180193339251887,0.626583114637863,0.5,0.6300429261477049,0.5,0.5557326826347306,3.378780631659143,2.305485765162216,4.340189882585427,3.3228203083643204,5.007300122168378,3.3623401988347568,4.060517760716493,-8.076152006024113,-7.756194651894212,-8.64876645226616,-7.948064746954526,-8.622869011862752,-7.773180085496891,-8.161421916790875,7.854655360028931,5.285346900129,12.58879465537679,6.319758656867294,12.74592915661911,5.478908738094907,8.65410832207077,8.798435234356328,12.231820536382367,4.278673119205979,8.997483333167203,4.213375502522186,10.040723250120166,7.4835685886706145,1,9.668356969871903,0.4320209203729597
sub-052,CN,73,F,369,0.8826008467967149,0.8926603613706278,0.9100039235586372,0.8678798989652244,0.8916901102876715,0.8220959310716811,0.8621311810960951,0.04897500820352838,0.04722882456551548,0.04785668145878755,0.05095064826729931,0.04880834309599102,0.05306285858744897,0.050986008529997844,0.03884685196320135,0.02792428650908359,0.02110220780726424,0.044484542373877445,0.036388913743720525,0.09610432379438821,0.05968874960055471,0.019267132517424287,0.019725776905209248,0.014737152891968077,0.02268707716040942,0.01690953595442632,0.021153352156887937,0.01944936651981638,0.010310160519131192,0.012460750649563914,0.0063000342833428044,0.013997833233189077,0.006203096918190799,0.007583534389594075,0.007744694253535936,0.15168597502823356,0.22837491288425613,0.3561280131309876,0.08340997325718293,0.13127031315846752,-0.2562128682752259,-0.029073363329024722,1.233002975400599,1.2955300898669775,1.4269801774151942,1.145436601629119,1.2491864206286,0.8740498514473416,1.0880233059587103,0.4718166733506827,0.4677779812465864,0.45022855245517474,0.48520023421161246,0.46253894204103996,0.5054837523008864,0.4824384899632777,0.6952305112648134,0.6911751540856467,0.6774096411168186,0.7028170563060967,0.6850249965422973,0.7362907486150972,0.7067768671207697,7.987090210723573,7.771816058538962,5.4347645627586525,9.561650750482649,7.597528878551491,10.004259134057065,8.865929419180143,-8.643007315619963,-8.615752404708392,-8.676165884841827,-8.655755171443543,-8.659408190270677,-8.638564626354436,-8.652053093985392,17.12571188336438,16.511805819850554,17.276493371298958,17.97077513355831,17.195428024658717,17.25351016143153,17.32254256894637,3.236537491106965,3.369769066910311,3.1948054994375514,3.1072943987112716,3.1944819326545155,3.154394485769436,3.166850910504365,1,9.912912530730955,0.8896889104313708
sub-053,CN,70,M,388,0.9281182478676688,0.918891809422833,0.952372754212501,0.9244216316146963,0.9451129123214476,0.9059302587326239,0.9260367688535268,0.036517281322879576,0.0428419757771684,0.029436924469412745,0.03558131206894514,0.029524220830812648,0.037362915259038156,0.03395797605469155,0.02173640913470465,0.020740996674165044,0.010568122568582054,0.024986321081992245,0.017375566907668765,0.042014222041755804,0.0281922935165429,0.008670074935084383,0.01051297807713149,0.005806222683287672,0.009363608035505152,0.00595929680020878,0.009194793317086447,0.007805751034804035,0.004957986739662659,0.007012240048702564,0.0018159760662166385,0.005647127198861092,0.0020280031398623084,0.00549781064949568,0.0040072105404346395,0.2513421576533017,0.2975212643521206,0.4453881188097271,0.16732010738907682,0.2628070373036661,-0.05050687647429933,0.12389338502995449,1.5469097718842493,1.5403968013523648,1.7783202759735008,1.4541147040439422,1.6420489386487116,1.2654707981458906,1.4603018318093022,0.4255812916093645,0.43595777004578046,0.40822694731450415,0.42649666977762624,0.4087779590201888,0.4386693760714393,0.42454592764890353,0.6727440038349762,0.7288194855749007,0.6424993224744538,0.6405213790085116,0.6317283197809603,0.6478156155199778,0.6422052006117155,4.855515408111822,4.929083389719991,3.3983432580244686,5.332674569185736,3.6235769325917304,7.677375088746572,5.525450412407864,-8.0373863604213,-7.8600523442038135,-8.229248341656225,-8.142858826952121,-8.107689336806354,-8.053863047690907,-8.10877745335679,7.402704692717673,8.077849431767817,7.17120060391369,7.343950937512059,6.342789239208041,7.094334929923828,6.910188591012563,7.841695692910128,8.185483433586553,7.44938521791655,7.338926845179652,8.32243209695814,7.511337402421944,7.751374759801256,1,8.158314835118896,0.7296684907963655
sub-054,CN,78,M,410,0.8711206122511416,0.8814785796307233,0.9073531502504686,0.8369379907082473,0.8611162045237607,0.8638907741004751,0.8448340513337795,0.04954658420285482,0.04784646517779807,0.049707677013381656,0.05444751342895691,0.04941233215187901,0.04565488119902267,0.0499497560823692,0.0533217317078517,0.04165701840638222,0.024149616161403247,0.07810958843752708,0.06564087254672792,0.06985197686500244,0.08070241909510598,0.018866111246653505,0.019679745447811297,0.014191982299035047,0.022132507311743987,0.019175615650850842,0.016032536227551925,0.019450039318741792,0.007144960591498346,0.009338191337285045,0.004597574275711211,0.008372400113524713,0.004654975126781501,0.004569831607948132,0.0050637341700034075,0.03839410592331771,0.06410683721974088,0.3137375694113406,-0.1008199851940414,-0.1208003116207847,0.05260415970467405,-0.12618209628596858,1.154903194943958,1.18425852437926,1.3975660917905401,0.9841390582993371,1.0327744305393933,1.2128866165466197,1.0171974545411,0.4605614865295769,0.4444001005196768,0.44401742168340336,0.48880341088825785,0.4750522006708382,0.46372251490423266,0.4811274316068354,0.6546584932480148,0.6113824226766196,0.6585552691347072,0.6932156309535606,0.684450125618349,0.6784778524512678,0.6923026725556143,8.401654287176124,8.50007949951081,5.903109583606002,9.599806944078075,9.828796450570168,7.267964540464925,9.194121936077746,-8.515587584856661,-8.368856341618534,-8.637923725203809,-8.567126080718333,-8.616154316824623,-8.591715635994092,-8.59136687254851,10.928610932025748,9.787679894236438,11.836738103638721,11.65772753414447,11.392359125739318,11.405823312061091,11.30121916893485,5.54099894030206,6.3160684023440785,4.980943908457939,5.100896763181129,5.168474136322156,5.107329931132901,5.186135175335983,1,10.106926683118587,1.1064528701026486
sub-055,CN,67,M,401,0.8827876828434023,0.9026976540259953,0.9086875116368008,0.8692232873591982,0.8877770697688003,0.7938977510945403,0.8482975563373429,0.04420069563187566,0.04231986443790791,0.046270742313013265,0.04528338435279232,0.0455499824260621,0.043489227155943444,0.04518333204236669,0.038668095329634895,0.02137057736212091,0.018587380188278265,0.0439705816026971,0.03595369576801961,0.12279710772426727,0.06829041873122159,0.025161350916509943,0.022623444374965943,0.020115742077914375,0.031575344055593126,0.023766086486924427,0.030877347436019192,0.029772325476052217,0.009182175278577271,0.0109884597990097,0.006338623783993484,0.00994740262971965,0.006953165550193766,0.008938566589229941,0.008456367413016665,0.153676244484814,0.29957156789313366,0.39720889340222315,0.05530853173894012,0.10385780883228167,-0.4507932818498722,-0.12035770420428218,1.211203328326382,1.3353330713037006,1.3934412065754487,1.1072033254991898,1.1945757687707876,0.7363337555199438,0.9938397198863951,0.4459258849702348,0.41494753103782156,0.4418239243257187,0.4608686584610567,0.458332401060453,0.5120077435834842,0.48341811842069005,0.6177027340282323,0.5471052627465479,0.6467439884977881,0.6337735229037824,0.6602913772628386,0.7252074592067841,0.6875563591882256,7.8464918135158,6.40716571988496,5.5737942639563975,9.369755712945905,8.89432971892927,11.674894808582426,10.430810763911685,-8.470572613863885,-8.27389355629648,-8.652943557310719,-8.491261139488353,-8.622705667470116,-8.615816268521256,-8.621443180778359,11.240541093856844,8.923481826489002,13.32013028891051,11.541818930059264,12.902351284040222,13.13559377938388,13.071311416024534,5.928725541824301,7.325156222069239,4.81352068206139,5.627433337678001,4.953886981151759,4.7788676999127935,4.849116556777091,1,11.035389280139384,0.9541954590692292
sub-056,CN,64,F,431,0.47160266521038186,0.4739490448598569,0.47187704433769634,0.4693976645178606,0.47040103458261234,0.46919121507294387,0.4693979077797286,0.23640701782860465,0.23566166982490136,0.23794635578963508,0.23638372149453268,0.23698275084219556,0.23588972204777808,0.23628841959246114,0.12705268113783746,0.12563308792807495,0.12427992657459813,0.1293390840615757,0.1276198925660638,0.13075676622704918,0.1298005394151772,0.10458064724359574,0.10448969964572492,0.105113725921069,0.10461766688340512,0.10454017213608631,0.10408601920157892,0.1042994873485658,0.06035698857958067,0.06026649774144225,0.06078294737700143,0.06026186304262649,0.06045614987304208,0.06007627745065029,0.060213645864067654,0.2697542473781402,0.2731775413167397,0.28207886657509973,0.2619873545299507,0.2688040678156897,0.2562448448376574,0.26021734834078475,0.4852590104216063,0.4890664129932688,0.4905691752784414,0.4795544647836264,0.48386914073211384,0.4774617499457329,0.4792224298455605,0.8204137310053032,0.8192584631996666,0.8209209475862888,0.8212492907231663,0.821163240800027,0.8209009593257423,0.821135254846917,3.983300185056705,3.9565647222244444,3.9843538310252558,4.007485741670683,3.997693370806303,4.005332944164438,4.006347852778686,26.586713681953448,26.55759404310134,26.683880356288203,26.57096912749391,26.618295367338607,26.526998987275025,26.561635481493195,-7.648702244036104,-7.645574765466496,-7.653528978474012,-7.649716616706731,-7.652174377540504,-7.645171371775028,-7.648948255467025,46.816221481789505,46.65373772158796,47.069632513455026,46.87185500053373,46.99424069211809,46.62650224201529,46.826546800394574,1.451754596231396,1.4568436349855636,1.443951805232631,1.4499812011094426,1.4461912035611408,1.4575390263392487,1.4513615223850658,1,9.508279168720176,0.26103441349629364
sub-057,CN,64,M,387,0.8958189550927345,0.9068494232333333,0.9235929530088544,0.8923597009586255,0.8997163097231571,0.8166237960490426,0.8736181939406855,0.046437515595334274,0.046354312216867796,0.04406861047351302,0.04776054818196506,0.044739732063052075,0.050182695227860535,0.047019493926218354,0.03538849730143105,0.024279320987804488,0.01642188239133011,0.03260700457808156,0.03652178740132684,0.10658358706113077,0.05655372100569827,0.015580902680434716,0.015053400772460467,0.011251792573586506,0.01844052810498653,0.014095184209751836,0.020430151375537584,0.017043233389132106,0.006774129330065531,0.007463542789533846,0.0046647615527160005,0.008832218176341554,0.004926986602711992,0.006179770286428983,0.005765357738265824,0.1886840330052121,0.28616623282162834,0.42881525989241515,0.16902114041897215,0.08921192859740412,-0.324166564898858,-0.02252273273062558,1.310718694942463,1.3887471869019479,1.543786691968527,1.2663236056318574,1.2711011725379664,0.8362334397731268,1.1365434415287632,0.44792247928153234,0.4389463895987159,0.42875163394113,0.4557806694211952,0.44658726782044317,0.49438149809430126,0.4624463107841828,0.6440779212497512,0.6259649293738999,0.6350148618180361,0.6523423961019872,0.6479189933656632,0.6987774240844634,0.6633348996946121,6.704045934109796,5.870814725634301,4.566361659022445,7.559611326073641,6.752847278870942,11.042548775335646,8.257223958970945,-8.587428836529273,-8.482433210331234,-8.672025535227235,-8.649254058268923,-8.665241905549196,-8.587648433166297,-8.639282946996675,9.463758634910663,8.648728860418656,9.749685050045139,10.454854891149802,9.786804510084224,9.420711897692367,9.780028247025312,6.318378548266483,7.011992128429047,6.045654771098138,5.670742629351205,5.97695533150267,6.107223346426302,5.984082609760435,1,11.137002740171898,0.9878408508408629
sub-058,CN,62,M,370,0.8815052496123279,0.8877426821818825,0.9131683726915044,0.850899248084853,0.9002944077878013,0.8452078167918621,0.8627729039408545,0.04490651159482852,0.04321400888637473,0.04486756698016183,0.047006725276534635,0.04539974213972675,0.04594841481565724,0.04604993044442999,0.04070700469655642,0.032102489483066605,0.021088733716506252,0.06331561778927243,0.03203064013550635,0.06804753506998912,0.0593324352031969,0.019985906464494253,0.021661389703271094,0.014791821799817355,0.022578637024710073,0.015202192846012957,0.02390295143308093,0.01991111948899552,0.012895327631793095,0.015279429745405151,0.006083504812010583,0.016199771824630334,0.007073017090952853,0.016893281889410548,0.011933610922523433,0.09106890963740455,0.13021178983121035,0.327928975927593,-0.08029053947965721,0.16495143803502688,-0.16932616483850876,-0.059755493825088046,1.2128109552952895,1.2392202508382195,1.4273067831929513,1.0459653323755187,1.3096106321847443,0.9871264095539005,1.0953618368758538,0.4580286344978393,0.449459972603038,0.43694245522439035,0.48122888060528096,0.44722690430749595,0.48945032311044956,0.47253339796054267,0.6509903135134625,0.6271872959705356,0.6426000819426906,0.6798530166522159,0.6512108759076148,0.6888299724011286,0.6746322351326334,7.970279957005765,8.454377620580031,5.306235807819103,9.171652530586513,6.8308803833177265,9.578358571646394,8.341512522484098,-8.576680424571812,-8.533357184130711,-8.618382275262412,-8.586227335737851,-8.610028805708644,-8.596642596042441,-8.595698460215116,17.625527311120596,16.80082429032308,17.86754977941069,18.431843773510835,17.875485506889472,18.161383963042972,17.8750828125163,3.8273142574832573,4.019586441088247,3.783997752519669,3.6490959739987954,3.763587702326191,3.6713627720156983,3.746331971084011,1,9.178386414613133,0.8203894699122181
sub-059,CN,77,M,383,0.9189040529849805,0.9146749520941845,0.9286449062986991,0.9173589449234516,0.9229670567179995,0.916090336655718,0.9188614762696308,0.04407662690698436,0.04405782069543969,0.04335325517802018,0.044327922357795146,0.043962739893145246,0.04489574585997416,0.04444504216402454,0.01658295648166303,0.015994147308465784,0.013764558301045853,0.01805331771316408,0.01770362431521094,0.018249661645455197,0.018484534285266137,0.013505395285329128,0.015520799412873616,0.010507444918200048,0.013862930422324749,0.011227917425132329,0.013649552905921014,0.01271740748533429,0.00693096834104302,0.009752280489036246,0.003729835304034916,0.006396884583264224,0.0041386616485126655,0.0071147029329320195,0.005491539795744673,0.42733895504240804,0.44050207239215927,0.498463554458454,0.39286634409274596,0.39572613600238754,0.3909455956535641,0.38203767829437857,1.5092913936702779,1.48813750211551,1.602739481026183,1.4799460810000113,1.5244878376926305,1.4790538423851127,1.4908400261244619,0.4380378108423148,0.44433559149291846,0.42770884342205223,0.43811487217183154,0.4319217080706364,0.4405090611940795,0.436519928547578,0.6614736173258404,0.6686594289959062,0.6544777053035711,0.6584847824635935,0.6551020774086372,0.6623521241143129,0.6584021849325706,5.094838032165888,5.610333162352667,4.32977164772723,5.058419005641299,4.666307057484437,5.153839168241499,4.957651375609144,-8.662478088893506,-8.656176255304509,-8.678779998951596,-8.66872773270773,-8.65157800519196,-8.663932479291738,-8.65997085540059,8.363566772615984,8.586654904717097,7.9610935584217914,8.492951844127841,7.874642375104661,8.66108458479667,8.208733455195778,7.270970081827902,7.093560890046395,7.5840941107026865,7.197208570557427,7.648331603061618,7.003696950441379,7.398728356667385,1,9.906114164741226,0.1294141596392535
sub-060,CN,71,F,364,0.9192446786451567,0.9212608443683015,0.9248794210793408,0.911430715919715,0.920797305777744,0.9170349697148776,0.9161732128549319,0.043299280818838125,0.04240640541703506,0.04472410844651775,0.04470184800602154,0.044299506648592106,0.03998163016463162,0.04301228285922339,0.015230634690066329,0.013806919191018199,0.013709580131529606,0.017813049389345886,0.014929946533673156,0.017781423610570488,0.017094756449644317,0.01581725261908904,0.01530317561471958,0.012274747147561766,0.018541801974230686,0.01509757802131429,0.018560693528051904,0.017569959102321796,0.006408153226849664,0.007222655408925768,0.004412143195050328,0.007512584710686726,0.004875663018676358,0.006641282981868129,0.006149788733878193,0.4572127537687579,0.4881790334785728,0.5135157072409701,0.4019813424365888,0.4727865073452843,0.3514785368756369,0.40339191561978893,1.4957572862359882,1.5213981587149894,1.5718979139661327,1.4221408180506032,1.5077584277848464,1.4210345150117507,1.445760641139637,0.4267042616616036,0.43070973368918475,0.4244430245564001,0.4346428355462684,0.42629354483388315,0.40081589269512513,0.42112606799736046,0.618420654683662,0.6303435923394689,0.6257091039760818,0.6240672897700091,0.6213537464097519,0.5500647911878798,0.5991500820553257,4.8439567462660325,4.714659026629986,4.45061760767907,5.4331326378942215,4.697413941975159,4.927969896052558,5.054900353947472,-8.522940969786958,-8.536466287658232,-8.599975207314309,-8.534503028156063,-8.567448613323705,-8.270165418903144,-8.456608946593482,11.382743761798968,11.614297746750626,12.028078797928025,11.635595491812994,11.689664749281022,8.63821731902344,10.59931697577045,4.897733913876237,4.759467372560431,4.544027415987931,4.7480540267299105,4.666096484095585,6.559042474277651,5.31117205759342,0,,0.043594781284504336
sub-061,CN,63,F,392,0.9204152369238208,0.9361428473832698,0.93090418972584,0.9085780753605265,0.9201377398991842,0.8737257397762634,0.9008058255697992,0.040295572978337316,0.03643133471298555,0.04260011002134945,0.04279369599317158,0.04267076555283488,0.04180456645113549,0.042520848438345415,0.023066489169374326,0.012534671647107625,0.012859653808437116,0.027764700293391786,0.022801301351461637,0.06623946301754774,0.04000078818705458,0.009162714284718505,0.007829017032059656,0.008613183116645233,0.011132879679605885,0.009070516508381435,0.010852917295865246,0.010073478443010708,0.007059986643749192,0.007062129224577233,0.005022863327728556,0.0097306486733042,0.005319676688138055,0.007377313459188692,0.006599059361790457,0.3255842888057538,0.46658062701290576,0.5202133768069369,0.23555095555112304,0.27225868449386464,-0.19979145394395764,0.07237317692758787,1.5323977178727273,1.7017889879130144,1.6564626329987202,1.410904007836385,1.4801729738953053,1.0747554360815497,1.306266313118448,0.41320606383785796,0.3886019278024175,0.4128367050374368,0.4310929349122983,0.42225016691654,0.45053468139562836,0.4348679018375579,0.5959556916712628,0.5643811657161373,0.6032675366764281,0.613575063078013,0.6123023306477703,0.6357400637281938,0.6220278907545562,5.083217075471715,3.8520464281738285,4.118731627870361,6.008830462922415,4.737351160618207,9.506614609795204,6.785170099066016,-8.530793411587357,-8.35921574040116,-8.64866518988527,-8.620813882692133,-8.642695723580095,-8.606613183093511,-8.627466293408299,10.91498898481423,9.540828710573821,11.195319085140207,12.713272678843078,11.161106726050162,11.338310794255072,11.397904126842514,5.52390561514569,6.708856571463239,4.928254575920044,4.617470634148713,4.949971583873925,4.943824835774338,4.899649640658011,1,9.990878510290283,0.8470726176161492
sub-062,CN,67,M,445,0.8787670493092102,0.9067746259421281,0.9163322607641589,0.8536134094936427,0.8635224210373362,0.7975669359505213,0.831088982477118,0.04586351804779896,0.043670088774001414,0.04809415239781204,0.04774980880524126,0.04697030509835215,0.04476180689035636,0.04600032172120765,0.057209454914047254,0.030280929391525685,0.02050965602412934,0.07947427744468238,0.07234642842738336,0.1392738872464752,0.10484271806191055,0.013085907689813485,0.012580757520931454,0.01110601652079204,0.014490462223794234,0.013395228226449793,0.014550680161516798,0.014240537071444468,0.00507407003913017,0.006693598371413449,0.003957914293107608,0.004672042032640235,0.003765617210478611,0.0038466897511297594,0.0038274406683193552,0.003539067826136397,0.1593595128271111,0.3703156871473828,-0.15410357360257423,-0.18559087455442638,-0.4930172222308792,-0.3361070434927217,1.1890440841691072,1.3506445024555902,1.4844862650001172,1.0309095508392772,1.0277621302355848,0.7384713464798451,0.8849191824808165,0.4295324707983795,0.40026660695246147,0.42475615251919024,0.44855462327313894,0.4534985217804308,0.4651340902552805,0.45874352281188513,0.6039638986294213,0.5615571054626871,0.6149505524395548,0.6232330664432388,0.641507150019473,0.6410544812850788,0.6395223594906098,6.9357180424382685,5.6807397881525175,4.861240896640861,8.160941989246203,8.829412067892104,9.148868719337875,8.976886583314286,-8.428162067596546,-8.316766398889,-8.582615443803176,-8.414191501064202,-8.559246311065548,-8.4176816116242,-8.482733700845008,8.262837148534885,7.592853395527626,9.10869547123234,7.954876574666424,8.999026039017162,8.850630612027603,8.701296757541229,6.533723809474335,7.61935857563864,5.642736201593326,6.46991136611034,5.619722812716071,5.569109921586159,5.777685725653174,1,9.012709782735103,1.3883398029804344
sub-063,CN,66,M,393,0.9001823383076901,0.9062536465039723,0.9135528812608741,0.8909808348786773,0.9056606982844427,0.8690624120838246,0.8900760595263623,0.050851459231789034,0.050710625517396093,0.0503670040525304,0.051013581766306514,0.05077069538418538,0.051867960703422755,0.05113609226703907,0.024870019700130166,0.01899599731792947,0.017255401738703963,0.028949802347856247,0.022582676313387205,0.05212247476463418,0.034677126679417684,0.015542642743078004,0.014721225661770476,0.012711165448889998,0.01794696194129566,0.014783602276521002,0.018994740772336545,0.016925692031620983,0.008553540017312528,0.00931850499893144,0.006113547499001633,0.011108819065864438,0.006202327741464048,0.007952411675781592,0.007185029495560148,0.3406754698654567,0.42722827955218595,0.46522796406189504,0.25698225281361187,0.35222618152374974,0.0009722612834964332,0.1965051335630473,1.3886544558066078,1.4541946306065372,1.507436710223898,1.3072785344130724,1.4086704064144167,1.1138183792562772,1.2775825349965448,0.44941879734745926,0.44374767095406253,0.4384546309134593,0.4584699745996199,0.4450875141668636,0.4741085596419197,0.45776480828335153,0.6510856812887256,0.641123376535267,0.6448447746852883,0.6590263858317804,0.6499585366394202,0.6811244157188359,0.662939986518916,6.2264108033521355,5.500384477634989,4.947717850384163,7.280680120184972,5.530204592267711,9.621313055775069,7.331909119684603,-8.529164153223745,-8.52054798111435,-8.54564656818961,-8.521944981417136,-8.53891503893339,-8.534409148206592,-8.53832620584563,33.53471577468814,33.22982604650201,34.06807486278684,33.36961671182196,33.817972953440666,33.707103548795104,33.83091598966755,1.8886894235873677,1.9065967701044955,1.858261675013163,1.8986745599895585,1.8718275942015123,1.8769778049131314,1.8706674977787248,1,10.157487857446492,0.5064690182020986
sub-064,CN,66,M,413,0.8185551514737954,0.8646331772363806,0.8862217509185584,0.7547253181457972,0.8161737361821112,0.6870139517311253,0.7374906528841499,0.04551937531302483,0.044559841857906825,0.04554201695030654,0.047250591443849035,0.04571960556286742,0.045081002313603,0.045814521820223775,0.10426829122279165,0.06048798981578013,0.04244652983321973,0.16067947929051227,0.10583425173650558,0.2350606713256777,0.183261955355001,0.02361702025502106,0.020833408861822555,0.019958281202024156,0.027590542120304776,0.026263052377475223,0.0269316767964625,0.027405320507095033,0.008040161735367085,0.00948558222811005,0.005831421095891207,0.009754068999536536,0.006009354141040351,0.005912697833131733,0.006027549433530073,-0.2682649427971535,-0.12997632927070804,0.03261111049151796,-0.4462107424308537,-0.35924178473224844,-0.7112323079026769,-0.5591701298248244,0.8949373798110664,1.0519329147280054,1.1759884494290738,0.6888870186899017,0.8184080043163346,0.45077118865919485,0.601094605229935,0.49733142595923513,0.4743596500296909,0.46434227749943147,0.5307104438165667,0.506244458980519,0.5470887791557576,0.5334047281036189,0.7419349770629902,0.6743863496541923,0.6760355441592045,0.8542909999080062,0.7236424528316419,0.8799310630064512,0.8472191726030517,9.470718029305694,9.08550954788,8.321238019002815,10.183840518319542,10.027357333889872,10.281963794845964,10.186921187873732,-8.523921287234614,-8.467774495048031,-8.613041368521607,-8.55581329877289,-8.555978218471507,-8.474885518025275,-8.527999286266102,10.745055811355254,10.39569479438079,11.081354221476614,11.59162057897963,10.569229677551325,10.033981421040977,10.495889436923692,5.523023064843405,5.873374269715952,5.327494093730819,5.038688164211557,5.484382963667099,5.616717257486529,5.440301073894651,1,9.65285772928416,1.3807465599413256
sub-065,CN,71,F,431,0.9103208096017914,0.9133518592484654,0.9258849230463099,0.8960877292905561,0.918685467534894,0.8922851393944708,0.9028121007876695,0.044059642533797995,0.0434628951970696,0.044127735725468055,0.04497171021990678,0.044167218398652425,0.044060619255343034,0.044277681561804026,0.02075909453513724,0.014096368075484728,0.013837525828543874,0.029617416628748054,0.019020297502141997,0.039352541566082304,0.030900542380696595,0.014589123650963282,0.014308295574482646,0.01065915379315089,0.018139883498801003,0.012617887150350457,0.017322311760607917,0.01553027142039401,0.010271329678310102,0.01478058190449746,0.005490661606527485,0.011183260361987975,0.00550912941396148,0.00697938802349544,0.00647940384943589,0.36815169954558113,0.4909773060029183,0.5036945542941957,0.21187181224793675,0.3666488091136116,0.0497619050652217,0.1844263738772362,1.4536834006226893,1.5304026250157616,1.597882191899543,1.3060332893590376,1.4841538876703506,1.218462420287466,1.3284790487609552,0.4485117582829578,0.4499731380618567,0.4321055140194228,0.4602586384206821,0.43823686642498644,0.4599248729636225,0.45160856601029975,0.6673786988406684,0.6725724066447475,0.6512029513964475,0.6759104153226148,0.6548298902302417,0.6752241226444696,0.6678731773137353,5.921695084349496,5.489171009261482,4.404376718464471,7.475436116101303,4.850717157022655,8.210491723471728,6.869110460397333,-8.637227219674719,-8.605272121435723,-8.672870104064126,-8.652444339731233,-8.667283940146234,-8.62008641610678,-8.650357464223443,9.49475280216873,11.21236349673964,7.781131701666901,9.564390704390197,7.85374354822866,8.375785098390455,8.154408114240494,6.28577902129408,5.803236175169401,6.986853632724739,6.126891420819863,6.8217418546656114,6.436898016475602,6.647298517519869,1,10.481152811515356,0.47808548002923956
sub-066,FTD,73,M,264,0.8875656987879209,0.8965754646040948,0.9019579812730831,0.8695559874257943,0.8905688474062409,0.8659577945003417,0.8773698940158962,0.06481738490719283,0.059720479701601374,0.05806588706406529,0.0720380029317004,0.06434891799007235,0.07904526421811973,0.07225612924570626,0.026363174074547743,0.023462380790649016,0.02161792890484671,0.029306655770465626,0.027387210145691926,0.03621080082419275,0.03144185864145867,0.012697333919432296,0.011862134118831488,0.012068620592586482,0.015721909679800573,0.011616597963617114,0.012135555624790063,0.012151023283274711,0.008556408310906339,0.008379540784823595,0.006289582165418043,0.013377444192239293,0.006078426494377578,0.006650584832555628,0.006781094813664274,0.3954198639162349,0.4100988248738006,0.4290784588621788,0.3918387101046207,0.37035333855119684,0.3383177038166246,0.36162621262700995,1.3931170557915604,1.4382609866517677,1.4552663808319484,1.3215320734194587,1.3890851470300014,1.2911071381067933,1.340256565146627,0.4537772367697081,0.4463570989359531,0.43886697642874406,0.47324915146101065,0.44947709474401537,0.4696194933552306,0.46153913432062305,0.6554537519840167,0.6466619222739284,0.6263878986371819,0.6848137784920422,0.6477068234644475,0.6827242757528806,0.6697070579863106,6.773316211784227,6.3318496921914535,5.874543102344167,7.869354417683836,6.711064799751896,7.567909400768303,7.182310795213469,-8.596967395077808,-8.515922566508026,-8.66808696533628,-8.639516365101418,-8.643728665233347,-8.6187050944038,-8.635356240315966,14.935856353734252,13.860859050409758,15.666643547249313,16.049621533442,15.217504239090886,14.952163937646931,15.181250387072964,3.8635294572307566,4.239533333376541,3.60343043737196,3.5690183463797727,3.6997093042534313,3.7724168716766613,3.7155033681941227,1,7.564135597201381,0.5146902999474179
sub-067,FTD,66,M,310,0.8244487454039625,0.8094413388573736,0.9033230988119141,0.6949821410236774,0.9008618870342325,0.9029766345202621,0.8890892336058787,0.04483071619105633,0.04312346137915725,0.04764231012136239,0.03929093817219992,0.04691664187235659,0.05453938465300642,0.049426803701594246,0.02875808488757613,0.032826947576241286,0.02004860551396521,0.03404260420417201,0.025729809886768696,0.021554658405683803,0.02712685675432343,0.04805230356817637,0.05332049529995625,0.021590897743627376,0.09714804815502566,0.01905697000768855,0.01460725241080345,0.021816924525398733,0.05391014994922858,0.0612877568872716,0.007395087809131474,0.13453626844492486,0.007434691198953131,0.0063220700102444355,0.012540181412804816,0.20611864811584005,0.13374279438801753,0.37706497131756606,0.04980338223883597,0.27254219191195667,0.4160098674204631,0.2759521432702788,1.114708088461235,1.0101804927702003,1.3597832004302772,0.7917438014058745,1.3306737292672066,1.4349221183280565,1.301836125138968,0.5206171194492708,0.5262093522154323,0.4561469826749316,0.6215406775054959,0.4573271770835432,0.4908373073653562,0.47916345192070203,1.0919794949757757,0.7169276684174477,0.6803948171803356,2.512228294018905,0.6771829965945613,0.8037350541086477,0.723843127626021,16.127366506780596,21.698246407066986,6.111414842173576,26.348313102243523,6.553557309690819,5.572034957397609,8.099573119053645,-8.56100481433615,-8.477578440082464,-8.68810917202761,-8.56265705678841,-8.641924837641717,-8.537656067823981,-8.61657118999301,13.461437660977984,14.739898813699256,9.512996381830414,20.699293676576858,8.705443400774358,7.567764904282594,9.742839351177127,4.91609177842824,4.160499997352684,5.68213066084179,3.3508756745104353,6.378529300856972,7.348380612764872,6.120429680347625,1,11.795732034402857,0.35590640648692506
sub-068,FTD,78,M,276,0.911995875602618,0.9162664713137362,0.9227448816979384,0.8958995176939187,0.9135956603259133,0.910718320203181,0.9047239306208397,0.04563130790666384,0.045255108100262356,0.045988432776840636,0.046646501299031515,0.04641702988293297,0.043203350174664784,0.04554405246058037,0.02512164214470079,0.019624059097575385,0.016805562694602552,0.038011283835951135,0.024979848407614417,0.03127070920791593,0.034180207759836434,0.011174378430826163,0.011580122641333351,0.01019168844692356,0.01217435596653037,0.010457485190516235,0.010303693458961405,0.010789566288661531,0.006076795915190767,0.007274238847092524,0.0042694343836943895,0.007268341204567897,0.004549976193022722,0.004503926955276988,0.004762242870081764,0.2859795073356395,0.36336834090123776,0.43726834889946753,0.11859556525325995,0.27465927117038463,0.1399335659229452,0.14743470235948067,1.4362494816130476,1.4894649082683564,1.5549548555192512,1.2905040700869013,1.4363185594278811,1.3633246337902039,1.3407788567062333,0.43309559430998457,0.43006434877236993,0.42858732193856003,0.446301844757657,0.4362828538553181,0.4192739720354275,0.4347918643098462,0.625654501712733,0.6188050762777468,0.6327804481872515,0.6430558988686008,0.6404454345859446,0.5819493774018525,0.6233783281133496,5.387968176694589,4.95925287498738,4.555478744161601,6.870740199429493,5.180011083984556,5.483597475064534,6.048247671471667,-8.601507618960806,-8.59675514231827,-8.657812489201554,-8.609173045816833,-8.64518560902347,-8.452836143042504,-8.568704670611169,8.798773726844582,9.259023267395559,8.486084544660264,9.251360472724192,8.758091891922795,6.812783368816076,8.096764741383248,6.356080744590307,6.1040102655189825,6.39683178047452,6.0235260213062585,6.116866441674446,8.20113176845551,6.789869523821183,1,8.724863669175228,0.6464228131044703
sub-069,FTD,70,M,307,0.7913543503974355,0.8279268800129032,0.8324692263229729,0.7236465443865567,0.772548368861107,0.7653027671812436,0.7546281223867606,0.12572943809045684,0.0953148151654312,0.10439326267873157,0.17164409361812963,0.14181345993159544,0.14822953762858104,0.157267627282301,0.0521548760097669,0.042570284124759064,0.035718415785955165,0.06847210330854046,0.062197761366458125,0.06265685531042794,0.06451300367105801,0.021396048701646252,0.022679948613175082,0.021070752319577002,0.023143583297532598,0.01825645341038452,0.018604667329519167,0.018374274166482404,0.009365286800694225,0.01150807208373109,0.006348342892762831,0.013093675389240524,0.005183956430455168,0.005206172550228279,0.00521697249339829,0.3846517824532619,0.35515714202228427,0.4688293365548665,0.396378397529973,0.36110302778753506,0.37348659465444556,0.38531859239093297,1.1058239333891993,1.1580635662148444,1.2217137692140514,0.9907346153240439,1.0581045539563838,1.050908170041697,1.0429575141929663,0.5249462110425371,0.5026114247333998,0.4966426142514709,0.5654300370451864,0.5369049119212135,0.5466676549878036,0.547895572650783,0.8053661358625278,0.7229087357992803,0.719603829767291,0.9356261354469723,0.8455857239262542,0.9017611139622708,0.902510178279571,8.586811189185084,8.455170475494494,7.877100114746415,9.481673600257766,8.464160458725088,8.5063715723048,8.478383246546704,-8.659982391423128,-8.605857663486793,-8.721552024053077,-8.67627116265868,-8.692797905233387,-8.67526367706888,-8.682225387346827,11.795240849235872,11.424934631594628,12.05074159296961,12.639007613755014,11.528839104356772,11.420130583660008,11.531286403334134,4.716996684146565,4.9482418786369,4.536840204386562,4.417309816802802,4.725904049833481,4.763885909227553,4.715695592068379,1,8.312095805523027,0.8784168830295034
sub-070,FTD,67,F,228,0.9082682624645478,0.9085879837420171,0.9202463924005623,0.8907532737586865,0.9170194057454757,0.9110853055797147,0.9117257894609139,0.04791618810480626,0.04822535827267095,0.047312062652584634,0.048391556092708704,0.04704685430471819,0.048093545419939446,0.04794598191620902,0.018590318465700195,0.017480295580618976,0.015627919869454544,0.02244477839932,0.01803137161072993,0.020048496873068714,0.019597487666753507,0.015799083496027114,0.015795981306278357,0.011985451727983756,0.02197813541872714,0.012601301565029541,0.01396895786330913,0.01368357299204934,0.009426147468918606,0.009910381098414748,0.004828173349414987,0.016432256330557674,0.005301066774046345,0.006803694263967793,0.007047167964073979,0.41586763801019816,0.44377290545008646,0.4809835401256959,0.33493394693337675,0.4174501713384861,0.38001893095855344,0.3902024842549309,1.4544950163105959,1.4618159620286075,1.5445641452179888,1.3430928679553482,1.498737050404001,1.450209258506853,1.4615523872153133,0.45118797671532807,0.45341336078533395,0.43841587337898313,0.466831370752121,0.4409942915583361,0.4465610271367272,0.44644878667014204,0.6639368973989257,0.6700129455065097,0.6531685982641953,0.6717794227561642,0.6540366812591968,0.6579884512195947,0.6584998901780805,6.056669409644724,5.64794287645806,4.723481344096162,8.925847671572575,4.965105783112008,5.385983290064269,5.368873139541862,-8.721775778510537,-8.697405544369932,-8.746637335765852,-8.722723329761422,-8.73945054063115,-8.741372016436989,-8.738875637159643,8.09070670158918,8.229724178944648,7.689362162365341,8.757763486605322,7.507044738799036,7.747541713833735,7.822151597835961,6.753579662839087,6.626154897525487,6.9477131507836924,6.327683860059398,7.209752710476512,7.07589814362302,7.016544238548428,0,,0.050751001731438095
sub-071,FTD,62,M,300,0.8908082746419526,0.8902380340587855,0.9148949295507011,0.8730405083459267,0.8972788071615616,0.8825038681325528,0.88618257406018,0.04794312253591713,0.04788156416555114,0.047238119013153446,0.04928705156578901,0.04700702416499636,0.04793237161298101,0.04796827197991752,0.032533033055614585,0.030161678044123476,0.018264145282349434,0.04070087417078205,0.034407942420680314,0.04308806097779766,0.03944112753932218,0.018556802054060784,0.019194240326474266,0.013729178626982164,0.023187754321931316,0.01539879102389047,0.019042315250745977,0.01868877861300675,0.010158767712454749,0.012524483405065413,0.005873627526813874,0.013783811595570686,0.005907435228870921,0.007433384025922608,0.007719247807573358,0.18636356743498506,0.20694405742313884,0.412977585617069,0.08699105561641039,0.13674212789064308,0.04758800815698331,0.0899073101335618,1.276907148827817,1.2843334986631005,1.4783891188839886,1.161735133195248,1.2788241363155692,1.1761605193535773,1.211246004598397,0.45203337731812754,0.45105228922707985,0.4325628943400143,0.46890006476705537,0.4460109217713933,0.45997321852621054,0.45620984250241925,0.6446717480548767,0.6367469080654781,0.6327661394589403,0.6597961300659848,0.645160515782774,0.659285185297614,0.6536947076164825,7.55772774060881,7.580337213848437,5.036550625044113,9.399778336296972,6.811750517381839,8.6952249010813,8.082428633460706,-8.669319066019318,-8.640105143726085,-8.695973194096323,-8.678838699829734,-8.689631612294908,-8.682078514895922,-8.684733298101358,10.648991024386152,11.00380487992021,9.86392061174534,11.575868113870758,9.789609470662851,10.020066300593914,10.1387105334778,5.427285233230786,5.356170527659124,5.699983745155432,5.071959702411446,5.679325989722861,5.5997288617452,5.554268930872409,1,9.376285225053932,0.4495073400131364
sub-072,FTD,65,M,319,0.9023294710375824,0.9039479938478063,0.9084011421403263,0.890259305540027,0.9065240423427564,0.9054056085850337,0.9017541013649699,0.06159790331405347,0.06037529614451431,0.05695985184730645,0.07041611470405819,0.0586319576901461,0.05964660126341261,0.06245716923633706,0.01803571502299064,0.01696106559928421,0.017633918706589927,0.0200945579494453,0.017965129915330225,0.01838787428914552,0.01871441464636,0.011860733568633,0.011762228863572097,0.011939661953572872,0.012226994595639307,0.011935132000170164,0.011242987757618016,0.011639086154577408,0.006176177056740355,0.00695341554482295,0.005065425352204742,0.007003027210830122,0.004943738051597032,0.00531692810479014,0.00543522859775552,0.5337721275735895,0.5533996993136966,0.5091807234438716,0.54476967486822,0.5130418252093969,0.5110630916348193,0.5220863228001786,1.5102829266738205,1.5296483441505822,1.513983379192613,1.4733474072633355,1.508955311961529,1.5128157476163735,1.5021808276164343,0.4463215141933883,0.4464303336904047,0.438279660983169,0.45722840120066943,0.44131264110570173,0.44370296138612786,0.4465246480414525,0.6509501165735166,0.648620618071352,0.6359753607245834,0.6700102586823136,0.6450566387117466,0.6522854276795547,0.6558085958442321,5.626723079073095,5.492764696444597,5.2731060561318195,6.293672291667745,5.460367754037421,5.541637515048956,5.721145797641236,-8.652954404691105,-8.587295832782027,-8.71939447629486,-8.68659506557747,-8.686466390580819,-8.665549998359957,-8.677644502411527,7.912697279721136,8.17016938148869,7.620955374156071,8.49840354706251,7.249459704815997,7.2726016095572374,7.497078639123678,7.440368610819061,7.493576323808493,7.411280134569711,6.931103065785065,7.756489400697213,7.842124234980837,7.611694396124029,1,7.136563977337445,0.24047159886950276
sub-073,FTD,57,F,417,0.914666452917352,0.9208096649555324,0.9260425017384519,0.9025672976967685,0.9187371460146251,0.8941934083473293,0.9064927188629442,0.04767260499083716,0.046934592543544415,0.045715081661465096,0.04948543885219857,0.047656306186282194,0.04959071403452949,0.04860238726237924,0.022207195955250173,0.017638465535808615,0.014967811651522354,0.02878508311316257,0.01947233144508984,0.04000335132830303,0.02946065050252641,0.010048919600292331,0.009485318542825317,0.00907098514829022,0.011567914906669127,0.009745670095692043,0.01090530862357688,0.010444732994591989,0.005404826536268378,0.0051319584222896415,0.004203619800270304,0.0075942654312013795,0.004388546258310661,0.005307217666261647,0.004999510377558392,0.35679681388201284,0.4266502741670773,0.48467621636635455,0.2438920873584837,0.3891357378551792,0.0977916662450833,0.24111871909763435,1.489929965692686,1.5546696061156478,1.6067387583523185,1.3763721447315818,1.5196638204388817,1.2706428950257858,1.3931409760056284,0.4353547937647786,0.42695822459955995,0.4225526488794804,0.44871450498873433,0.43705916407309137,0.4546700252606103,0.44530313781434877,0.6444208512062947,0.6309103812753712,0.6269758154726973,0.6598895760333013,0.6561123426483791,0.6694003627477817,0.6608483717851238,5.1912749233157225,4.643611499593215,4.348476896214261,6.117700876630216,4.765349890717161,7.158329589265553,5.918240432155677,-8.415773283105914,-8.401882502007703,-8.351629569576282,-8.435965505929481,-8.462411881300035,-8.450264244305785,-8.45316921122048,37.92405396749928,37.213831952423675,35.621232569332896,38.774271201836356,39.81461978295743,39.32777992565216,39.431145910612805,1.699245022415959,1.7225512492365451,1.855908871802894,1.6488257442387506,1.605372013011405,1.6243255249247515,1.6209864034572143,1,9.487425181958454,0.5258847972761895
sub-074,FTD,53,F,502,0.8725703257051044,0.8798017922416408,0.8830376607061622,0.8638116824176453,0.9023625928584735,0.8043880761705038,0.8707844306606266,0.09086316015286539,0.0877505383470115,0.0885402582240764,0.09772087141621094,0.0776353413903409,0.111367994983633,0.08936127603739452,0.017944109639198663,0.016418336813433833,0.015718649216726468,0.01697834372200375,0.011959349540650616,0.03753117714529576,0.020417031096335407,0.011180921314040118,0.011254117255754302,0.009781880500937005,0.011581395705136076,0.005985939811009983,0.020014820210048443,0.010226571077269724,0.0074414831887915835,0.004775215342159572,0.0029215513520981264,0.009907706739004006,0.0020567763995252585,0.026697931490518457,0.009210691128373572,0.7438553570539065,0.7521947568916093,0.7628613162606356,0.7586440331902821,0.8141249010342264,0.5511768505686219,0.7139436504990034,1.5718222659175725,1.5759538509967281,1.5977259748219688,1.5551554175162132,1.7389063839231031,1.3012136745783562,1.583173259950963,0.5265623932112137,0.5227693232239485,0.5185952383770128,0.5373389652036963,0.4884279232089388,0.587437431436389,0.5233571337858496,0.9520413891890455,0.9308238053063838,0.9236855129048475,0.9775744601903662,0.8308386924542402,1.1995746503042248,0.9579457914654907,6.871023128446578,5.843175863177942,5.488088544108499,7.364538369809935,4.907207254863329,14.50158376104207,7.73759553526033,-7.7745179541056455,-7.9113304537957685,-7.84136155850198,-7.6515983257366464,-7.735068310105253,-7.500422521334308,-7.7242537600695025,10.474560794816732,7.335089202927497,6.6965916374457635,15.966848666424848,5.610835745561926,23.44067693315148,11.154121083962588,6.450668275758109,6.655114869980194,7.216417331822363,5.253691750928561,8.509866204867121,3.8916377678800043,6.691995454077262,1,7.754089070320813,0.2559636789664239
sub-075,FTD,71,F,364,0.8885397098978774,0.8878846209625332,0.9009768727270222,0.8834630661308095,0.892983706018803,0.8756640702806133,0.8832483500296987,0.05071389422246012,0.04912398702223654,0.05057911068794321,0.05299307921817602,0.05120368746147428,0.05118768487506496,0.05134273338632812,0.0259856765856229,0.020112983710499428,0.020005168118236282,0.03199739653917415,0.024990873562986765,0.044979628976486705,0.03524162594533393,0.019438858520244306,0.022089987816791,0.016841081810615933,0.018376337503193924,0.018213138870805775,0.018020192555031986,0.01833452310194778,0.015321860773795107,0.020788420487939933,0.011597766656181932,0.0131701206086462,0.012608594085930071,0.010148423312803356,0.011832767536691326,0.31210218487024494,0.3875239901444331,0.40286992155376405,0.240132572924819,0.3117662305126474,0.05641741681255527,0.18089643785735668,1.3240269320616072,1.3500256192879811,1.412151239636114,1.2788228484978692,1.339663681374211,1.1677981085661067,1.249210162926018,0.43777690361517246,0.43863658534494615,0.4281668401645306,0.44222146202947304,0.43483004364958305,0.44471428585671013,0.4409369212109858,0.5896585829966385,0.5872775041537001,0.5849703178118114,0.5961061711295141,0.5880597040870311,0.5945278988228242,0.5923843189443073,7.888779385610788,8.772063656109358,6.0024030964753265,7.88623111113815,6.817001020275115,9.239612969517768,8.104916602420158,-7.697170295567529,-7.652523359991188,-7.7050558144957835,-7.769436906596064,-7.702086936780887,-7.689698107815238,-7.696152806051435,6.642146031364422,6.928449543797674,6.147111263789639,7.119651901776205,6.31690847605168,5.915480481355759,6.183714858885905,9.222392230181253,8.84406659381698,9.82009749196936,8.788404098514158,9.568245021862728,9.999171140586023,9.706403987679012,1,10.77659259373081,0.4756768531878617
sub-076,FTD,44,M,398,0.8685227202589462,0.8719938041530361,0.8876219198864558,0.8907324425557827,0.9102001950140218,0.7207894704620812,0.8521596941900489,0.06616564907488026,0.06757495745589316,0.06433314987908018,0.0618215374860101,0.05732926978677669,0.08592461064493086,0.06637906450662742,0.03839725229009193,0.028699385155435957,0.028425194655197054,0.026514768749973494,0.019380415682428345,0.13958809570546243,0.05490090527276748,0.014861561214768509,0.015352588762000685,0.012240731410195889,0.012336601557971309,0.007630486391465016,0.032970741054864486,0.015971720990207956,0.0120528171613131,0.016379264473634195,0.007379004169070831,0.0085946496502628,0.005459633125308246,0.020727082132660536,0.010588615040348252,0.3479716283432547,0.36207316062031325,0.3560105982241117,0.3719702605411024,0.48231709840143083,0.03704234106930482,0.3352207766956373,1.341081607818607,1.3309164590059122,1.3699704535447836,1.3928345142468508,1.564412489582609,0.894824224571284,1.3372581272093347,0.4710602285793753,0.4824370699594914,0.45819348066768045,0.45588927775905236,0.43711676446787745,0.5317985034244033,0.46830120433507005,0.708159766226116,0.726788209870877,0.6463080591626731,0.6443708222009032,0.639501088142667,0.9663036792402165,0.7328815594152014,7.211193310467416,7.742685909096967,6.322222151268112,6.278601706307097,5.086707151079273,11.736338401465801,7.2154331201332145,-8.17137163274754,-8.13928980114824,-8.370907511314064,-8.33273781561999,-8.07926689995462,-7.799778958939777,-8.067337142099154,10.978375277312892,12.087240620890956,11.371923947089153,11.06443661543256,9.33616175607451,8.798221175743521,9.608128409431728,5.627196860534687,5.247281131992812,5.477895125243393,5.5956703506662935,6.317818935935461,6.207974420003818,6.114232395316299,1,10.400585676010051,0.667335244914641
sub-077,FTD,61,M,341,0.9237263775040597,0.9187185794408955,0.9319379818927959,0.9225074398368316,0.9300243772991753,0.9219271397838129,0.9265226491418904,0.04144157929712875,0.040206576036448935,0.042310335603662624,0.04202865256177867,0.04223057111104208,0.04210332199953751,0.04209142312344093,0.013717011782349794,0.012447236865876924,0.012770689420855,0.014681517635789329,0.013684867423117123,0.017699912364216985,0.015302154549623167,0.011225805872681049,0.012811456028571753,0.008402754754379108,0.011763795402955562,0.009122004685610844,0.01199032972457276,0.010368799193199033,0.009889225543780664,0.015816151628206713,0.004578238328307307,0.009018594562645055,0.004938179481054756,0.006279296127859593,0.005714973991846639,0.48353695681691855,0.5108483612183548,0.5202298030972681,0.4571986328966207,0.4894393416337828,0.37673084260666734,0.442071585568723,1.5933323599189055,1.5889508156537138,1.662898709110206,1.5623196649240336,1.6297934256102131,1.5116520325129073,1.5794936899910996,0.42980916590399676,0.4356645525655036,0.42158751973327163,0.43097315960240057,0.4224940155210344,0.43029252002244645,0.4260718318717901,0.6467017572368902,0.6489291464867709,0.6454434104534084,0.6472146252119981,0.6422628552769281,0.6464260320272583,0.6444362502655901,5.0885891420064535,6.185631920994425,4.134583092281325,4.704576269770387,4.229717997458599,4.7362809514301665,4.447036680361187,-8.533123466755567,-8.492682502290856,-8.563859152737015,-8.55638239438457,-8.549098032746882,-8.5580836091649,-8.555080379973003,22.36492158685516,21.971164306960343,22.548033224361163,22.80998371255813,22.292533733545977,22.68686213878585,22.515941622173806,2.5258656473440593,2.6124964245860127,2.478975941459817,2.4589140323481615,2.503501570593866,2.4604418309406704,2.4802888885764527,0,,0.09595820141923639
sub-078,FTD,62,M,426,0.9245158471567901,0.9216979021826459,0.9332308395803951,0.9169066809090324,0.9317295071556008,0.9257040084281846,0.9278750079224315,0.04091265054973483,0.04018259393004515,0.04090954130838886,0.04175018950726585,0.040981335201968824,0.04169440768725457,0.041400625660332584,0.01434638564238799,0.014236211275904334,0.012687395288524245,0.01610844648848298,0.013304111676673476,0.015259770712258182,0.014480201798124636,0.012367419597832939,0.013231166746851365,0.009035622882259,0.015303569341590911,0.009828566540651876,0.012277979747884998,0.011367359285403495,0.007857697053254366,0.010652125864553169,0.004136600940433047,0.009931113753627773,0.004156479425105223,0.00506383342441745,0.004876805333707698,0.4571892729673606,0.4521103519246849,0.5085654540542741,0.4142750002532496,0.4886546534710778,0.4365316996590012,0.4575153234141626,1.563498076526513,1.5477380949545179,1.6518586830355824,1.4883478391186404,1.623986553084932,1.5456848622430068,1.5762506423952487,0.4235197848858441,0.4225011279245497,0.4179363385826645,0.43353808297846935,0.41753372263506766,0.42440275089605783,0.4218703478210085,0.6175337560825334,0.6060904740872121,0.6233721990031539,0.6292936183865988,0.6177797464289956,0.6249388685574024,0.621919817550756,4.623207383729247,4.802589985677668,4.041141833722346,5.220579313275217,4.108626265668398,4.445594419919464,4.328697927325996,-8.571494037617962,-8.541461412500748,-8.614084540643331,-8.589865845415206,-8.564521632215962,-8.586437463498669,-8.578008087062344,9.50540542085472,9.46477660241939,9.225019627410228,10.333436287097864,8.894337373515052,9.328725314068324,9.239651236724342,6.151281319275024,6.248745949588085,6.2755303242054525,5.6685661313644164,6.449831867652843,6.141386159038154,6.215210862406537,0,,0.015775018575380884
sub-079,FTD,60,F,401,0.8842627267514798,0.8851467282070977,0.8850662563153721,0.8824114700941381,0.8842974046949669,0.8836139237104319,0.8835644862870993,0.05146061637952618,0.05012010028772336,0.05235177981826327,0.052659256661907815,0.05228107210708346,0.051187713386631264,0.05208796189543273,0.023390578986172663,0.02185268412499147,0.02238160431789361,0.02403612081431876,0.023819529248973348,0.028352163952232192,0.025438704325940288,0.02248669732106463,0.023291318755047197,0.022167942721609223,0.02252929934385581,0.02199167543864454,0.020805982979356513,0.021727938942660455,0.01839938056175672,0.019589168625139975,0.018032416826862654,0.01836385308577973,0.017610318510331666,0.016040215971348006,0.017180908548867165,0.34372276497968823,0.3602388537641902,0.3690606081075771,0.3409306252630128,0.34153286537707134,0.2567788183793738,0.3124961608008405,1.3100241808447532,1.3169649964955903,1.3231404363842618,1.3028226521038233,1.310705236948923,1.2794384160831669,1.297812349125806,0.4172902114459913,0.4090741716181344,0.4211130034485225,0.4232465421248177,0.42205180077504695,0.42125711748845635,0.42213899087106466,0.5093107876533428,0.5063743236689481,0.5097818913491328,0.5114879701832615,0.5119612717259105,0.5105516648863498,0.511597283425628,7.535974735124446,7.501163593077408,7.361088856481128,7.679409866461322,7.478543104786755,7.71941973308685,7.603622002994062,-7.546418130837084,-7.511871795300643,-7.56839257826836,-7.565121999974297,-7.567706034415617,-7.565029040425502,-7.566695778435251,6.77849365958075,6.7144877707258575,6.782379353746522,6.97762665410119,6.75068689669853,6.640129884606667,6.737044154499058,8.807660095589966,8.87708877438675,8.791834655803706,8.610964102118231,8.817838423830198,8.966522374063738,8.844317209462535,0,,0.07893208702514265
sub-080,FTD,71,F,454,0.8643580045743476,0.908129637993286,0.9184846256191069,0.8380305598842577,0.8484838310599502,0.7064335056927,0.7897660993662934,0.04360026023712282,0.03928295859489705,0.0457855495708975,0.04748763966841171,0.045574554818771595,0.044696681249200065,0.04569166313187406,0.06395516730349973,0.025187818748311157,0.017747253782301825,0.07977308371063528,0.08173680104527314,0.21064447410152537,0.13233448232236328,0.01857741689612208,0.01456200529078866,0.012446341926552501,0.024746216497606065,0.018422958520015256,0.029722058330335664,0.024746661196064702,0.009509150988907806,0.012837579372717206,0.005536229101141705,0.009962500239089078,0.005781854555989807,0.008503280626238514,0.007461093983404285,0.0022933899720778707,0.19308225097512394,0.41356583585512857,-0.11585788354791583,-0.24623754845614113,-0.6732773376808434,-0.4244077148211152,1.159282668834301,1.3808401050844596,1.506256015265351,0.9965867138336963,0.9552290803239791,0.4948439150788635,0.7559673422202859,0.452553041016252,0.41632766302065655,0.4313172191217863,0.48155027341426543,0.4715008233553471,0.5247794585378649,0.497147034424738,0.6558318733800296,0.5774732638332782,0.6371615580397253,0.6934356089465628,0.6836246744275541,0.8411958070997629,0.7433842631640353,7.557909169730979,6.455806888408127,4.839302768093822,8.81126463527507,9.571671160048936,9.965822840251573,9.787554267139638,-8.504380812701688,-8.261286134411884,-8.678281659649366,-8.640356229510116,-8.647714166205994,-8.607410052421166,-8.632309813292045,12.433069414642011,14.018867092916967,11.145571418264032,11.940154463180527,11.225068607832247,11.611855648384259,11.46448218398867,5.278731009141359,5.7736612203947075,5.21747161929797,4.863616269755843,5.048232795638746,4.814341153544678,4.936458785733228,1,9.690243564393398,1.5448394666482042
sub-081,FTD,61,F,403,0.9225984472827911,0.925160043931429,0.9278273677574481,0.9189236129029215,0.9230923885350029,0.9123982351819946,0.9183955501130922,0.047955861377141654,0.04777429111752618,0.04558102300021777,0.04954790075424289,0.047429851744178166,0.049758550546424474,0.04877121165871703,0.01654376404415922,0.014506857244206587,0.01432860307798941,0.017851270310094647,0.016777622546324634,0.024029879008129196,0.019579964143989357,0.008996935668579478,0.008529154986385517,0.00874609099578985,0.009450075478615228,0.009129985869756427,0.009904580143605863,0.00945134360354244,0.0039049916273284904,0.00402965272045264,0.0035169151685551336,0.004227140554125391,0.003570151304738041,0.003908755119845866,0.003801930480658956,0.46884420443498753,0.5190761589370176,0.5024952841528492,0.44486350059950797,0.4517572405607053,0.3161475975834727,0.4013365362413145,1.5839362816721738,1.6271899512197312,1.6251609500449098,1.5505743956597589,1.5737993370845047,1.4526406246029515,1.5254964785252114,0.42751376890363213,0.4228584021178992,0.4200273989057217,0.43367508451429365,0.429795316828419,0.4392921545420597,0.43388616496610766,0.6359091769368772,0.6243921865732724,0.6247747716080979,0.6481678113147833,0.6456712779364189,0.6537598309475392,0.6488632533333673,4.5790949842576625,4.401839382893236,4.29284678273034,4.790371540340839,4.556619975105066,5.2400212928866985,4.849259512790939,-8.627194566087208,-8.580095238372458,-8.588278736778612,-8.678041217731723,-8.676888411065606,-8.67418188629511,-8.67556066771178,8.22148915527742,7.8595193669267545,7.671936728585703,8.761786938410536,8.61452567864952,8.64256170321794,8.637613390332254,7.199722368004308,7.553301021584055,7.806282679801771,6.705315249785535,6.744200100980588,6.724454249752148,6.737364162427385,1,10.6850075764395,0.2130381660252283
sub-082,FTD,63,M,377,0.9073836452965486,0.9160839444439545,0.9219860050237466,0.8876910945744472,0.9148231982396505,0.8832548307193822,0.8946114035950324,0.04577517465501906,0.04357666113967436,0.045905606676565014,0.04805293132086853,0.046209252886511516,0.04806769324746889,0.04740922785966226,0.026610797936946488,0.018210408064878586,0.015440826996207307,0.041239748190788066,0.022642960474358046,0.04946097458649243,0.03995556236038993,0.011922555884522035,0.012298815652257197,0.010379830398387977,0.012995412956966356,0.010761504344509135,0.01251559809178075,0.011732379613446064,0.008307826226963702,0.009830170699235544,0.006287730905092927,0.010020812956929845,0.005563084054970406,0.006700903354876074,0.0062914265714692635,0.2842117331969431,0.37972462492113535,0.4731922566232932,0.09939999422486563,0.3156157155867322,-0.01103666861778346,0.11387668109920186,1.422322804774008,1.506235735207203,1.5739046618237074,1.2543049382844027,1.4620065246671785,1.1777649158227326,1.2856557857625177,0.4393728467176941,0.4205906017420446,0.43500532909103873,0.46160938647708427,0.44129291418179273,0.4643087998575226,0.45529171416389197,0.6540794704929628,0.6344863602951119,0.6529471769282945,0.6731065228710276,0.6592145188908981,0.6785971191794122,0.6705789941020381,5.924668806944706,5.078495750106979,4.63078095905447,7.682502495810427,5.122430728040425,8.514796018337076,7.1209937780614805,-8.574930001350584,-8.495968450039454,-8.651069765617036,-8.591071446787872,-8.642382097323638,-8.603624749705688,-8.603645251165906,9.943716979178458,9.862017801945557,9.925577948955047,10.36483319574065,9.704441649884048,9.77355320564595,9.589907843670291,6.5903656101846835,7.28062995436248,6.202191518113049,6.0560757633239675,6.2909001074915345,6.2744794914309905,6.39795932225688,1,9.294395103671935,0.6864641945495933
sub-083,FTD,68,F,445,0.9254958567724618,0.9214221378044668,0.928763925318275,0.9304452137957719,0.9267929402064271,0.9230074311441572,0.9237390571070423,0.04386900067438551,0.045772967169624854,0.044975617990432155,0.03804487903314606,0.04516932769246185,0.04524294472234223,0.04506734329774133,0.01394738328028299,0.01399030906941725,0.013409176912201176,0.013354420842253606,0.014063054151847457,0.015616871139147894,0.015005226607082417,0.009767250650860254,0.01019058193758253,0.008658281999812242,0.01016794683136285,0.009168837328169541,0.010045271746935206,0.01008508656049054,0.006920508622009239,0.008624004018908513,0.004192997779278972,0.007987539497465296,0.004805840621094303,0.006087481247417469,0.006103286427643369,0.49749539955889577,0.5153462447194109,0.5255842332461812,0.4559700631094128,0.5068157821587,0.4619542899654246,0.47835694096103726,1.6185841317940974,1.6038921295503574,1.6447359114425513,1.6433002925925217,1.6216748454847305,1.57671007804171,1.5880453182925685,0.4253719621800994,0.4372847482322456,0.42691799258660373,0.397764782398783,0.42864671774693214,0.43166039160021474,0.4304148769352599,0.6401037579523188,0.6561930291613073,0.644410955604843,0.604277822500897,0.6440239748360196,0.6431020578193651,0.6410284337864418,4.471776577216304,4.708294771581202,4.274211355288416,4.23196413949838,4.369197705745176,4.573803912473527,4.5428946377572315,-8.586268535793346,-8.574628483046524,-8.61747337060808,-8.49674966892665,-8.656857637900403,-8.653355548757938,-8.644837885155681,11.855367119011484,12.047688662490133,11.44254570402687,11.328903505671192,12.166909072042097,12.387088136447801,12.198233372696906,5.3096840881129745,5.231448298859766,5.441052849562584,5.739883518897486,5.028888618874021,4.947250550614194,5.029703250263301,0,,0.06292863698293338
sub-084,FTD,71,F,315,0.8888515725788301,0.8894238055375487,0.9028542483974071,0.8688560391520918,0.8972370214541178,0.8932576370359934,0.8921589166361006,0.06421288942215066,0.06282560321576254,0.05872221429054183,0.0760200198858259,0.06005385691829307,0.05992869167035819,0.06237792298351801,0.019834810748874138,0.01777754969674173,0.017776274890849767,0.02212026338000423,0.021272131503723177,0.02339614182384034,0.022614612210063997,0.016033468436736205,0.016781850746615232,0.013646243317311147,0.01817314218496117,0.0142666602579679,0.015365832802999732,0.014902292449022926,0.011067258813409064,0.013191190803331827,0.007001019103890036,0.014830535397116838,0.007170329865897968,0.008051696666809046,0.00794625572129461,0.5098598448285716,0.5458037364065402,0.5188759449281247,0.5349549355727099,0.45095079760674883,0.40870546350080794,0.4406033030651494,1.4261519337443727,1.4406968325261655,1.4857584152245729,1.3704277403988456,1.430491279415376,1.3907744339723478,1.4060925552607089,0.4553864155982296,0.45707120438521665,0.442525172425144,0.47213860079516917,0.4477004146881666,0.44680615057461864,0.44968435647490573,0.650898321839096,0.6531140197447255,0.6390370418866167,0.6696167182751926,0.6452636874058254,0.6319504578758239,0.6413505653286282,6.288201117310256,6.198623553893439,5.517101599395153,7.287377569208619,5.968825582947043,6.239082263889859,6.23506154540243,-8.664429424854355,-8.634999389143829,-8.704945782145858,-8.673111586745364,-8.689941746618484,-8.651027207475732,-8.67474422826821,17.068929280662122,17.025900533378778,17.009371314740875,17.831283014905523,16.75906162376495,16.248960861894666,16.640753282455005,3.399123953629654,3.441532363805692,3.3535265861328085,3.2880397741929834,3.4031314574875124,3.5352476723453474,3.445574911404563,1,6.574507707167973,0.17311686637601653
sub-085,FTD,64,M,272,0.8940610907318292,0.8713138017465474,0.911449410851934,0.899266134353512,0.9122220822188711,0.9099425475262297,0.9094506940517639,0.0596216623231777,0.062490032456172094,0.057149321424469386,0.05975851752066001,0.05704656233166568,0.05687981779806327,0.0576295833866999,0.018618564198884382,0.023864402940830864,0.015119153371475768,0.01589664671994026,0.015448420768137605,0.015706294947193028,0.01564187371947962,0.011357553323735909,0.01591793051293061,0.0077304975937550835,0.01056154331041402,0.007453049981025708,0.008285591797234763,0.008163495084824019,0.01634112942237279,0.026413832343519097,0.008551616758365965,0.014517158095473676,0.007829884700299826,0.009185747931278652,0.00911435375723227,0.537498348600726,0.48000247103335925,0.5774426261882758,0.5750956486672654,0.5673661556548297,0.5588211929909512,0.5663156457450771,1.5403414173026595,1.4361568026194778,1.6273902630444372,1.5601072950262498,1.626672155772523,1.6053864369291533,1.6091782698735013,0.5178566576017891,0.5182749191830912,0.5164064903524339,0.5269629719177977,0.5114836118356235,0.509914932958496,0.5130664018100719,0.9432178114399377,0.8696901888441193,1.0018575396989826,1.0041642620099018,0.9722754465666893,0.9471255443066768,0.966961124707506,7.02014271794454,10.32488807834542,4.832809329601701,5.617819024520249,4.777194524419328,4.903603716192114,4.931057846399973,-8.16335827025264,-7.746159418471504,-8.432385604865905,-8.40495096253948,-8.401472921018636,-8.379655888844075,-8.395094561234838,19.576329460896602,21.176393577946943,18.566722440605727,19.315331056956733,18.337128214108816,17.871314259718112,18.239531777370708,2.9871536096234745,3.430993421999183,2.7039314759096604,2.694564360610019,2.729352858384076,2.8304270917652294,2.7742208252076326,0,,0.05928474340437795
sub-087,FTD,73,M,292,0.9223121168763931,0.9321351409023443,0.931785930607108,0.8998223244310923,0.9267871027022409,0.9119879183413215,0.9103222606551941,0.04454900220046183,0.044259867059105694,0.04202655767619896,0.04697732545910195,0.04338077471391849,0.04624033669413739,0.04537280989605869,0.01830119344634671,0.012262814015583878,0.01269221180121683,0.03147803736520274,0.015967719654919138,0.024995516771140727,0.026908830299496256,0.010390795813249944,0.007900374423854587,0.009704297629185149,0.014415281556917119,0.01008099101916926,0.01255275365601756,0.012631092941374987,0.004446891663548583,0.0034418035991116485,0.0037910022862915655,0.007307031187685814,0.0037834119097524314,0.004223474537383141,0.004765006207876015,0.4402949182243386,0.567757617415593,0.5199982653923655,0.2391255363530507,0.44076301860091,0.27625706348062695,0.284707186784316,1.5686233101945064,1.7038459867934874,1.638378925239165,1.3535470398614784,1.5746106587071111,1.411882037428234,1.4212665910708746,0.42940364350938864,0.41831653420784637,0.4224874110090844,0.45125581987988383,0.4262785430532472,0.43956617275846427,0.44039409226969306,0.6460790301782985,0.6367639646522959,0.6410715213434578,0.6651130331688191,0.6423950267096029,0.6536510219935707,0.6549686103228434,4.8196766937722915,4.137269244811536,4.125505066118181,6.595353834732318,4.376098949193115,5.363372541564826,5.752669753658617,-8.54146288950047,-8.412753657300913,-8.636712308656234,-8.601091753289056,-8.622624080771935,-8.608071558980903,-8.613659211084089,12.725506928484307,11.108527645730792,13.77990065065572,13.74590796427006,13.608281031289431,13.438380609085296,13.603976875492735,4.507030177883088,5.23729602166066,4.042626905008693,4.0726536658845545,4.090624396098911,4.141066330646523,4.094801841685142,1,10.599881354463232,0.4605827628829946
sub-088,FTD,55,M,386,0.8797886759408696,0.8825673235350938,0.9095065417944097,0.8618040205022914,0.8907392787254617,0.8450300172810433,0.8652660887462488,0.054108443068928945,0.05939629975547055,0.04967107894184026,0.05171018267595534,0.050754208827333926,0.052084863005006116,0.051012845368332525,0.03858284694444098,0.02953020609498422,0.021436912920468506,0.05010565230141535,0.037094377397966706,0.07517308455926103,0.05861700182026132,0.01871344013814312,0.018602594301980385,0.014142050801395217,0.02217647110404182,0.01670585552301961,0.022043799560722388,0.019544092913055533,0.008806593907617401,0.009903576312471097,0.005243415541886665,0.014203673416296306,0.004706279526217837,0.005668235593967107,0.005559971152101812,0.1903580107580013,0.3048454816605847,0.36498593136557417,0.07161534341038951,0.13991873198989443,-0.1591457654650164,-0.03382837719331957,1.2377398213942314,1.2929288005284658,1.4308944729884814,1.126603965717461,1.2456594913412402,0.9652386234660663,1.0876581816919875,0.4662217127806712,0.4653598169081042,0.44598854840425295,0.4756300522614786,0.4599703868221356,0.49014840487547273,0.4725614588466177,0.6755396629246085,0.6721245926567823,0.6650469747100476,0.6716145041148316,0.678179585419206,0.7071218750614998,0.6813342116886068,7.912974182042879,7.487743067580736,5.418815502879632,9.762761233062154,7.464458073633817,10.115721161980296,8.912728003601577,-8.626061110048887,-8.604098059788184,-8.670791966361648,-8.586836776686674,-8.672017212179279,-8.64535001502106,-8.622163079343382,13.555662014735518,13.430942670294522,13.606285298828071,13.75454246548998,13.643480522035512,13.386756131681253,13.103542953936167,4.194005687563474,4.222025387889408,4.138844360490555,4.2431741509978735,4.121503762059465,4.189094688419301,4.314196907874367,1,9.86878370193341,0.7626721789298134
