participant_id,group,age,sex,n_epochs,rel_delta__global,rel_delta__frontal,rel_delta__central,rel_delta__temporal,rel_delta__parietal,rel_delta__occipital,rel_delta__posterior,rel_theta__global,rel_theta__frontal,rel_theta__central,rel_theta__temporal,rel_theta__parietal,rel_theta__occipital,rel_theta__posterior,rel_alpha__global,rel_alpha__frontal,rel_alpha__central,rel_alpha__temporal,rel_alpha__parietal,rel_alpha__occipital,rel_alpha__posterior,rel_beta__global,rel_beta__frontal,rel_beta__central,rel_beta__temporal,rel_beta__parietal,rel_beta__occipital,rel_beta__posterior,rel_gamma__global,rel_gamma__frontal,rel_gamma__central,rel_gamma__temporal,rel_gamma__parietal,rel_gamma__occipital,rel_gamma__posterior,logTAR__global,logTAR__frontal,logTAR__central,logTAR__temporal,logTAR__parietal,logTAR__occipital,logTAR__posterior,logSlowFast__global,logSlowFast__frontal,logSlowFast__central,logSlowFast__temporal,logSlowFast__parietal,logSlowFast__occipital,logSlowFast__posterior,entropy__global,entropy__frontal,entropy__central,entropy__temporal,entropy__parietal,entropy__occipital,entropy__posterior,SEF50__global,SEF50__frontal,SEF50__central,SEF50__temporal,SEF50__parietal,SEF50__occipital,SEF50__posterior,SEF95__global,SEF95__frontal,SEF95__central,SEF95__temporal,SEF95__parietal,SEF95__occipital,SEF95__posterior,hjorth_logActivity__global,hjorth_logActivity__frontal,hjorth_logActivity__central,hjorth_logActivity__temporal,hjorth_logActivity__parietal,hjorth_logActivity__occipital,hjorth_logActivity__posterior,hjorth_mobility__global,hjorth_mobility__frontal,hjorth_mobility__central,hjorth_mobility__temporal,hjorth_mobility__parietal,hjorth_mobility__occipital,hjorth_mobility__posterior,hjorth_complexity__global,hjorth_complexity__frontal,hjorth_complexity__central,hjorth_complexity__temporal,hjorth_complexity__parietal,hjorth_complexity__occipital,hjorth_complexity__posterior,alpha_present,alpha_iaf,alpha_height,ds006036_id,react_log__posterior,react_log__global,react_rel__posterior,react_rel__global
sub-001,AD,57,F,285,0.518748476241916,0.6111934387558564,0.4098703759226396,0.4669335116221546,0.4807134527746339,0.5191907223624851,0.489037844526858,0.2450786484597292,0.198315926297742,0.263983262669531,0.2260783618326006,0.3447760362319375,0.2688457463079264,0.2889350928246583,0.0733740410658221,0.0587027229900645,0.0813531199020406,0.0882313288192898,0.0750424181159225,0.0805378949945597,0.0826256632891138,0.0677631687865135,0.0533129434862206,0.0965756409142134,0.0911324653033809,0.0460441179233821,0.0609602324069511,0.0627051305164146,0.0950356654460191,0.0784749684701163,0.1482176005915754,0.1276243324225741,0.0534239749541236,0.0704654039280778,0.0766962688429549,0.523329723304332,0.5328151733661646,0.5121406715042106,0.410760814904419,0.661937804118626,0.524139921366485,0.5396823953750224,0.7527602644357029,0.8832463696940562,0.5842036693113909,0.5885102285816913,0.8392027801709306,0.7477300868231165,0.7381855940253553,0.7758435478402232,0.7164565386847226,0.8498302974272628,0.8246629670569914,0.7708493018704283,0.7825704860250716,0.7899382177871007,3.471972857305295,2.314069746592561,4.8215350741713365,4.1176624813470415,3.91651079613951,3.5421042631659905,3.8742277695307457,29.734286367194265,27.28962792429968,34.36077884652925,35.268217538936646,24.424077206308088,28.248303596167336,28.226384527250527,-10.544205982137374,-10.33397323654109,-10.852551426143409,-10.624167593003332,-10.65995875595678,-10.48395004325432,-10.58129896328305,11.97685014047876,10.802826892696467,14.63119621044095,14.210305393087497,9.740579263854816,10.991908212491936,11.216753721106343,2.7559598362433317,3.123673899243623,2.1508343619039545,2.340753272377332,2.9979467925436203,2.8440815205329386,2.785180417580508,1,6.406456308723369,0.3074831766759462,,,,,
sub-002,AD,78,F,379,0.1824257850352716,0.2194307171709003,0.2011076708853675,0.1787445216266692,0.1224996147745107,0.122137475993773,0.1259112668375545,0.1922172799279829,0.1728302730990143,0.1905130806998056,0.2202706225389916,0.2092068057092667,0.1810371287776962,0.2021855412439648,0.4753909687130929,0.452721441565843,0.3767018068801676,0.468005858968424,0.5411777628319719,0.618858084788874,0.569019544632634,0.1080755696280506,0.1020583398608847,0.1686616821850985,0.0957850235712228,0.1063664075941123,0.065401540142122,0.0858478478303564,0.0418903966956019,0.0529592283033577,0.0630157593495606,0.0371939732946917,0.0207494090901389,0.0125657702975341,0.0170357994554901,-0.3895722585690537,-0.4180935706468301,-0.2954077338384421,-0.319996828006062,-0.4137995453708845,-0.5338043843159904,-0.4503297765209182,-0.1946225493143756,-0.1550964642555795,-0.1439658379707379,-0.1502530304202096,-0.290621836462881,-0.3536890211011916,-0.3007945281228263,0.755369641182069,0.7573332289798006,0.845583363011269,0.7598299328185301,0.7221494885856891,0.6540861467678564,0.696304138833134,8.21905891799703,8.123929939332495,8.397264170606286,8.173867574699877,8.288510574816492,8.270907665774129,8.273929690026922,22.84693134029976,24.78935747326148,27.18110504585208,21.816869238878056,19.67276684208812,16.368550266766135,18.005367669527367,-10.39863488586684,-10.327652616713824,-10.715182952132173,-10.349578361118944,-10.43679703836871,-10.213120549247378,-10.316930714294651,11.348122081127595,11.728219895418706,13.026658059894118,11.014966056375505,10.454348770274985,9.506947778742031,9.991274365253933,2.030665722365074,2.1873746786650288,1.9644697786993948,2.0526808001709016,1.858093760035618,1.796306078696282,1.8498831691948816,1,8.476207564386849,1.8022791632406925,,,,,
sub-003,AD,70,M,140,0.3665040821109036,0.4849373526015961,0.2382752664932952,0.2552316033534683,0.2476876264027644,0.5451004998969713,0.3280569349607481,0.2396771824488429,0.2251157496670277,0.289768868572943,0.2455863315255955,0.2758603398685695,0.1494116337159507,0.2234063731412605,0.3261951406303673,0.2029277300886125,0.4089176960596652,0.4414008875585662,0.4273602382188454,0.251388104143448,0.3998197881660558,0.0409586987387462,0.0464647167838439,0.0401023065994131,0.0384626536465546,0.0355514696302518,0.0360751576370283,0.0344112632243248,0.0266648960711398,0.0405544508589195,0.022935862274683,0.0193185239158152,0.0135403258795689,0.0180246046066017,0.0143056405076108,-0.1169165918035114,0.0404026492081007,-0.1491574544298475,-0.2505930674282867,-0.1999017957084785,-0.2273418842976485,-0.253885090580597,0.2322158426901893,0.4552276669404509,0.0739159164154796,0.0185339294671733,0.0543339598046506,0.3833109980006781,0.1101580693574436,0.7472045956702519,0.7600263952957119,0.7608200155288133,0.7424246429359496,0.7415943771863528,0.6998804003877539,0.7196643414275119,5.588023979512596,3.780841173545523,7.297694633130511,7.600936846363205,7.384297091411187,2.6284224184213825,6.187030510261157,16.293517551810503,20.43446229103575,15.148485322273416,14.240754710934922,12.667581931559,13.06218842095619,12.55810652171576,-10.423389067351303,-10.544862248193423,-10.419265890611976,-10.327872255209169,-10.286290708985955,-10.401098861345169,-10.27047577968565,8.859511715399208,9.211844857797516,9.07587630641134,9.025204409674943,8.492469922263538,7.520976131638969,8.250936923388192,2.556777780005392,2.9082183682918905,2.263103656105159,2.268414247606249,2.1255794586297623,2.9907714537147267,2.3651050830114166,1,8.825399495604259,1.5422163493552166,,,,,
sub-004,AD,67,F,325,0.5442103633862445,0.4986168752272997,0.503750878257901,0.4987564606638607,0.627058039051983,0.731113091581227,0.635602670360987,0.2285095120609281,0.2055967950033553,0.2584399064366463,0.273370199145356,0.2412474096192124,0.154980209692573,0.2244502595910329,0.0522975267727299,0.0552801240354934,0.0557649784782505,0.0523257564962188,0.0514576182945073,0.0378606620651325,0.0478013511953798,0.0721858727851066,0.0945643800011853,0.0840999510931581,0.0699154435044808,0.0387006276196212,0.0307587063762335,0.0395510516865203,0.1027967249949907,0.1459418257326657,0.0979442857340445,0.1056321401900834,0.041536305414676,0.0452873302848342,0.0525946671660798,0.6388421495408965,0.5746513386904633,0.664969108055479,0.7204998771003048,0.6718004958355314,0.6115665751847679,0.6653940723728239,0.81329969836339,0.6799971186040711,0.7385372084885712,0.8238115545424962,0.986605772471558,1.111019638812771,0.9994105011152976,0.7682456374381701,0.8082251020356034,0.7821764805449097,0.783058381539709,0.7115355095110217,0.6628609503746894,0.7102629758839367,3.859920871274924,5.252945842919025,4.01248338709344,3.815588367360067,2.1211517072261983,1.4523084506955868,2.147412044980172,30.21594201518646,35.91976794926997,29.73243425307397,32.2979934587859,20.572310893510828,21.27915668437744,23.810433550160173,-10.4285688823298,-10.325184322217638,-10.613620491563053,-10.421876000785105,-10.588982911963138,-10.285602147511874,-10.487538691922945,12.611893676745256,15.030187941621469,12.717106188054698,12.993992979519613,8.94748222315839,8.722463557545929,9.606971467013404,2.784441507138151,2.377600514751717,2.600601282543617,2.6615539474374,3.449145108848013,3.732865034219184,3.3615831154933367,1,6.707487508002309,0.5452293513149247,,,,,
sub-005,AD,70,M,339,0.5387903954672479,0.6531744422316671,0.431075340710578,0.4204629684540353,0.5424993689146133,0.5311102077821638,0.500511305317569,0.1755092691752403,0.1354718143925735,0.2108837109717445,0.2389793752463922,0.177057237300043,0.1333165338903104,0.1770218272483381,0.1199080186124942,0.0775729072052021,0.1371056344789,0.143980440351796,0.1480531436541977,0.1519219536972491,0.1583476811141068,0.0999927610229002,0.069417227306444,0.1464167735691002,0.1097612925215981,0.0965024836744097,0.1230694632365368,0.1122900970266185,0.0657995557221172,0.0643636088641133,0.0745185402696771,0.0868159234261784,0.0358877664567366,0.0605818413937397,0.0518290892933677,0.1903440750572302,0.275531482260951,0.1853951948290987,0.2344199532836364,0.0899246396910329,-0.0379111332171123,0.0513075977044986,0.5512102177557263,0.777818456368384,0.3551901767780261,0.4231279142779506,0.4851896783381873,0.4073068601598341,0.4137054971334074,0.7366090517996079,0.6662670931770223,0.8101982545901646,0.8049495957117854,0.7356361204451534,0.7372004120001485,0.7580960044256246,3.337665177632401,1.8521183544747812,4.770098794560827,4.9513794134652525,2.967485866907873,3.7162691277125215,3.889637016347419,25.255631119235854,23.31248293381228,28.25350539549085,29.836653904794566,20.525266167712644,25.493340210003304,24.21875204919931,-10.535998531671996,-10.354483610984834,-10.798489914305238,-10.514212481077688,-10.756858422673512,-10.489845944813542,-10.62640202535504,10.82704436416828,9.770175621951468,12.234043115526577,12.65020321586832,9.420757919635784,10.878698798288324,10.58014387987924,2.8721026418539086,3.34358471496914,2.3595509479674024,2.445528676079168,2.89292958788288,2.8126504392863803,2.7356718326351848,1,7.941919661011148,0.4439458510131135,sub-035,0.21387030035543475,0.1034417079065193,0.08332532441839062,0.054704288346964294
sub-006,AD,61,F,305,0.2094558723910658,0.2318838305838425,0.2493809086349334,0.2545242281947852,0.0894457890679078,0.160948877727844,0.1449096748596964,0.0444681646237077,0.0486548106832866,0.0493733188733874,0.0569124470671018,0.0213622231047794,0.0322275194322662,0.0341979663644824,0.5566693552375463,0.5251653685290819,0.4487139356065469,0.4293661734621992,0.805796183802618,0.709782558866759,0.6937717345910057,0.1146810806584059,0.09860114021578,0.1846784843869182,0.153003238020752,0.0648202630722091,0.0641116782694306,0.0879291746465785,0.074725527089274,0.0956948499880088,0.0678533524982139,0.1061939132551617,0.0185755409524854,0.0329293657036999,0.0391914495382367,-1.107977195567507,-1.0386168247425458,-0.9547775254610172,-0.8689809926875461,-1.582656998780977,-1.3465106995543237,-1.3386790220311209,-0.4465143673981619,-0.3518666117653711,-0.3343990006525764,-0.2727471704703674,-0.8965972948174143,-0.6183645649580188,-0.6722993121808054,0.7699381982640837,0.7850023892242145,0.8144586942609352,0.8403994989086687,0.6406314002938779,0.7034703815744887,0.71122015728874,10.749727788368086,10.804523591294805,10.71785279650046,10.54020736277004,11.0387250728446,10.591299890407328,10.693291952651013,27.251507990178585,30.302623150595043,27.2009905808367,32.8204112495046,17.00147846580437,20.88561881064312,21.79344934080252,-10.229194501837046,-10.184929230600286,-10.44913552905978,-10.349911604934878,-10.054780755149991,-10.074397824166528,-10.137258047667526,13.751055954060533,14.477325881627978,13.563489059212012,15.01893624718094,11.787267494540288,11.900383652886816,12.427405652750036,1.8136119629752048,1.9036166713754263,1.8008232156109705,1.9129361490569228,1.4809817264785987,1.818075587202252,1.7043689380033844,1,11.313239091408084,1.8887283010514797,,,,,
sub-007,AD,79,F,371,0.5632264389949163,0.6263582487924533,0.4799457679233359,0.5310016438193289,0.5443801554379069,0.5599051269975976,0.5305830908901323,0.2498308504175147,0.2139066623525753,0.2623494807604961,0.267292735654191,0.2833914683404732,0.2715228657725404,0.2825732778304393,0.0767777926658277,0.0553968371475546,0.1051297955202107,0.0846077169913135,0.0867731188029108,0.0784302948416119,0.0868042994032518,0.0524365149742086,0.0458177036756688,0.0786499401259201,0.0533353126774215,0.0469394646659972,0.0427301968474216,0.0490119239301511,0.0577284029475326,0.0585205480317477,0.0739250156700375,0.0637625908577449,0.0385157927527126,0.0474115155408282,0.0510274079460256,0.5218836116567794,0.5823684804153515,0.4005611694060937,0.504293074093549,0.5147867581936216,0.5379965896990029,0.5146620957323073,0.8156936444597813,0.9315457550761072,0.6110744438333616,0.7695442970174012,0.7976993577552296,0.8364301831838585,0.7826448703753065,0.7535138482686259,0.7208633333237281,0.8064964357715079,0.7704381180116191,0.7537006638573129,0.7541880064524282,0.765657214108062,3.122087648998603,2.3874608228354512,4.038443206012258,3.537007253370948,3.321771250889658,3.1893835934678822,3.4795148772270674,24.60195952113761,24.38340744681022,28.28658615154673,26.67828458813803,19.81950611822741,22.860981806034253,23.22302347268779,-10.371697518080952,-10.262080234004872,-10.517251516197383,-10.380285259139658,-10.436037132164412,-10.423342111929996,-10.422281178601802,9.98192060062127,9.767822996752807,11.29062187449418,10.561678077530797,8.786361452141255,9.402034072252482,9.678385700028148,3.080733120825761,3.2668398467162567,2.6071647304589534,2.9796038117869985,3.1897149992322125,3.1784979662270816,3.0763094083246267,1,6.690973488481706,0.3530335630127705,,,,,
sub-008,AD,62,M,312,0.8583564112833886,0.8626295064632539,0.7720417778539327,0.8884514821152709,0.8694643277809263,0.8960205118879718,0.8859745091395717,0.0659187126922828,0.0642894232200396,0.0929940890455031,0.0578814945816877,0.0591131689715658,0.0572909131175689,0.0579842498506755,0.0282829326008545,0.024827202714634,0.0494908558241255,0.0185459679177821,0.0287468134805409,0.027344210414335,0.0257017467522996,0.0297334977410317,0.024699308816005,0.0646561278652897,0.0197374444954779,0.0309219080086262,0.0131787048819541,0.0215692408868485,0.0177084456824423,0.0235545587860675,0.0208171494111486,0.0153836108897811,0.0117537817583399,0.00616565969817,0.0087702533706044,0.3975378208818428,0.4391947503086665,0.2766000555530004,0.4918952974329805,0.3479716315305799,0.318779546805843,0.3727175359001469,1.243073195054028,1.2857181056295626,0.8837074819991927,1.3988345212864208,1.2078487442419956,1.374178601375171,1.3211136491390325,0.5682716063204635,0.5762961117682595,0.63409643699233,0.5319453514586755,0.5633441283405465,0.5214923179388298,0.5383546034479008,1.2413139620403173,1.3084205318572797,1.3374398798964862,1.0984067378196627,1.2672799061259108,1.1091176232096154,1.1738248426691875,11.567929614339349,12.264773456364702,18.095345706421305,9.121830144102384,9.724343704724117,6.995429834024455,8.034375732538452,-9.894645831665336,-9.72252774482371,-10.17829666746943,-9.890345925911353,-10.098483552257711,-9.77442611252427,-9.931922259245251,6.001849550601527,6.5593935573901465,7.355068336854764,5.395915176095518,5.423723284480528,4.099675495655014,4.702520209717117,4.859906822343627,4.666375604140488,3.5732983409456733,5.576844925010576,4.736373951177812,6.218601909566366,5.573308006266886,1,8.476980811222791,0.4001662226239961,,,,,
sub-009,AD,77,F,295,0.2202421619088061,0.3141616371771588,0.1798302715319252,0.1791409061610798,0.1454082961222045,0.1465951442102486,0.155334146513771,0.1653882751570623,0.18300804603389,0.1891416519397883,0.1598252166018908,0.1338108956707686,0.1265811982538598,0.1407143540900352,0.4128436566954732,0.3348939933581847,0.3783136070867397,0.3929145640786865,0.5460471356110861,0.5775155196492368,0.5315221793735904,0.1342589202601808,0.1099299662932137,0.1857140049911372,0.1496892291469621,0.1349615341687279,0.1103130934117473,0.1258801876065942,0.0672669859784775,0.0580063571375525,0.06700046445041,0.1184300840113807,0.0397721384272125,0.038995044474907,0.046549132416009,-0.4026569018788578,-0.2899039228530832,-0.311280499499952,-0.3767509175357999,-0.6197219498398804,-0.6605713287820097,-0.5829425462544943,-0.1617513063861083,0.0493407974499091,-0.1958185338175973,-0.2089829925766984,-0.3902437624286485,-0.4122707722199454,-0.3527546487638568,0.8337873560485577,0.8157270264650084,0.8687217646748074,0.8729244253896066,0.8150553408360913,0.7944207807882084,0.8188080342017036,9.001228311973254,6.787826496582106,9.125612940584038,11.255516482627277,10.095074843999026,10.412211583579362,10.083447090440565,26.28889289672999,26.15452148173112,27.706071779151035,29.931072549902524,22.87130163909712,22.475452105698743,24.21159435527812,-10.339259125426484,-10.21449316218127,-10.546195153637818,-10.331887423706617,-10.44561855277165,-10.32074021688972,-10.375907146503788,13.065251794348717,12.01739472848988,13.526718438220705,15.368189822937754,12.470823011958894,12.326318675453324,12.684612304533372,1.981425203112808,2.1877084173525927,1.8612838944848005,1.8734733459618185,1.843494791088752,1.8624452485536327,1.892257921090899,1,11.142253338846846,1.3116077483046986,,,,,
sub-010,AD,69,M,632,0.3476221276038921,0.4655322680513516,0.334459221437088,0.2270751706506987,0.323260984777891,0.2323166234333787,0.2591794260839634,0.0745260545149336,0.075785398704497,0.0860234777017092,0.0735378475708695,0.0720047241790586,0.0586306244632386,0.0648571712469805,0.2818964646403577,0.2084229702756383,0.203532126842054,0.3676942296934955,0.2933806795711397,0.4677783491118826,0.3976813644653097,0.1862365408167005,0.1458222190095763,0.2039589148901393,0.2055524322457164,0.2242768177040822,0.2054109078423727,0.2124682499126258,0.1097188124241158,0.1044371439589365,0.172026259129009,0.1261403198392196,0.0870767937678283,0.0358634951491273,0.0658137882911205,-0.5604541343657826,-0.4445512680803103,-0.3742058852245472,-0.6919410153946293,-0.6144559238229856,-0.9015100938332908,-0.7809890827789824,-0.0526369266536969,0.1861832486832631,-0.0164869585992457,-0.2824497389256595,-0.1318212140088309,-0.3643304368381073,-0.2869924663819172,0.8350238233132924,0.7898172509931201,0.8764093795412838,0.8777751696061129,0.8542226216023031,0.8168676020727517,0.840124786063215,8.228821074454302,4.639746386241465,10.76760206263819,10.681047620307902,9.063447659233896,10.826018032046797,10.014560892123471,31.066997459268585,32.714313867675564,31.138234619315305,33.83790260094391,29.28621557441996,22.323896833696352,26.983921550419197,-10.730037430015509,-10.709646821458644,-10.846717709398051,-10.606760837127904,-10.876633825383507,-10.65304273361393,-10.736631887683217,14.81959648353702,13.958074209139395,16.60469086529986,16.414312017848257,14.391309042079932,12.610282964847595,13.827781647472085,1.9949409427154985,2.2278013383375006,1.8973722154489063,1.8237999735353323,1.9283979336474293,1.768379100900816,1.864654786085983,1,10.960292977375358,1.0790199210401925,,,,,
sub-011,AD,71,M,311,0.2914204583738691,0.3938913084816323,0.2076920975501154,0.249683964944055,0.2270691591560112,0.2383649599187429,0.2297257563255758,0.2800284677446241,0.2279759978232595,0.3241270884079892,0.3730380113704728,0.241439289189692,0.2679288620550527,0.2924077368573243,0.2849134467523462,0.2068073109967753,0.2910538033831908,0.2466183804070919,0.4366156683259516,0.3981111872806772,0.379432547257887,0.0821177885692445,0.084210467947699,0.1031627088119403,0.0739795530490548,0.0711878690561629,0.0758973806906118,0.0717922982354276,0.0615198385599161,0.0871149147506338,0.0739643018467638,0.0566800902293251,0.0236880142721817,0.0196976100549159,0.026641661323785,0.0025687972407878,0.0437666569498627,0.0468927919855698,0.1824331581649511,-0.261509656733764,-0.1717207447446465,-0.116620104710402,0.2025399793591269,0.3356690504884496,0.1294635413971223,0.289471313993432,-0.0349618966583052,0.0285930321070426,0.0662000064485393,0.7908625211885075,0.7866977953379063,0.8319952085207252,0.795667952556792,0.765588922039516,0.772039566654205,0.7716055725127529,6.936800323358924,5.950694790566005,7.575331098267193,7.030393566288305,8.004389946592317,7.64180260506288,7.623042665754885,25.274770926440752,28.89017485906584,28.79943518962405,25.464224573321037,18.338467233671597,17.359409012871172,18.7800929786354,-10.290044979964184,-10.303505712130304,-10.649855878224187,-10.019779660789691,-10.396112210477986,-10.084645862571056,-10.194542744236474,11.517422886352248,12.2709129004261,12.766860016072997,11.481601679471073,9.81378635316122,9.633149356061532,9.923424481526649,2.343993465772216,2.496069049803997,2.1918627027421995,2.4322896613258163,2.1811680487980936,2.1075708005599925,2.239209372236509,1,10.204460609458163,1.1656334163795474,,,,,
sub-012,AD,63,M,365,0.611621277868059,0.6169708771641895,0.6194664773638895,0.548311543272568,0.661252350231656,0.6333027417334425,0.6031905282269917,0.0674656861198657,0.0720114247212716,0.056815873030246,0.0800519576037953,0.0496152316446765,0.0691334593942989,0.0673413821411974,0.1743429661886781,0.142831625554645,0.1604069548734711,0.2335024745723988,0.1542330858461101,0.2173824791270148,0.2093111059635617,0.1103397208699477,0.1198229196451504,0.1320143157626693,0.0948844383839869,0.1155023992897734,0.0678031801598387,0.0999427368877449,0.0362303489534496,0.0483631529147434,0.0312963789697241,0.043249586167251,0.0193969329877839,0.0123781395854057,0.0202142467805044,-0.4034027302686089,-0.2941193471648634,-0.4431828707165287,-0.4512052501930038,-0.4923406674470376,-0.4972124148434065,-0.4853292316114202,0.3966527475172982,0.4491080323364211,0.3764322859157612,0.3018636350094487,0.424232855499584,0.3915980060949437,0.344784988953968,0.609644216256724,0.6287763792921375,0.5918549524475,0.6363621610826895,0.5380879992219385,0.6232639772468602,0.605956425352275,1.4837081025859822,1.5687537252741386,0.8038257852723242,2.6425063661637136,0.654009761414182,1.1328228837501595,1.853807124100564,21.112117697380015,23.27163230967713,20.568528724802096,22.069367686394266,18.522326697078416,16.339386535630922,18.37812037241451,-10.268638483511143,-10.218421888154028,-10.448673150207794,-10.243722610247977,-10.320082301194295,-10.1470105872177,-10.29251457794546,8.88906631384558,9.69813757552014,8.661268656262225,9.62663936576938,7.446550083593252,7.087641625890521,7.900522894281096,2.946821003246565,2.967421629345796,2.897129625173497,2.8728445865658494,3.0455328565194395,2.949140932460981,2.8853942331603326,1,8.479240247569232,1.0337703299502046,sub-001,0.24426855036523598,0.16307478315502344,0.08666994380110679,0.053002276239989626
sub-013,AD,64,F,373,0.5108415013228199,0.5453240280445242,0.5102289432000272,0.4502290707585726,0.5270861538185608,0.4879293773659268,0.5044994930667749,0.2506934442808889,0.247887128974925,0.2410987997647048,0.2562045188181301,0.2805372320766411,0.2191196838579278,0.2638448402953045,0.1131367363745607,0.0763116683515911,0.1308029275762916,0.1158300109961592,0.1108916825015047,0.2135062192187454,0.1487206879467169,0.0651716091542566,0.0601848983998864,0.0693735781471378,0.0841285523710023,0.0529037334939679,0.0568100703621722,0.0542296932678477,0.060156708867474,0.0702922762290735,0.0484957513118392,0.0936078470561352,0.0285811981093254,0.022634649195228,0.0287052854233561,0.3757847570894796,0.5122210108687005,0.2638015987610346,0.3632692193035198,0.4131448761657589,0.0352235033123748,0.2778696828698566,0.6496941587592258,0.7719040508713857,0.5819337607630292,0.5527992727367815,0.70628853160691,0.432498346134323,0.6002134510595162,0.7724146727782544,0.7602719301756268,0.7768165308222198,0.8111396062567309,0.7541291691420812,0.7582898733188099,0.7572740751372704,3.552539037610501,3.0764526413057447,3.618657098121988,4.28360201532571,3.4335858838583846,3.83596810910768,3.6464791080189394,24.54890717513599,28.693417741338248,23.307126945374748,28.47164911212069,16.99847554444699,15.385954110134056,17.13467278648832,-10.48711684329648,-10.346710685510928,-10.800338958385504,-10.430562662532363,-10.67398049814983,-10.341518102160592,-10.507349198036028,10.48690025343006,11.08598383647699,9.941262540519764,12.38577526611274,8.393148039104917,8.551442578253628,8.612585742641715,2.854227047798813,2.8803835630370846,2.8719578372718604,2.576841314303374,3.1795353872741217,2.802892018033208,3.0308115776309807,1,11.344715454590627,0.7724871431749207,sub-002,0.44575255176766504,0.23139324443395992,0.05318123755394784,0.024804210254487008
sub-014,AD,77,M,416,0.6501547979769399,0.6892667713737035,0.5755203059933093,0.5943193021482884,0.7049886182230897,0.6546348903517902,0.6596846762211597,0.1485651447220364,0.1328246558980756,0.1758267111040201,0.1444087384290956,0.1660391966553239,0.1448662407188742,0.1575456136090744,0.0536855919933174,0.0428231982333525,0.0706027875505488,0.0613445325371692,0.0509694470981901,0.0550845130723345,0.055723760467275,0.0685936813016906,0.0629331296151068,0.0910613157211633,0.084785942631948,0.0431251268035151,0.0605224696622735,0.0572400505994962,0.0790007840060156,0.0721522448797615,0.086988879630958,0.1151414842534988,0.0348776112198804,0.0848918861947274,0.0698058991029944,0.4401488801769849,0.4802833423334818,0.3770375476343213,0.3714612436219013,0.5144892596146247,0.4202099653969492,0.4536322070419385,0.8333842691051747,0.9165228885967566,0.668555824577253,0.704784155537224,0.9704139618571532,0.8412974556844557,0.8665857765269361,0.7270246213174995,0.6990213772499898,0.7631429201349719,0.7729475738866755,0.6877630281126921,0.7379050119964325,0.7278916663606495,2.012720116886971,1.7738512261518729,2.490991742876026,2.2779535503745167,1.7724259752390512,1.9613281409730177,2.0301628065885864,27.885566499298168,25.36932317772342,30.573954283633253,35.20754291415604,18.73682437045682,31.73899681185344,26.951063444863,-10.319232316268245,-10.073630379400717,-10.823014992610055,-10.328863104536888,-10.476505666802844,-10.1679934784527,-10.34471334861611,11.02509604921813,10.348695135688788,11.85913781402632,13.470945121725205,8.1601196775719,11.54720301181371,10.51049495889803,3.040085429049684,3.281176172218186,2.693037578676698,2.488130531110353,3.680766698677703,2.8597274949560383,3.122679819486183,0,,0.0493004194627015,sub-003,-0.17804222819386695,-0.22800708360263933,0.03227913574041771,0.022528702005417497
sub-015,AD,61,M,427,0.2483317861750767,0.3260222366721266,0.2694314947030883,0.1694989144714786,0.1996780803132588,0.1754119488433078,0.1732254707052861,0.1331849366188348,0.134552441290459,0.1404051987032509,0.1489713958142264,0.1169855613173523,0.1102944217029667,0.1170485527311793,0.4659985684166668,0.3598849571445069,0.4432343715058043,0.5180783999943401,0.5666942280213975,0.6163393506730784,0.6059522676172518,0.0910044046271273,0.0952714252576178,0.0967308088217448,0.0959070441588815,0.0827882792808389,0.0699991350844083,0.073011957485878,0.0614803041622942,0.0842689396352898,0.050198126266111,0.0675442455610734,0.033853851067152,0.0279551436962391,0.0307617514604046,-0.5304169434597077,-0.4202206463105632,-0.4960187938210842,-0.5229834720135653,-0.6870633039145361,-0.7475986101496899,-0.7144039553613485,-0.1674470170180406,0.0063428446556093,-0.1208920492535519,-0.2882297044247274,-0.3163402244173772,-0.3806387986101702,-0.3731238763918547,0.7882449061509901,0.7972330224280938,0.7948611091341219,0.7854571265128514,0.7789203055306695,0.7664246549131875,0.7583609733693575,8.29794616043642,7.317737018302005,8.417352262483044,8.758502587633433,9.287727730274282,9.143783795686124,9.12210568729876,24.44960038424214,26.929219004680142,24.602702078245677,25.004640206682648,21.221110059783975,19.273938513510014,20.01959676112231,-10.524739964152513,-10.479725445620632,-10.775769762669398,-10.445094779799096,-10.59527532618543,-10.359233406896216,-10.441584473844014,12.02772325577455,12.531182032022764,11.417685135294674,12.701865446957497,11.290095938014153,10.938831313900318,11.067107890388632,2.127413102312484,2.2767937741520434,2.175769151729183,2.033932364762324,1.9665919941502608,1.9602398140926252,1.9853932755706496,1,9.001014778110413,1.4877136915663751,sub-004,0.7368867133967854,0.5846283742463196,0.41879246084228355,0.33199104768821824
sub-016,AD,68,F,397,0.6436855193529801,0.6421810523742396,0.6036782027837336,0.6246745550190512,0.7274307578781021,0.6213661995126161,0.6675229145818076,0.2094594718861163,0.2314527724980675,0.2381712682584455,0.1904401915456108,0.1446946612739862,0.2246010017849993,0.1846372496822873,0.05725906931598,0.0465787511891141,0.0619386483009498,0.0708135180134494,0.0501498538533613,0.0711757400815457,0.0638942695744982,0.0452908216174428,0.0355059422791481,0.0509883331938001,0.0578601905324275,0.0428030113873619,0.0495846094520902,0.0476118985351489,0.0443051178274806,0.0442814816594308,0.0452235474630704,0.0562115448894607,0.0349217156071882,0.0332724491687481,0.0363336676262575,0.53270934554319,0.6101139413680196,0.5761743966160499,0.4344370493581792,0.4597175639716111,0.5026279482743868,0.4643702170964704,0.9376583877401008,1.0477936420752616,0.8799342901356683,0.8068913162232974,0.9725177542364828,0.8480162372627194,0.8912928233665791,0.6837129107023223,0.6607700388305406,0.6950121943869562,0.7163803555732239,0.6585113141406723,0.7195315418272796,0.6892282910238153,2.134562766121828,2.3894446238043536,2.1926961292492577,2.066444211948835,1.490521221628101,2.25757564462842,1.8354643633450376,20.97622476803536,20.52446128449716,21.79774982985227,24.7747615798813,18.191055264445662,17.905789999386368,18.912654555136037,-10.667035718029172,-10.440770084104662,-10.894127167595764,-10.71131701534462,-10.876966407660255,-10.714869633337534,-10.800881457371702,8.460885876816716,8.379716345214238,8.508498562147395,9.45172642860469,7.551188904169401,8.056424564824407,7.959808108163445,3.5198157133854746,3.6621011057323183,3.391109833925324,3.229223229856591,3.777873189210778,3.40897441268156,3.559649160438709,1,7.446425137869131,0.3101585309508348,,,,,
sub-017,AD,61,F,372,0.6516445095617595,0.7079732410760229,0.5730927333007156,0.6673033376054339,0.6129898736694961,0.5989859114044491,0.6203234182219158,0.2102154341446977,0.1966305148309503,0.2296053050403755,0.2059878167368894,0.2232014464562656,0.2176540617475611,0.2209272020547733,0.0763931120730845,0.0516897857273868,0.0777707358608636,0.0622098262759798,0.1090413610744348,0.140182516693542,0.1091911917599058,0.0386962185126106,0.0255636309779246,0.0820694529051487,0.0334567392516002,0.0385407414220433,0.0303125974530765,0.0335400685590705,0.0230507257078477,0.0181428273877155,0.037461772892896,0.0310422801300966,0.01622657737776,0.0128649127013716,0.0160181194043344,0.464945818616543,0.5619380832043925,0.4777426360643613,0.5388980705901475,0.310431208314868,0.1901450778926463,0.3186327079690247,0.9144523435696286,1.097706789557344,0.7242860688960278,0.969237667697512,0.7594534438987709,0.6812388958735445,0.7815103555637363,0.6829885849949667,0.635453113672515,0.7445369796941516,0.6851138681605622,0.7102845979369788,0.7118455568305618,0.7025714217306218,2.080504354954165,1.8627442007450692,2.6355592122666853,1.7369746961582349,2.3146473108300216,2.345927492495292,2.1728937985722103,14.3428543307336,11.1886212054351,21.17552626598432,16.457756120622044,13.547731120307647,12.096543602264292,12.770995011126578,-10.169310887637428,-9.9713536488837,-10.39045785027425,-10.13196049907382,-10.409576031800777,-10.244743840202428,-10.301498275490369,7.275011807394688,6.413304702541278,9.101038695085414,7.764555751655089,7.102263020057083,6.831981635331148,6.966693497586333,3.786097640817216,4.400680844492505,3.0309483690380343,3.789997097183754,3.3950677122117026,3.3465263157976666,3.527158647586866,1,10.193074384687923,0.5660492345131409,sub-006,0.15460735447027218,0.06576721130318575,0.059401195330042414,0.02134434458671358
sub-018,AD,73,F,406,0.3035476800188826,0.327425364083355,0.2127445407709306,0.2915136838022601,0.3387847676163707,0.3273928557021702,0.3128778049272497,0.3146539781657363,0.2807813403592896,0.2711477461173148,0.3866419018385585,0.32372466708547,0.3408856778356876,0.3590621161681494,0.1984020479228568,0.1907328307407505,0.2262009243605555,0.1834305961960178,0.1993295557171663,0.2120976351658945,0.201678236512671,0.1278735081086911,0.1302368754666227,0.237262460238489,0.0805584767568806,0.10833045853654,0.0794629312230815,0.0900516954603169,0.055522785783833,0.0708235893499822,0.0526443285127099,0.057855341406283,0.0298305510444524,0.0401609000731661,0.0363301469316124,0.2079414453384606,0.171558261257245,0.0887868911992686,0.3589024722589068,0.2107475671275155,0.2078831843070286,0.2560211866837638,0.2902545183892259,0.285361449456576,0.0190750675130097,0.4334059012834507,0.3347507197609696,0.3611023681217598,0.3686675856376822,0.8386417308079848,0.8496085052486197,0.8839043770522176,0.8129423871046639,0.8191052736418497,0.8130674240552576,0.8124969295292795,6.4084329675122005,6.118834445021212,8.047200842944546,6.327467880796193,5.873938009117772,5.927548594105812,6.021163435840032,25.155713699694065,27.49471700662996,25.04814218314136,25.61205015898925,21.092396604848275,22.312862123925736,21.89551535483113,-10.113339197706122,-10.092243118306913,-10.18952917385983,-10.044206897726184,-10.167462356152338,-10.129970373663356,-10.120598182081183,11.598542741602053,12.35622487530314,12.849819586215254,11.295106489949172,9.871937584054573,10.266520246355404,10.155254890301643,2.273965536410993,2.228870182586403,1.847610190900496,2.529857534591368,2.280403022942559,2.5498920669047056,2.4344572241010627,1,8.002637147036555,0.6713060452358164,sub-007,0.05139338655598635,0.10642908381138483,-0.017625096611915803,0.008875777041044586
sub-019,AD,62,F,428,0.422153055389676,0.4856285826259898,0.360914973503347,0.3548653864429663,0.4302372051672294,0.4142949461191604,0.426841221635365,0.0585165460174517,0.0547973832827854,0.0610350172041199,0.0552583752204328,0.0630638079501059,0.067451357503838,0.0651681508698198,0.1923416926194703,0.1263912694352646,0.1619698976441452,0.1825672175013362,0.278962800187147,0.3583431551119306,0.2884366874008739,0.1513339024583806,0.135377568168853,0.1727958589515641,0.198716685767007,0.1346658863352501,0.1052245952993949,0.1319513171076045,0.1756548035150214,0.1978051964871074,0.2432842526968236,0.2085923350682576,0.0930703003602672,0.0546859459656762,0.0876026229863367,-0.4948059550329915,-0.3748316782888662,-0.4271538836299266,-0.5291170259501466,-0.6435722460963643,-0.7244224523126574,-0.6394499615784134,0.1329216559876356,0.2918466954229588,0.0861775090836007,-0.0101366557459779,0.07728477872625,0.0163721776793628,0.0695942287286002,0.8199527498356314,0.7954289538225646,0.8823095835955357,0.8642326790844443,0.7945576785763766,0.761783533632765,0.7915430001610911,8.369234719298094,7.805282625984176,9.918071714607114,10.612016099274356,6.355071436025876,6.555493717889092,6.381556988338258,34.08382261009864,34.792569028004486,37.92601353455432,37.0808573733061,30.50928014779637,25.20766792778319,29.864215245028447,-10.66027128767222,-10.51904518456998,-10.932122118521306,-10.609275535038943,-10.875790501679084,-10.52549908651272,-10.728467172033968,16.154846617067097,16.35849272028149,18.91324151900124,18.25410325312602,13.282458096600974,11.414562411496814,13.098791857054016,2.074713533511283,2.229100084926081,1.8005342719679105,1.8612697110997405,2.154279435536957,2.253168287659123,2.165766744081348,1,10.46092964037428,1.0018963438070898,,,,,
sub-020,AD,71,M,407,0.624400365627128,0.7065805713308967,0.5938733111991944,0.5029060683853445,0.6823039908225463,0.5386933839962773,0.5810859654610344,0.1434328236506363,0.1053733923192889,0.1433009575085231,0.1909616130351141,0.1469109833598577,0.1765638141907341,0.1688856576577158,0.0936392073597131,0.0655118353413734,0.0811500622664321,0.1247992871986997,0.0852444168325753,0.1610907531765572,0.1286871758861151,0.0665576231469727,0.0547655665748102,0.0790782951330449,0.0872815874205021,0.0472377044874502,0.0765807626126579,0.0698012037124805,0.0719699802155496,0.0677686344336304,0.1025973738928053,0.0940514439603393,0.0383029044975704,0.0470712860237731,0.0515399972826539,0.2062841348846894,0.2220323274843648,0.2528437937293692,0.2045444410400249,0.2363740231167931,0.0396705278599793,0.1370090930721822,0.7044962345516723,0.8474413928156503,0.6638049757406599,0.527101650569713,0.7988265914060365,0.4785187015266411,0.5976598614763693,0.6648987021999437,0.6153877607734091,0.6653099640198111,0.7650254631707272,0.6010556861539523,0.7330811065904322,0.6890832430712786,1.5121187183782394,0.9187160249019928,1.0104144284002907,2.967277097402529,0.8087925874501081,2.486257018855646,2.057896330937213,26.422525238629703,26.104604611850483,30.15091497797783,32.62444601048373,17.847497260885046,22.401363246243765,22.66081873774147,-10.518704198723828,-10.29645224266818,-10.773659453088705,-10.537278513728834,-10.739984441994896,-10.545084168454649,-10.650819582614186,10.44834219675298,9.927783985739923,11.74092342343186,12.561190289083488,7.979634630317752,9.808789260272183,9.59087432465314,3.090757956250877,3.296959762644964,2.7401442946004635,2.5749039214871177,3.744862199155062,2.945523831518437,3.195479103870439,1,11.88658756803859,0.441385051276562,,,,,
sub-021,AD,79,M,431,0.3634565003641593,0.451311740124075,0.3111753181540783,0.2992803182331717,0.3501505366491568,0.2826962443540545,0.2874705038653041,0.1229207361801022,0.1237112981881639,0.1265995527922261,0.1230835346045723,0.1243260827037661,0.1122019275992644,0.1196229998341288,0.1533407060200224,0.1152623353051712,0.1567245403021117,0.2078736563258854,0.1737978100876049,0.1417876953857685,0.1784211701395184,0.1498930644106313,0.1228414347703981,0.1790574983910781,0.150161582364338,0.1785890956413031,0.1572460344273561,0.1729578103912757,0.2103889930250847,0.1868731916121918,0.2264430903605055,0.2196009084720325,0.1731364749181691,0.3060680982335565,0.2415275157697729,-0.0908724546997352,0.0171652777637385,-0.0987615044734235,-0.2266616992203142,-0.1455465585335329,-0.1035812988695064,-0.168886686049885,0.2084767528359854,0.3920504633676679,0.1143437619890269,0.0614556668683079,0.1282750333448045,0.121513003417661,0.0606141074339678,0.8729909237892312,0.8234515361726806,0.9108216025958118,0.8992448762313796,0.8845530622698073,0.9197816496321248,0.9118574137661928,7.457782253063418,5.390101046935976,8.894718305088379,8.79892590378265,7.366603619849946,9.993743044853758,9.116892292674969,37.238212134279,36.31083190446371,37.14563116022226,38.32970136407253,35.8268272859651,40.55701321260136,38.40728573375829,-10.53165945566388,-10.317938007674782,-10.826747192520015,-10.489668054814413,-10.831879114105526,-10.470706232378014,-10.642549906893873,17.32929356093923,16.13474402983246,18.076541276947253,18.05176509371928,16.146839541019173,20.718083310120864,18.63595850255753,1.9125910662002328,2.1121340784055507,1.7362113146070997,1.8326254453939432,1.9118739138684957,1.639767120981506,1.754173825158278,1,8.636659249211332,0.4545038954157121,sub-010,0.36248464549069404,0.1760414677819675,0.09845025453777076,0.0851422938365668
sub-022,AD,68,F,323,0.5913641579127858,0.6003093022728071,0.4796299226953484,0.6473579101030238,0.5952818911120843,0.6097934012994455,0.5976169686882169,0.1671924399228301,0.1309528791503538,0.2082074544126439,0.1574502691494569,0.2130544495518316,0.1831997079950207,0.1950616835575711,0.1007891557522828,0.0698415493339676,0.1295961858715458,0.1120530967634979,0.1035900990821677,0.1391659360202343,0.1296264478408072,0.0717352819856737,0.0855166854907688,0.1077965295257004,0.0455405794298929,0.0564214205472924,0.0447686956769342,0.049738033544857,0.0689189644264274,0.1133795837521028,0.0747699074947616,0.0375981445541283,0.0316521397066243,0.0230722590083648,0.0279568663685478,0.2456728978101449,0.292108979801804,0.2129332489856149,0.1978169269794691,0.3135045107474359,0.126220606331548,0.1929794131316003,0.6592222205352986,0.6854945344715777,0.4654625119964092,0.735536608175725,0.7046297499494014,0.6371686151646492,0.6534862959041468,0.7210445412296679,0.7426069154124117,0.7960815848965191,0.6586609909320995,0.7121065867874713,0.6711946983482181,0.6901341905541631,2.1819603022584912,2.1492162376598523,3.771527091023583,1.5022120061708764,2.022261785332289,1.5112587127706243,1.8519433830038297,25.074330942326476,31.79815798981573,28.879691424107644,19.81871389527764,19.070958727750533,15.34918796940389,17.331132946103335,-10.18274260939579,-10.21242209867613,-10.214959006291862,-10.015849405010211,-10.338173186660455,-10.131180344444658,-10.186819397210666,10.48724526195303,12.954294202345062,11.80048635530386,8.471147801270167,8.228561612770099,7.302932725694811,7.857175927959867,2.9738615206842693,2.6575400895213903,2.442275683692127,3.445917812874418,3.283772011870876,3.4693869640823527,3.362146541580909,1,8.997227503491876,0.6921791963376318,,,,,
sub-023,AD,60,M,353,0.2926618294585243,0.3672313919406625,0.2088751837693887,0.2047510696145628,0.2450839786434538,0.404536625215272,0.2756527587868989,0.2396303102837645,0.2294068855799904,0.2759036441823749,0.2094304171795486,0.297784992215672,0.194170059209629,0.2497222638024347,0.226599917452069,0.1587897646734846,0.2334618776704514,0.2701182593059062,0.2781972045285787,0.2892098975271016,0.3141648114190808,0.134208029870485,0.1279980070996666,0.1864808692527342,0.1380387409234294,0.1293078508290092,0.0772226969513006,0.109169516810535,0.1068999129351572,0.1165739507061958,0.0952784251250509,0.1776615129765528,0.049625973783286,0.034860721096697,0.0512906491810504,0.0314419621940407,0.1365166585129334,0.0583629051850494,-0.0645589816219471,0.0238393281740595,-0.1732950507466489,-0.103815932112768,0.1758350572700739,0.3286426621156763,0.0585615542859798,0.0160780734511535,0.124650303373526,0.2132097932692699,0.0934223449460566,0.8492390079997613,0.834333795814132,0.8825501466267672,0.8973700767643379,0.8427596365624067,0.7648974623358342,0.8217231773600405,7.02241502401763,5.410548909028951,8.052834339824253,9.842694593734809,7.283259415829417,5.086491725616056,6.988887246428739,30.638058850745576,33.29414718475603,31.606520867592213,35.51578939627471,24.375463074710115,19.52748922943388,24.56790957672181,-10.462288331503167,-10.381775707958534,-10.714027171112042,-10.397926198313822,-10.604256531096452,-10.28224622148484,-10.457714926961216,13.979961938909756,14.28812503688331,14.202323926742896,17.100321157351328,11.701295020297332,9.74513005528808,11.518128720471452,2.201970706593688,2.271210278078448,2.0457736771338757,1.9216171059273743,2.2637320291366407,2.661992968104945,2.356570765053434,1,9.158569880986832,0.9216656052013086,sub-012,1.2563401305735589,0.6688122118366273,0.2984529953336564,0.19504659137318314
sub-024,AD,69,F,369,0.4586358719892907,0.5026405568963793,0.3829603557722127,0.4078840631319754,0.4814109031110316,0.4854738201721158,0.4436702981155124,0.3499082973119358,0.33168874755485,0.3744248328594109,0.3922213452864899,0.3433077581562496,0.3021766309249447,0.3546340488882996,0.1148697238445778,0.0998355601428967,0.1340201892741571,0.1198806077133566,0.1179431311274963,0.1241317199941572,0.1250908333316765,0.0556936318437858,0.0458925308973504,0.0887681273845836,0.0560876914721582,0.0455792291744875,0.0547692265923157,0.0535895163620939,0.0208924750104099,0.0199426045085233,0.0198264947096358,0.0239262923960199,0.0117589784307352,0.0334486023164666,0.0230153033024176,0.4867688522892276,0.5234377687708589,0.4434593316938621,0.5184994173989208,0.4681926854030776,0.3877950456064056,0.4523156451331904,0.6887858227880911,0.7731862980593008,0.5335885003291129,0.6628004449489701,0.7106525962477677,0.6453507385160522,0.6558887914809636,0.7595892530331432,0.7382701113691967,0.7940583007924022,0.7711029900063812,0.7490743681133744,0.7752475306512436,0.7686424136012032,4.140600516680779,3.4795021326668443,5.065509788385307,4.837708089621484,3.990629185961959,3.897822803369574,4.405656687844605,15.83703699660622,15.006927617128984,17.54723628398993,16.395656700664205,13.466724695452184,18.61534993731606,16.278444005094272,-10.245297851398036,-10.101484168701598,-10.515722581166486,-10.211295900551349,-10.326899960412952,-10.2886093843539,-10.302367154314371,8.092449026307412,7.648991639947534,8.724160268633389,8.56160347035603,7.178830898240374,9.129101319081345,8.33934494973286,2.9546764746795997,3.193348047795733,2.529037556147009,2.8877866901291656,2.856999853827915,3.0380788469504063,2.87481196544464,1,7.365441753978332,0.6850797857239108,sub-013,0.37456737518499317,0.2303863964578916,0.026498436360541583,0.01646026710297578
sub-025,AD,79,F,302,0.2102087332223264,0.2740071716671313,0.1736267965607791,0.2065414082802532,0.1615361056667222,0.1221306948753826,0.1445130399182826,0.0533997397641228,0.0434478951149727,0.0842481539245637,0.060056905958234,0.0473054321314206,0.0377857038563174,0.0510606719498949,0.511901771685583,0.4572302746211172,0.4796716369394136,0.3910814317280253,0.6540102724435267,0.7800751423086666,0.685642192602801,0.1036879882570834,0.0893261722641273,0.144863800079323,0.1329653137168686,0.0967275486287367,0.0440766350220197,0.0780769807546399,0.1208017670708842,0.135988486332651,0.1175896124959201,0.2093549403166185,0.0404206411295938,0.015931823937614,0.0407071147743815,-0.9574408012609756,-1.006297511845427,-0.7541576094356371,-0.7079128257261365,-1.1410932027971878,-1.3149444507187642,-1.13884753528349,-0.3661692834672831,-0.2307914809469072,-0.3826180895427513,-0.274619195145881,-0.5562417660263312,-0.7133098359796282,-0.5946564183692501,0.730729333102865,0.7262617799064605,0.8036447996527638,0.802344173445081,0.6774100598184774,0.573741798707582,0.6547660868200447,9.89283477971237,9.827666832337233,9.125011400345452,11.578548512485648,9.127013800633868,9.049961667646924,9.083088971497896,28.68314005922302,30.053600192267226,32.84932459982431,34.64980644397685,22.284685049396217,15.301602527898917,21.708713346194635,-10.297338015880678,-10.169769552254346,-10.776605062999352,-10.204904349782431,-10.513171021195308,-9.88604489211939,-10.218329163774788,14.437178648883652,14.484292418693965,15.306634264095388,17.973538873509447,11.706668467767653,9.991141854152362,11.582544944346669,1.9905306831257907,2.114877598274695,1.9364771642812624,1.8227393262273188,2.039568323426165,1.8984230117178047,2.0152001002662785,1,9.348654867583535,2.080205980959235,sub-014,1.27168026935842,1.0351451183654845,0.6043348143969314,0.4403875264223354
sub-026,AD,61,F,240,0.4161778494016014,0.4578823663988621,0.2414592940892933,0.3879275158245976,0.4962768858715651,0.4686419853287131,0.4589327416142676,0.2331624281620997,0.2163475370194009,0.1956942378924714,0.2487251173134529,0.2863268722356585,0.2373447881529429,0.2766474132267981,0.0909953303497395,0.0659123048232798,0.1231042746673877,0.0980336934411671,0.105243492554024,0.0951735337265944,0.101961426090692,0.0979360030814205,0.0908316240945896,0.1602641316456788,0.1005705395101563,0.0576008475952401,0.0845427970607398,0.0729413819203271,0.1617283890051386,0.1690261676638671,0.2794780617051685,0.1647431339106259,0.054551901743512,0.1142968957310094,0.0895170371479148,0.4105630152661685,0.5065310586518387,0.1952881609162243,0.3934656529597042,0.4316859845462031,0.4000974156341167,0.4304061082260149,0.5385784489628266,0.6396726566097015,0.1666548065971885,0.503603340017592,0.6817495442702253,0.5978277606765927,0.6253633955996093,0.839005761750558,0.8211707479755361,0.9292498095089056,0.8647063815407393,0.7800509982166517,0.8030931440461091,0.8054937465429317,5.798049598170153,4.447520597326139,13.01450230330058,5.362157989494523,3.647316584488289,3.798104781302624,4.030910984718036,34.42453352134382,35.318452292575934,36.556299564067466,37.70482162249335,25.494927894979863,34.932000995192844,31.15291820631797,-10.278156766292591,-10.064593542573087,-10.507208721120533,-10.3705980921702,-10.527499108513778,-10.123153951981957,-10.36782566638372,15.445283643105023,15.752493990254717,20.18604393553756,16.12532485890422,10.47067995371337,13.360730091921402,12.37231542753501,2.309761373770008,2.3162621112334394,1.7734301591902737,2.137278781486928,2.9444899055750797,2.4843780013761587,2.63535024669146,1,6.14219892681072,0.2832638103349776,,,,,
sub-027,AD,67,F,316,0.5683951715004408,0.5908723015340159,0.5112083069068609,0.5078629315598582,0.6339911604311835,0.5981760097583483,0.5970132164508941,0.2848829876514985,0.3059353194355353,0.2603854919694864,0.2446140506614647,0.2954320109414119,0.3126604089755856,0.3013840927167869,0.0371420682394435,0.0287156220734141,0.0422371050546044,0.0427015158256514,0.0327373455075836,0.0544802635231793,0.0425898171834292,0.0461204429308209,0.0320345634197762,0.0860819578116453,0.070454821779625,0.0214555370606742,0.0238073500058526,0.0287694436585295,0.0634593296777961,0.0424421935372581,0.1000871382574024,0.1343666801734006,0.0163839460591467,0.0108759677370348,0.0302434299903604,0.8862325708775275,1.0115057539929198,0.7846505552973584,0.7457892271978563,0.9648575028601044,0.7630987427293849,0.8645143988038522,1.048615606570937,1.196935768353677,0.7792810870348758,0.8334912272463173,1.2443683437422717,1.0701164725276802,1.1180850241237887,0.7318236009462245,0.7014739459703893,0.7947556561039599,0.794193981058707,0.6842659026085526,0.6902450979065873,0.704559297238142,3.251945325811319,3.027421152734596,3.7476213491623263,3.80395601937703,2.773476559723444,2.9079476585537325,2.995411549935288,21.647029701177523,20.05392571374304,30.83797845222545,31.586475505494946,10.206399747648282,10.718523852285376,14.764670133105708,-9.85382657106086,-9.665576352708005,-10.0563074586803,-9.932997819627907,-9.97597490103468,-9.86741601177186,-9.94973757737836,9.62976229106138,8.503233993846383,12.45859045510942,13.775414880797417,6.332151287644808,5.984480410894584,7.492570534261363,3.3361881475779627,3.584913358457277,2.534888968660374,2.6334893946422744,4.110066655986665,3.912178421135072,3.7703864167052585,0,,0.1222014745353856,,,,,
sub-028,AD,49,M,389,0.4201019783771467,0.481116672602989,0.346727338465061,0.3881023652497917,0.4071952393444758,0.399971843258544,0.3854522684441829,0.3791584654804069,0.3438799210984759,0.4198024080186728,0.4068255633806238,0.402422281157732,0.3514375376933446,0.3964849250371119,0.109568532151905,0.0895166331495491,0.1267808103776445,0.1164379860774404,0.1167812606129206,0.1293737607789467,0.1235321518869587,0.063501178927504,0.0556780895408212,0.0856493222030669,0.0612214625637392,0.0568220311351046,0.0722379312836785,0.0648550074339808,0.0276698450630371,0.0298086836081647,0.0210401209355546,0.0274126227284046,0.0167791877497663,0.0469789269854859,0.0296756471977649,0.5436002397826707,0.5846143277112249,0.5173543114381367,0.5455883371140371,0.5422403472864183,0.437483468631179,0.5090763614202157,0.6755310492663534,0.7632904585231514,0.563440278281563,0.655902988041587,0.6764375625720919,0.5744056258356725,0.6238311983093847,0.7687607705179489,0.7483899366291938,0.7898837446518391,0.7750215077113913,0.7644647075924563,0.8022968479291102,0.7831081030270978,4.514396331365583,3.792770448972696,5.147737115821138,4.921562208940877,4.757365303547758,4.911290529633501,4.984564820349099,17.980719270044034,17.918055438464837,17.414226093061274,17.648143154991704,15.362527496041896,23.642222337153253,18.814156531068388,-10.43020320577419,-10.28197392459428,-10.65036073981101,-10.4098020452325,-10.513317399055708,-10.534900420009732,-10.510607873722495,8.716124230925663,8.487351090820521,8.761194365759499,8.877229827578198,7.862991478118651,10.40671295494834,9.038761779420266,2.899366963304854,3.131444991857412,2.591586548597686,2.880985457056548,2.782992363494357,2.7600893976440157,2.765239202231403,1,6.983716436619123,0.6359026013383584,,,,,
sub-029,AD,53,F,305,0.5932886271485431,0.7128247749039229,0.4607908429496136,0.5365317025277797,0.5452375946481892,0.5592491842951661,0.5410454440180418,0.2702080873166517,0.184227341917937,0.3189780823035724,0.3412869330092595,0.3270880356762563,0.2705080898071494,0.322054955912408,0.0639336470079898,0.0408621283084493,0.0975443598196096,0.0557938648126156,0.076771020444089,0.0912913974755519,0.0773036713138954,0.0434313871782508,0.0325050273280986,0.0850946168281198,0.0354779358936043,0.0348824873873087,0.0479090544346863,0.0377243830607014,0.0291382513485645,0.029580727541592,0.0375920980990844,0.0309095637567414,0.0160208618441566,0.0310422739874466,0.0218715456949537,0.6409892730395425,0.6516953337656215,0.5328382982555474,0.7920010139509972,0.6356656169294096,0.4717065250165488,0.6239848027395303,0.9557831495545008,1.145511380998568,0.6513612023877373,0.9848417912632056,0.8990392188627222,0.7753658728706696,0.8828877762755034,0.6708138556462057,0.5788807675533519,0.7688319883021019,0.6981731637777173,0.7116166889108911,0.7296295988272972,0.7166385996843524,2.511804972693457,1.3570052382016602,4.074895998234266,2.8337893420107,3.0014227741467177,2.830572064289158,3.0753671343594027,16.129115325114324,14.5135903000517,21.26531302492733,16.616871392742123,12.735497711213355,18.19407064870985,14.44823321575242,-10.082227761785752,-9.80430528413369,-10.43556506246622,-10.126774548841077,-10.277125807917416,-10.143509839239126,-10.212628199189837,7.699122075443234,6.933462722094957,9.246561016718507,8.068990026566093,6.948674878386104,8.443706293589251,7.503486542334848,3.7856848821693503,4.650442421678376,2.8392561492007,3.5059983905589505,3.423704414678452,3.2810202777978823,3.408384930073218,1,6.191279420481071,0.5952500681082711,sub-018,-0.12649644275255234,-0.18242736853114394,-0.016524373665924977,-0.009247188354823174
sub-030,AD,56,F,151,0.6963699117475168,0.6870031765590091,0.6815918430250116,0.7473465790684051,0.7127913679772783,0.6247350690046332,0.6936226843072725,0.1768717465522789,0.1907269564447984,0.2196197610834492,0.1509787385981064,0.173443136092571,0.121185421729612,0.1517480477552527,0.0490390100401664,0.0377447887859892,0.0591793095103364,0.050809583627938,0.0593351493930048,0.0543729790197306,0.0571942070016433,0.0337733491236895,0.0381945617982189,0.024960708614093,0.0233100106270372,0.026984697634887,0.0626277197537392,0.0371391669507738,0.0439459825363484,0.0463305164119846,0.0146483777671096,0.0275550880785133,0.0274456489022587,0.1370788104922849,0.0602958939850576,0.5567952389392118,0.7054724514248462,0.5630146157924644,0.4773629497891055,0.458697063746337,0.3331077710491383,0.4113209691157655,1.0339376013739892,1.0711873799081828,1.0325465609900946,1.0968515747515757,1.014819947157485,0.8084984716497348,0.9605753750908638,0.6817780618411363,0.6933618322779077,0.6724775114154822,0.6453480570542394,0.6685679487727875,0.7478608701272353,0.6883095995695909,1.8253275162780167,1.9785074234384692,1.9038345816762812,1.58395213172543,1.709079506598793,1.8285600267430453,1.7096119598342312,18.848771582536006,21.25258895327483,11.009701861266237,15.113535794059366,15.240992608577498,35.076155404745855,21.472153160527203,-9.667011885925827,-9.564089773151474,-9.798027233408172,-9.567950642613336,-9.908358754910674,-9.66681844256026,-9.771887300064606,8.44955883375,9.011909935092758,6.352993970147812,7.15529224700834,7.406261900225851,13.779655848223197,9.306745962473874,3.700188437997923,3.574707111408583,3.955484108728372,4.163017437809826,3.8987098167661096,2.5329895071888595,3.5336479160952594,1,7.505667231883165,0.4455581989799242,,,,,
sub-031,AD,67,F,512,0.2969879155372194,0.3872601177078424,0.2379329913819833,0.2465023467843841,0.2431998320636165,0.2512708568889674,0.2251658164843106,0.155122566046143,0.1519116419073832,0.1536037481233727,0.1759223810342014,0.1622520644976025,0.1163451497626521,0.1429773024693275,0.4067297616011062,0.3297270291851356,0.4022276342969686,0.4348207939539852,0.4653355148555833,0.5389018214257363,0.5219558873041307,0.0893386440174814,0.0791795816586732,0.1181646528354789,0.0853255621510327,0.0985925023195393,0.0758017253261241,0.0831792913730287,0.0518211127980497,0.0519216295409652,0.0880709733621967,0.0574289160763963,0.0306200862636579,0.0176804465965195,0.0267217023692021,-0.4048277472760494,-0.3258158489670097,-0.4080779253218244,-0.3666725017435839,-0.4574181303671447,-0.6739190407173137,-0.5663706741117057,-0.0374223419482287,0.1261706124756104,-0.1208878106739013,-0.0880098612888396,-0.1440220162399064,-0.2237249292244187,-0.2178657235251215,0.7848370554580404,0.7712641452140028,0.8332688231675327,0.782885723545655,0.8107609363168767,0.7247114322844499,0.7609188792075141,7.414093310751578,5.843196188625067,8.535197179904552,7.8712696449684465,8.633388575419552,8.487281869029196,8.56539682803584,24.159358856580447,24.75658862287268,30.63764609915144,24.855691331792507,20.679285332102324,16.17906914699426,18.81139709345749,-10.602653736501862,-10.584796295346363,-10.827972816078734,-10.571298244261405,-10.697631489502434,-10.247420516160862,-10.4797525108448,11.394456437006468,10.996352611594451,13.58636887060482,11.82054055008101,10.867697113544438,9.43792193459496,10.339892519399342,2.249939458962365,2.500404571928507,2.03361299245029,2.224937103482205,2.0092550645708687,2.108832565896539,2.091697576321868,1,8.827226114400021,1.5533809140126476,,,,,
sub-032,AD,59,F,401,0.3498626628324954,0.4548367313321974,0.2585017330511819,0.3003091806237605,0.2981566133230288,0.2961608564371776,0.2917045245712812,0.3145053187678878,0.2895916780178463,0.3270310566685923,0.3542949221775285,0.2988017315082051,0.3268906286122187,0.3225222385895205,0.1824835838049367,0.12771242379924,0.1976925737175439,0.2039841426052295,0.2278814737892015,0.2402712063789813,0.229449707744748,0.1166022914868678,0.0861905115934167,0.1778629508002163,0.1058659032100215,0.1436082961386141,0.1121163017199973,0.1263311335266254,0.0365461431078123,0.0416686552572994,0.0389116857624651,0.0355458513834602,0.0315518852409506,0.0245610068516249,0.0299923955678252,0.2463620885070018,0.3449479409764279,0.2186935020251863,0.2439404993073586,0.1191776665049228,0.1384342959891383,0.1504969672279254,0.362841756663035,0.5541704859793254,0.1949315452828161,0.3271850552853051,0.2070752519982862,0.2500196808789309,0.239155511651569,0.8081558621936378,0.762713894188286,0.8520205808515939,0.8224644527485905,0.8399059326039926,0.8251633854999973,0.8325905432755827,5.580924916664759,3.903901497050745,6.840693011916021,6.32203387703968,6.628702923670702,6.506969811178161,6.569722880492273,21.16965827454696,21.061204074168995,23.192415402965675,21.077089618946637,21.570311378345863,18.099269938744087,20.332199239757667,-10.326145349128977,-10.153271418490307,-10.550747996719403,-10.358187861980232,-10.506853703609265,-10.259152577555726,-10.379835131509916,10.166813021019614,9.599414609197996,11.180465045673062,10.287237810647964,10.534450442161596,9.839923714445447,10.278604887520308,2.4099511818481205,2.734854616340619,2.026054512711654,2.401976837784394,2.151330695245943,2.25251358285979,2.224338023489384,1,6.958454677095296,0.6176301247019325,sub-021,-0.13081581152633603,-0.1836666681905541,-0.1045079135080737,-0.10445178977000535
sub-033,AD,72,F,342,0.279246371615594,0.3349179575363784,0.2306507666963257,0.2025719876755569,0.2649588736807017,0.3320692430541641,0.2645840299772802,0.1160723485522418,0.1184601467198564,0.1283856154098203,0.1175098602806795,0.0949803647315923,0.1180081069533216,0.1069459554549689,0.2275780439682425,0.1492348616220658,0.2165946889356114,0.3556692820948033,0.2465906281792845,0.2335528621591225,0.2702216672287013,0.1999759305908223,0.1765238113306539,0.2732353482270922,0.1806049596713899,0.2282179494823932,0.168548135048515,0.2010535478761721,0.1771273052730992,0.2208632227910452,0.15113358073115,0.1436439102775701,0.1652521839260281,0.1478216527848762,0.1571947994628772,-0.2786103802139506,-0.1196501401993964,-0.2423039256153666,-0.4797054415611451,-0.4069409666048471,-0.2947448998820324,-0.3946910804601966,-0.0328690684571315,0.1363309180232692,-0.1362754674070605,-0.2248285629745042,-0.1238987212564538,0.0505040455200884,-0.1062234943001608,0.8934239725604769,0.8740613404217071,0.9286076813717244,0.9026352937789036,0.9026856357428684,0.87610248461886,0.8973809512177073,9.613772735440094,8.815980143881834,10.726194810388288,10.145773659685618,10.244052480652051,8.727992227162726,9.886317854202442,33.86914257392641,33.263291599760905,33.78386555455909,35.25494791793464,33.62905986728182,33.706049884507124,34.07943399328329,-10.393419555526972,-10.27786546614133,-10.589619417869796,-10.322652300873676,-10.549262436594,-10.411329262568549,-10.467515193300098,16.461296615606987,16.80835149948832,16.67946014325496,16.279674056340212,16.40114030706324,15.372838811899523,16.164973870776016,1.782358175884983,1.783066490808899,1.6862156287844037,1.8233567101846453,1.73853911844107,1.90782441186869,1.796697171942457,1,11.4772352618851,0.5987408098756273,,,,,
sub-034,AD,75,F,428,0.5005386999426923,0.5894289161191583,0.3909751012747461,0.4164507637849544,0.5178537650301044,0.4959716160113386,0.4768136625179641,0.2315211092659361,0.2079029817812305,0.2301414466304631,0.3008701759066928,0.199321454529548,0.2258553982386837,0.2334171879918664,0.0986525494209528,0.0722520845012772,0.112799477359023,0.1130335613383109,0.1000557491906635,0.1389669612434301,0.1224666387717221,0.1163529690883887,0.0809217819355005,0.1848624543173185,0.1104776877823629,0.1416533077916933,0.1113979508371973,0.1304143270812322,0.0529346722820299,0.0494942356628335,0.0812215204184494,0.0591678111876786,0.04111572345799,0.0278080736693504,0.0368881836372147,0.3919238087754177,0.4904105166469119,0.3036646488508555,0.4403892287805855,0.3064093465343651,0.2109499244632746,0.2832572425011946,0.57364697395823,0.7848363159284643,0.3248501852404417,0.5166396055350782,0.4815343797499747,0.4598630882977778,0.4528908407808228,0.7744272310540244,0.7244183547326928,0.8418104661653816,0.8069938734228495,0.7778582254471974,0.7781036691842389,0.7880375583612477,3.8590364839680342,2.860023248829172,5.451442613993611,5.051953283436857,3.1985100993906115,3.5719295898441743,3.950961691238216,24.06510127684561,22.506581580213638,28.551882325999944,25.685108626785883,23.426983090474156,20.50691122100268,22.415407855834783,-10.581020407207244,-10.422094075348364,-10.819159864578175,-10.58802139608916,-10.735522755975722,-10.534297881740365,-10.642374762911146,10.52567489104394,9.65004981627302,12.863718263950604,11.23493509824563,10.13747064674849,9.247083545421956,10.0045290305529,2.7157202022034164,3.225205643967936,2.177877888372462,2.4656422678150043,2.482551642873698,2.589193334545431,2.4830431072006047,1,6.6830015177901645,0.3520145693682774,,,,,
sub-035,AD,57,F,359,0.6105348212498601,0.6630564009024968,0.5972017586512416,0.5062969267885487,0.605668334257086,0.662484405775343,0.60070880340549,0.1586365877851523,0.1483289632753899,0.185841051578817,0.1716417136626115,0.1698874472079374,0.1110200369897276,0.1478247548115501,0.0781893008331361,0.0777023179714508,0.0959536134850399,0.0727323685808935,0.0815575766482736,0.0591087226529582,0.072967623671337,0.0703328964977302,0.0561138599134009,0.0647638944367342,0.1042341014509053,0.0662344820189664,0.0667982394461728,0.0775721009836696,0.0823063936341211,0.0547984579372614,0.0562396818481668,0.1450948895170408,0.0766521598677364,0.1005885951357988,0.1009267171279531,0.3099231538969783,0.280564010430035,0.3122703421642916,0.3695740790336359,0.321502002880249,0.2724892498820884,0.3044907739768905,0.7238994723806936,0.7963532419104903,0.6955202880788963,0.5858164451150383,0.7229807623161774,0.7904241751071861,0.7022368206587671,0.7296637638899328,0.6925657270113171,0.7326063443076247,0.8016700144676234,0.7335218574317007,0.7052933808705166,0.7417937794946398,2.0876396605634944,1.5780500997444744,2.082587203792474,3.4366925584882235,1.94735324015084,1.3911056433561209,2.00965186918754,28.052562699766103,22.8414930891648,25.64232047822392,36.788093961296894,27.80893001157765,32.80105617840508,31.495371315685865,-10.493959920957314,-10.307771892589033,-10.627473721310968,-10.392278769942177,-10.84444725177356,-10.622978625521736,-10.713461407821876,11.314212645479422,9.52733271377112,10.116788966696085,15.025218291821885,11.108409007168968,12.251122089414256,12.408395959520922,2.875115319844209,3.231972260189439,2.9342303681950512,2.239704894609156,2.9094275722164853,2.7567959280213303,2.693982971190026,1,7.04914585790142,0.4857878430268023,,,,,
sub-036,AD,58,F,392,0.2144186077969836,0.2874742098313032,0.1529964584610544,0.1876969331389237,0.1603002959847106,0.1854780417152889,0.1599843958511131,0.1298284819734443,0.1318726468843446,0.1221724107736402,0.1435432183985206,0.1154413203597227,0.1283092811554295,0.1261256929031286,0.3786394421859914,0.3102025505847107,0.4086168940136137,0.4226036774309,0.4277024134845126,0.4116794576114412,0.4259286116626646,0.225602517802032,0.2110135710247257,0.2683454165571585,0.1890446231225418,0.2622860694396332,0.2306399452924928,0.2391138695860746,0.0515109502415485,0.0594370216749157,0.0478688201945334,0.0571115479091138,0.0342699007314205,0.0438932742253476,0.048847429997019,-0.4613706130437702,-0.3729148462306652,-0.5189264131153749,-0.4689425941719786,-0.5684564458213133,-0.5088593853594985,-0.5305025677521175,-0.2539234421076055,-0.1006092605485665,-0.3966017503798666,-0.2720949363423737,-0.4043231720995644,-0.3145630316983758,-0.3704376095553472,0.8548471168037012,0.8513294366299579,0.8607953809526782,0.8592708156352501,0.8503225321711424,0.8561760804740781,0.8583716696643198,9.556555942428636,8.457468025196945,10.674449976456197,9.350520664682024,10.832815399572237,10.224203971476037,10.37315239985389,24.54055743145512,25.723219339476223,23.70182068265952,25.476173461982476,22.045217306003742,23.531124003696988,24.380494838075453,-10.11286123959672,-10.14923651778841,-10.113051764731445,-10.05018120482928,-10.10235318803098,-10.1263841251072,-10.105327323984556,12.696195811480026,12.524868577859548,13.028549084933545,12.857536939416343,12.601897097359638,12.616077034279389,13.019968755459772,1.8059896331804248,1.9645619470503453,1.5774399575779496,1.873979753592578,1.6038380536756718,1.7610581764722366,1.7035143190339366,1,11.805761776650437,0.956151899060652,,,,,
sub-037,CN,57,M,357,0.4168510414986299,0.5732898183016361,0.3464721105457951,0.3372804314735401,0.3064974487147436,0.2995553283433701,0.2847659701116954,0.1458331475223189,0.1142803548997928,0.1511227728319386,0.1909060877064441,0.1601338136669831,0.1367366041514839,0.1704886776158674,0.2947290995797284,0.1515587166366925,0.3336679025796103,0.3354719857402329,0.4083212535808934,0.4855432320577746,0.437016770397646,0.1010934414530049,0.1006096891339122,0.1374179295153557,0.0929922717496843,0.10472587524601,0.0590535311934367,0.0864782319477322,0.0414932699463178,0.0602614210279664,0.0313192845273003,0.0433492233300986,0.0203216087913696,0.0191113042539342,0.0212503499270585,-0.2551276675383536,-0.0841709736722619,-0.3431529665237784,-0.2313645423417296,-0.4022061755489193,-0.5483466359689366,-0.4127408436889984,0.1779506048376507,0.4630374167749737,0.0232266432724714,0.0976869427779258,-0.0425215038890249,-0.0965318073857476,-0.0613433082744188,0.7225971751404664,0.7170963623756782,0.7566373574592685,0.7370237765299406,0.7151602712036204,0.6730918994653419,0.7026693187362535,5.596051350891131,3.282828780293922,7.293075481589358,6.470537496464274,6.500747364989228,8.040777839640596,7.353126714637396,21.773674654481724,24.79707905015304,20.772968423296437,22.7032031095388,17.956879293762743,16.558954747374333,17.52253413310274,-10.417331507306027,-10.4423898909818,-10.444444434569808,-10.28910692746541,-10.62219645113294,-10.238109517486045,-10.415353601366638,10.305112565896348,10.719631978653776,10.323274040297948,10.740304145167196,9.51700079926114,9.138836901054065,9.51159805327253,2.486850580367276,2.800406551710068,2.2335821602387207,2.4108225529898104,2.224433314352673,2.3149892646371653,2.2629654642521184,1,8.520328228916663,1.6024170256900394,sub-037,0.8584077050371182,0.6733557639959269,0.1647645419619598,0.13317318907572842
sub-038,CN,62,M,401,0.4230174004199774,0.4963446358917379,0.3375278969920965,0.3996564258814961,0.4606890421246046,0.2848208179306593,0.3777880907695065,0.0764008789105593,0.0834328550341868,0.0779727377876936,0.0737215348226346,0.0588285244377635,0.0811483940472052,0.0671993420291749,0.2613914779503825,0.1881010178670553,0.2350565544616857,0.2816952330635795,0.2693214106802337,0.5049080641539023,0.3691594033791084,0.1741273787870728,0.1578308923468519,0.2684103095643426,0.1730096007499803,0.1683127992419889,0.1006981105537528,0.145139306441185,0.0650628639320078,0.0742905988601682,0.0810325011941817,0.0719172054823093,0.0428482235154092,0.0284246133144801,0.040713857381025,-0.5020411675325311,-0.3559947457935019,-0.4838268390803444,-0.550839052565929,-0.6008955107433714,-0.7946478514143578,-0.7032442792735653,0.0676788544411414,0.2314386606109088,-0.0861096546777805,0.018474310820985,0.0966666103757216,-0.2198702501362185,-0.0566161593369854,0.7692292130544056,0.7625077936197965,0.8366364583100506,0.7815450478212145,0.7198279383518512,0.7411135557122832,0.7346182494711965,5.894859918207826,3.668581334186757,8.613162615515428,5.494905313793487,6.649386620496671,9.277500071715568,7.243561074616712,26.293511770460256,27.92913233514196,26.82732436054631,27.607874251333158,23.51936367327824,21.30061809297241,23.13755262185552,-10.521043075235417,-10.509354937153772,-10.606999098826176,-10.546905768193458,-10.530261357915114,-10.367464713199375,-10.455499220921686,12.218773706269127,12.415302264321792,13.707751639311128,12.667118362291024,10.795996966528078,10.534932651089576,10.943811683843808,2.144590939342194,2.273317276045429,1.8121250709374608,2.1366852953327906,2.290321234517244,1.989963408744198,2.1660112384910635,1,9.919458890065622,1.2603499568620418,,,,,
sub-039,CN,70,M,399,0.2193564966348004,0.3559282364259385,0.1511559026744797,0.1567350411836604,0.1260392583173874,0.1088750666846973,0.1093217062367147,0.0893846732591206,0.0855750890685032,0.0933386907995917,0.1029366578947529,0.0757684519696105,0.0901075542785757,0.0877298040525018,0.4914802382867012,0.2593738261307587,0.6116620568551671,0.5833794295506143,0.662174631315729,0.683739980908434,0.6793071390181381,0.1104411666003705,0.1420417434458723,0.1052677354343046,0.0919997598922381,0.0889410097901949,0.0767323430217415,0.0808430708439715,0.0893374252190072,0.1570811049289275,0.0385756142364566,0.0649491114787341,0.0470766486070785,0.0405450551065511,0.0427982798486736,-0.7051614481829548,-0.486011447980258,-0.8188454114083276,-0.739806305963668,-0.9399831755559832,-0.8801381974333657,-0.8920284979502885,-0.3044452433188327,0.0353127396336472,-0.4747506962808172,-0.4285615789040274,-0.5759848595339823,-0.5825979087164224,-0.5888835411251414,0.7702294455764926,0.8331383733735506,0.745095898698709,0.7452456750017061,0.7252595369597618,0.705170922678134,0.7096890419405458,8.549401285819595,7.850694517566462,9.025185320114607,8.818670184579064,9.072861797906734,8.957470357613389,8.98186692318628,27.862767764023985,35.01561210341244,21.992004248548955,26.2106255549262,23.419817392676645,21.602667824593556,22.194487329624295,-10.24107496763418,-10.24462417730532,-10.161220824468794,-10.275734651466646,-10.330687793241175,-10.144695342457837,-10.22837754229508,13.36524871772755,15.73883020428559,11.428631354316735,12.571861098613136,11.973964567412532,11.636341023592005,11.760561716434792,2.007345873969743,2.041252951435212,1.9114033758264957,2.075756881761719,1.9099916722235388,2.041794137090826,1.982839086278453,1,9.094982153309486,1.815905404926724,,,,,
sub-040,CN,61,M,454,0.5024950499978164,0.6098536229039648,0.4577497196346001,0.4547595536378762,0.4204061130452017,0.4124624385199232,0.4281224654435854,0.0631419335234924,0.0569057852085283,0.0614865108760413,0.075533412626813,0.0621784421817629,0.0641138654029963,0.0646742493914293,0.318640446414528,0.2407737568414814,0.2936962394181506,0.3220472820357422,0.428725125489497,0.4566494805598754,0.4288904538221912,0.0720945533423841,0.055644504239287,0.1070563886702481,0.0846969077566305,0.0713818250668209,0.0530913557962802,0.0626523840279369,0.0436280167217788,0.0368223308067384,0.0800111414009591,0.0629628439429373,0.0173084942167172,0.0136828597209252,0.0156604473148571,-0.6840390546573726,-0.6135782626184272,-0.6840012292493123,-0.6076650898185607,-0.8397036264090413,-0.8499596369558919,-0.8169554112297986,0.1758036418682421,0.3746667008001726,0.1110676719144545,0.1227949563014599,-0.015510035741751,-0.0301252219142789,0.0021565879815609,0.6257501698371413,0.573538071245211,0.6529144618112107,0.6946869993850402,0.6263942771464742,0.628906256887996,0.6268444596221787,2.9579330671139146,1.0683524983951205,2.480511066258876,4.231530853432243,4.715675393304998,5.10378899698897,4.809338585746585,20.53497776936095,18.54163120525529,27.362800318447643,24.297876205149244,17.13617145515107,14.842369519838932,15.94379262384368,-10.092432292770091,-10.0381270132226,-10.24268678351792,-10.175447579306676,-10.129888978822985,-9.834903432912068,-10.013369546243466,9.306244483776672,8.401462646409211,11.287210990853136,10.7101993443398,8.376604373601966,8.088081598083892,8.179192886011743,2.7775892856445346,3.3543820858836533,2.495698273310812,2.483214740661976,2.3451787260898747,2.4190159326053093,2.448882547343792,1,8.926165687474372,1.5755170488255672,,,,,
sub-041,CN,77,F,382,0.2373498579688545,0.3270932831775672,0.3058271296011584,0.1310300261193006,0.2080692968800902,0.0770924676221586,0.1371878839505171,0.0408918806275873,0.0486177464670512,0.0478775141084039,0.0344658182577861,0.0373884488315098,0.0214801724019574,0.0306084611105411,0.3311914537075245,0.2761590666648077,0.2361909378141667,0.3979927145865457,0.4139544197049493,0.4085586114428908,0.4535409373710716,0.2135843321287364,0.1810566805842874,0.2356942169272217,0.2366900115410581,0.2526797033493538,0.1894118696810102,0.2242010463943729,0.1769824755672969,0.1670732231062862,0.1744102015490488,0.199821429495309,0.0879081312340965,0.303456878851983,0.154461671173497,-0.9030037721286024,-0.7470194223835767,-0.703043850888391,-1.0271409581643465,-1.044901425240522,-1.2877680263571425,-1.1802754515245546,-0.3351273110478528,-0.0878291918062516,-0.1344777738995599,-0.5905690413861618,-0.4619949054704178,-0.8004601818054309,-0.6579393515538587,0.8573508295571346,0.8458429149432,0.8694645714141932,0.8758215120238588,0.8306672235564321,0.8825419619879233,0.8379871389000663,11.087244545891624,9.69623202183757,10.35682036421937,12.928514741774654,11.00683513504318,13.489498377095796,11.668692893469544,35.56351126962736,35.9793044968221,36.12597290979712,36.85530623535358,28.73239947130919,40.92762028021592,33.35655174067317,-10.491499952649322,-10.479729175944708,-10.743835365193531,-10.447299703527609,-10.574823012702597,-10.11761046046268,-10.374897340075126,17.81081087626409,16.986753700394623,17.40958908382174,19.195618569776077,15.18731638363323,22.46247003239309,17.5872999833068,1.701403046474223,1.8170500468914244,1.751429241943389,1.5874938437356032,1.6810892935996125,1.479888286599422,1.6183259908165497,1,10.694067042784548,1.4905922232384636,sub-059,0.7440003440782395,0.6091368666959021,0.2707219825836055,0.1906617454157632
sub-042,CN,74,M,416,0.3650318471287462,0.4606425266765654,0.3179218238145105,0.3000661637580233,0.3463775840815827,0.2589722649949231,0.2671185921279131,0.0640442271963135,0.0606950509492376,0.0833819153628442,0.0605651473886613,0.0563416917060078,0.0652717746620461,0.0592239656007115,0.3878346745986467,0.3221417135575017,0.381399175419111,0.4386405432765033,0.3911419417898003,0.520840648869513,0.4876495148369891,0.1406492440381006,0.1072694662046543,0.1669268673971148,0.1575752820609382,0.1775930277609303,0.1287942797867213,0.1577914216985726,0.0424400070381929,0.0492512426120408,0.0503702180064194,0.0431528635158734,0.0285457546616783,0.0261210316867966,0.0282165057358133,-0.7670122258462193,-0.7155909847910851,-0.6612006138514099,-0.8227041258231164,-0.8300440146899725,-0.8997725043119793,-0.9048809110491448,-0.0972178167181383,0.0875242429426244,-0.1388258148830061,-0.2423501127374333,-0.1551151115888369,-0.3042924939388679,-0.3117376336914616,0.7475131844404721,0.7162990411731244,0.8028712951524258,0.7598926709165712,0.7481984671312903,0.747938622819833,0.7524636193779219,6.620130146429116,4.285260473086793,8.712070478707814,7.342819436501573,7.260250925286731,9.248703756277855,8.448465348314448,22.962788780458663,23.779450008481653,24.47404807919005,23.20403211306684,21.116523037577505,20.12449748338653,20.773256688715293,-10.27053059201884,-10.264784263332748,-10.513577266866989,-10.157704251967369,-10.336580115845392,-10.052651124511062,-10.189292186726725,11.059775228753304,10.672906840141277,11.81174415440924,11.656513180314398,10.667877417126553,10.68023201472942,10.99413420630333,2.227370108286636,2.521020520273938,2.077442688587158,2.1197809218797383,2.0303000279883854,1.9352682891414656,1.937759184975093,1,9.519182383385528,1.4853033351182567,,,,,
sub-043,CN,72,M,397,0.5658852896291671,0.5603884596479347,0.6323111082837302,0.43561639421112,0.6452029255867391,0.6270468034813723,0.624508022586525,0.0753915403279202,0.0824251954656423,0.0840857930744242,0.05753768579446,0.077838037661506,0.0697703312926785,0.0723363238072882,0.1516206546446088,0.1528522827999379,0.106629685119398,0.1709090992237616,0.1359596964203994,0.1997109585667817,0.1814145073800857,0.1175569685108946,0.1161398016106284,0.1172513685442441,0.1569875894708267,0.0998233456147513,0.0707146450361529,0.0847807049352298,0.0895455468874091,0.0881942604758564,0.0597220449782031,0.1789492312998317,0.0411759947166041,0.0327572616230147,0.0369604412908713,-0.2817550274973432,-0.251992721979822,-0.0994391038254964,-0.4575317138904532,-0.1903035425886117,-0.4450208368933148,-0.3648717207773981,0.3851081436518149,0.3912737311230721,0.5089639298409218,0.152673423047418,0.5203647885056857,0.4397293821467423,0.4514265689298714,0.7338843805780105,0.7519301470494041,0.7168589416892609,0.788671555705779,0.6866501360907465,0.6575393727366159,0.6679838240630716,3.8436206379318416,3.0596246563789675,1.6002781330994933,9.210088021937093,1.9398995763012263,2.0752671550508524,2.4332097950063205,26.417301914229306,28.809126442299192,25.909957988921253,29.82000926886576,22.074743577092818,18.51535475037861,20.070600906641623,-10.64064133902123,-10.7259109355776,-10.744177012707883,-10.483808340649691,-10.691502229487368,-10.424268901587816,-10.547178800900928,11.785443918904948,12.186232354694186,10.574686825901258,15.432214323114222,9.361935167075751,8.540542352473416,8.94275525666144,2.669336468622141,2.550676460765996,2.6904960989279973,2.376596737495383,2.9709033124389883,3.1860362471881105,3.093998627599358,1,9.06189287335468,0.8166450947336408,sub-061,0.014911031999751856,-0.01283673365130511,0.05075768087260035,0.033708616045395254
sub-044,CN,64,F,429,0.2611534546720387,0.306130262308434,0.320016944246015,0.2190315067280392,0.2250001556498125,0.1539132380050293,0.1808252493073629,0.0711782919134773,0.0802804978516788,0.0834997436589154,0.0706257774012919,0.0632149808499348,0.0338883891312991,0.0515769398210831,0.5293968845905389,0.4975785102904345,0.4275571215697143,0.5529074420905218,0.5404304954502822,0.7299493078825605,0.6321167239587792,0.1108351678875756,0.0879857743715442,0.1342166646070195,0.1223334078855317,0.1523690756736811,0.0704384584394495,0.117165254969842,0.0274362009363693,0.0280249551779082,0.0347095259183357,0.0351018658946152,0.0189852923762894,0.0118106065416617,0.0183158319429326,-0.8810506089562861,-0.7885083919982848,-0.7149870719046447,-0.9025785659844908,-0.9324809747672048,-1.3338422111139638,-1.101048372818439,-0.3003268782465054,-0.185911667802676,-0.1440570215627385,-0.3915991246969326,-0.3817000232822813,-0.6305806893710403,-0.5196576613298042,0.7435186734144108,0.7456321803676259,0.7804825438193292,0.7562928762607756,0.7610735713541604,0.6287948408684261,0.7103281514155733,9.83438377532838,9.112281633879212,9.780085951397137,10.158390612768043,10.492527569321853,10.807958640427785,10.61153849509225,20.951472775048497,20.754138963088582,22.2384938204947,22.23570734471583,20.65377232355651,17.589691086642215,19.797369565896968,-10.24889026371506,-10.193381433466175,-10.511218491736432,-10.269762208688553,-10.334081410056188,-9.880148218095432,-10.15144360481346,11.39493533928585,10.950387916354046,11.488543176008896,12.082001639078436,11.632001258927115,11.080708085415502,11.561713118363864,1.856480984632942,2.0058977875983013,1.924086794983924,1.864680013229381,1.6473401347128795,1.5294266764149262,1.6214606381371974,1,11.074287839254517,1.97378988262939,sub-038,1.0316426293467291,0.7603826846204171,0.507054363731256,0.3862925336039035
sub-045,CN,70,F,376,0.4445407638699699,0.5388206216175591,0.4240184242622509,0.3736388323738956,0.4002938497424002,0.3535190053484891,0.3706601430555535,0.137763432551024,0.1207500129077398,0.1635548248120644,0.1371065050970204,0.1410076433909209,0.1550708515591204,0.146021756736052,0.2237771498970305,0.151530396958657,0.2120754379528368,0.2809838809854162,0.266881806446388,0.3151229060968207,0.292442339079023,0.1227677466879269,0.1048867341319019,0.1215330554647977,0.1425848124034596,0.1391358201965199,0.1230170857747537,0.1358250890022902,0.0711509069940484,0.0840122343841417,0.0788182575080503,0.0656859691402084,0.0526808802237706,0.0532701512208162,0.0550506721270811,-0.1946557565961078,-0.0975063277236184,-0.1172086037686038,-0.3082552723661285,-0.2717896341670718,-0.3079496389945893,-0.298405095762805,0.2373518010705854,0.4163604664330703,0.2492264062269798,0.0834962455314868,0.1279883325159597,0.0647658784774325,0.0829332579380944,0.808546345795544,0.7742258638501796,0.8246433963868379,0.8328759210778806,0.8254748693972725,0.830470520750112,0.8319427371087004,4.974257232418646,2.7575244933859087,4.863911189751012,6.793698617542718,6.383235629679287,7.145990516895571,6.9962764015614525,28.010061338226517,30.07783997064733,29.05633173105188,27.221488373972942,25.029273388869782,25.25175838805786,25.47479248114145,-10.472333052433164,-10.49614148544332,-10.652885329198854,-10.20906192628088,-10.621123588908544,-10.42153156934058,-10.514029499203827,11.879441686772756,12.015952942810395,12.04395583629053,12.079414477730095,11.378210165252456,11.506782766730112,11.582020783859903,2.291881200575559,2.4758124102147394,2.261170322413997,2.1449877875195638,2.1821678896733308,2.1525450765461054,2.1448060067342776,1,11.720350708792832,0.8454460927367133,,,,,
sub-046,CN,63,M,322,0.1613084752045174,0.2137473404706346,0.1332961222163153,0.1687096794431508,0.101465338522821,0.0947532728006878,0.0944195427051556,0.1677181428411334,0.1679221563072301,0.2004690251742865,0.143377295576366,0.18606316753309,0.1390419297016656,0.164514792565697,0.4277044876848971,0.3654048428738332,0.3528522214251932,0.452616570721693,0.4982701258516218,0.6023590205894981,0.5448582203145141,0.1868926564878139,0.1861097541610183,0.2420363443570972,0.1841808932945484,0.1763068378529173,0.1282195371665496,0.1581099821382026,0.056376237781638,0.0668159061872834,0.0713462868271076,0.0511155609642418,0.0378945302395501,0.0356262397415991,0.0380974622764311,-0.4041559435346561,-0.3470617499480353,-0.2391506834493502,-0.4898414634662692,-0.4318999971386058,-0.638506390946637,-0.5246994070090891,-0.2782716169995731,-0.1628601344358897,-0.2515310905446831,-0.3213361744150794,-0.372383375294779,-0.4950258433809786,-0.4366484893597618,0.8409836250248105,0.8506693510465672,0.8864223338492451,0.8269054582557819,0.8259203776259373,0.7896767253483785,0.8114446239170146,9.07738499997641,8.732053712464706,9.523742378895784,9.075228269612278,9.283466058642396,9.311700310617583,9.320469012921189,25.29133603225509,26.92440947579353,26.641112530454983,24.89769364492533,22.965626365018505,21.826763508085065,22.73161911951155,-10.113012010103798,-10.144992709628728,-10.203955924658876,-10.101984031210833,-10.110428323659429,-9.890595177386428,-10.020810025816523,12.703509791518924,12.91970757630599,13.750067662602882,12.529976820414571,12.040180143397045,11.719041152529789,12.01328467422279,1.838878446892946,1.9323289822426857,1.734367266496686,1.863992364157496,1.723643621805678,1.7911927468650504,1.750032558889829,1,9.567562550360822,1.2643823285716174,sub-040,1.2557135464420721,1.0165793540355121,0.47810915609089744,0.369387669660313
sub-047,CN,70,F,371,0.2101319339841811,0.274372193594417,0.1612802663572017,0.12836926615581,0.1555205303431588,0.3040109679071004,0.1815442149112492,0.1052959792789898,0.1079015522141517,0.1252178002223481,0.1031206675265562,0.11261993684076,0.0596584297530973,0.0912289264764731,0.5229692502490586,0.4612873890916789,0.5208422540619616,0.5714763242978259,0.5907100197487364,0.5434209562334824,0.5932353781293944,0.1275685368956154,0.1156012423099605,0.1545001236993716,0.1598961769560762,0.1188100930232914,0.0775390734273377,0.1130658183053573,0.034034299592155,0.0408376227897916,0.0381595556591175,0.0371375650637318,0.0223394200440533,0.0153705726789817,0.0209256621775259,-0.6996784229118209,-0.6279699133903917,-0.6185316151418424,-0.7432928526000714,-0.7184245622538037,-0.9570303495023156,-0.8250390538104349,-0.3306861484217097,-0.1828552542985045,-0.3756873317272389,-0.5072149972704884,-0.4285839165785923,-0.2806881529617524,-0.4409758818732875,0.785356094910059,0.7965113167465419,0.8133877127926868,0.8088010953748586,0.7665070364929107,0.6856489783545487,0.7461856745805401,8.56965706221195,8.092225143770495,9.373021484996718,9.777718629998818,9.048936396701556,5.900580005271741,8.375246186829566,22.008522837244826,23.04277703776093,22.922603256384843,22.774298656182964,20.65366716217597,17.518244381455432,19.786035204254407,-10.4070272712731,-10.39255299975611,-10.6945638834258,-10.376664816246524,-10.467103132136105,-9.996993422112164,-10.263626923454584,11.547576151613576,11.493444553307013,12.113379279629513,12.423920457741444,11.112925096454536,9.78762002414547,10.934175844039618,1.8952793565962425,2.075491560473581,1.813233425779804,1.744432012075328,1.7287971006280964,1.9390236122442583,1.7667561116942587,1,10.712801192533943,1.5259691475994632,sub-041,1.5697393638945627,1.3662529269436057,0.5143468938207592,0.4397712821176376
sub-048,CN,65,M,350,0.3244958593435366,0.3936042763596132,0.2198284615329246,0.2641642933406589,0.3332460908107826,0.3471552813080727,0.3077171197146752,0.0705051974370214,0.0681520142184698,0.0813866351065117,0.0739690782993689,0.0697061886012083,0.0566899337267412,0.0649268656273147,0.3877772015649008,0.3103943344907259,0.4527489309809295,0.4301143581662262,0.3740780775468179,0.4970340150249435,0.4619134575115942,0.1414130695696624,0.120653892929005,0.1844378823920077,0.1590935858003559,0.1628475494050653,0.0820202163639536,0.1263586163617615,0.0758086720848786,0.1071954820021856,0.0615980899876263,0.07265868439339,0.0601220936361255,0.0171005535762891,0.0390839407846543,-0.7254610792859688,-0.642575522541439,-0.7425125313445932,-0.7473830692814754,-0.7301198135281807,-0.9391512684495552,-0.8462237733846801,-0.1281113503354463,0.0306165667486111,-0.3267090537917582,-0.2397854188091966,-0.1270878676804411,-0.163949591980187,-0.2035252740415118,0.7874318089472485,0.7911156901574187,0.8201792611180859,0.8042474033967495,0.7920551072067342,0.6848509101671665,0.7457671938410743,7.937643871321572,6.43020899681265,9.492358595290746,9.400443057680846,8.967033340132554,6.411911270214034,8.315756343035158,27.95069276809203,33.01703938963093,26.520777498306263,27.282432776676934,25.65496619386208,17.14346234155967,21.639260377548425,-10.34097364750919,-10.26100032052897,-10.72889221140229,-10.304083418733327,-10.4738579144479,-9.913456503243973,-10.204723241524306,12.976334575033595,14.096489493546098,13.254537793746492,13.2056480967307,12.218796819873658,9.316167121516225,11.000104953323644,2.094441628862944,2.200379682425968,1.9496998811990105,1.988163699748279,2.075744674573707,2.181372352551444,2.08962681662912,1,9.611850931099031,1.5449538655634285,sub-042,1.1541848149055358,1.0365242989318197,0.4142086344930376,0.3749524204378496
sub-049,CN,62,F,379,0.261513600458003,0.3559118276681704,0.2358895425540402,0.2167363957094856,0.2045171652384015,0.144604954404798,0.1653820335794329,0.0664533333124863,0.06401723403539,0.0847767945046883,0.0711991767486561,0.0549223736456238,0.0552992416219741,0.0560315408466239,0.4824491781450417,0.4282380328818246,0.423685343873097,0.4545245063925672,0.5825726145191644,0.6659981269179835,0.6234644921820902,0.1289706409621228,0.0917392353778355,0.1915016051511838,0.1637631843433971,0.1256198642881174,0.1009251924719959,0.1183468324137667,0.0606132471223462,0.0600936700367794,0.0641467139169905,0.0937767368058941,0.0323679823086923,0.0331724845832487,0.0367751009780859,-0.8444909849753613,-0.802276112842492,-0.6987543776092937,-0.7730938691368193,-1.026063569694003,-1.0812833030886275,-1.0463403204541375,-0.2840969401788951,-0.094796140399007,-0.2837380660918158,-0.3498677681629116,-0.4385595758179508,-0.5839524411125051,-0.531726289713659,0.7847931689181076,0.761047767396877,0.8395607148906912,0.8241793001038662,0.7651817717976207,0.736395588592753,0.7535364677114706,8.974509347438431,7.535839702606013,9.686933259140671,9.794946102466216,9.977757116866806,9.795472072600395,9.85077230177313,25.435723716624334,25.454093803791743,27.133424253784657,29.8451202808129,20.80854022243104,20.946859718710776,21.696753407962262,-10.34934530264868,-10.360965647964324,-10.664071571706542,-10.254413615170703,-10.449493565400438,-9.876225671285471,-10.16798567671116,12.493556775643889,11.696717446669686,13.119181141187552,14.429806709204843,11.662182704074988,11.71861911896953,11.942020042461658,2.00550513143657,2.2648167315283625,1.8901949593807572,1.869363868478291,1.8101431075185843,1.836205350992552,1.8343923838120524,1,9.9600512339357,1.6034370114118437,sub-043,1.295201487819126,1.1588779453454965,0.4954671116800297,0.3271369674016734
sub-050,CN,68,M,358,0.3070729536255819,0.4386878471602503,0.2284584088091598,0.1553632993981632,0.3190393203754302,0.2498124018089408,0.2494736252605287,0.1741390765063621,0.1578546896028709,0.1930527725704387,0.2179621150903454,0.1059969644520985,0.2173309774858954,0.2017683039615116,0.2920156452751317,0.2354785243834923,0.2076247641106798,0.2562865755759587,0.4582935384852627,0.4385231897256977,0.4222581582247295,0.1010203365332834,0.0730258932655594,0.1471476216898724,0.1597869407878442,0.0730982688396438,0.0541598532667719,0.0721182916822867,0.1257519880596404,0.0949530455878263,0.2237164328198494,0.2106010691476885,0.0435719078475645,0.0401735777126939,0.0543816208709432,-0.2424120544314186,-0.2047871862672841,-0.0714487799525659,-0.1060681272783992,-0.6374942761943988,-0.3106085263857365,-0.3700388922831814,0.087535946944306,0.3019855779857504,0.0513816767629454,-0.0647456697660033,-0.0987601234911482,-0.0247990173549084,-0.0401709906237441,0.7473684779547075,0.6871334816244818,0.8302862024472458,0.8415936242586771,0.7046126405468044,0.709497841875604,0.7182839842337626,8.091257796756333,4.838596517881341,10.665030673913616,12.374119951923737,7.546635405846865,7.866122233112264,7.73665739741803,29.47787660209913,28.65469796458371,34.25466951288095,37.06250951148311,22.27156146611909,20.834019352432463,24.797787833553997,-10.365045200360283,-10.281038218925882,-10.612140306679992,-10.302759177410293,-10.541171227204432,-10.148809981534905,-10.352970083158691,13.71926749174946,11.909121245613948,17.637947856091053,18.06947159931954,10.399005303315754,10.456743874221768,11.26984716760287,2.359262177924724,2.7337784501685776,1.9520133430195497,1.8628429611427109,2.489549376847121,2.4567361126094327,2.403749594019241,1,7.952593754391527,1.6244914268149238,sub-044,0.9370408978885418,0.7159588204029372,0.400657997439073,0.30517066442673807
sub-051,CN,75,F,334,0.4041553711764616,0.489305214508297,0.4822719974853629,0.2756115667269783,0.412886137132283,0.2329474400169202,0.3178540017218284,0.0738634470671764,0.0736293578089583,0.0838546241684401,0.0789526999847564,0.0675550553746602,0.0589800755226586,0.066964741167767,0.288090047071137,0.2498272012706539,0.2048848765869113,0.3139013338395662,0.369869844781322,0.3725254929970303,0.3791699114573866,0.1180542796400725,0.0969415778334718,0.1266183625754768,0.1541934718718665,0.0958764210403236,0.1400910149961037,0.1164844196299281,0.1158368550451524,0.090296648578619,0.1023701391838088,0.1773409275768323,0.053812541671411,0.1954559764672869,0.1195269260230896,-0.5885913613252542,-0.5403599939635889,-0.4124006221410212,-0.5866280734649877,-0.7381137394391631,-0.8013302644171041,-0.7557494253910153,0.0689351931695535,0.2217616240830717,0.2323387038830802,-0.1217932309921677,0.0135287192329399,-0.2464960218696875,-0.121096307720602,0.7153742384093346,0.6622412293780525,0.6549863617313344,0.8307515604553161,0.6576727501025735,0.8477191734039999,0.7530254070509989,5.159180757789895,3.659822663331453,1.0082731628908268,9.227060173371669,4.345632572703565,9.717858927209,7.23403237044332,31.276771078748997,29.177046500676404,30.65166760062933,37.3798162689388,24.07825268787975,38.15514952510672,31.46384696167973,-10.390312309912614,-10.305955532701294,-10.531823940193172,-10.452537316027822,-10.473641754934604,-10.223849404967996,-10.368066428250469,12.878397902745853,11.30774994712156,11.448776508396632,16.52690549039035,10.09967408577396,17.391168389123536,13.6402428143993,2.4559129792502548,2.77319900891919,2.586389438867853,1.966123790274529,2.638623239917426,1.8552101729332788,2.251620155279686,1,10.209494700036108,1.1762417646756091,,,,,
sub-052,CN,73,F,360,0.3046218376587689,0.3907901279948078,0.2906797712062518,0.2336658612153052,0.2807508975876824,0.2016642841549651,0.2390931063489509,0.0878313233915811,0.0796300749906817,0.0973596783106182,0.0952736691479797,0.0891864311680117,0.0853258072387303,0.0918205809979696,0.3525955265835879,0.2739101000784059,0.3092845106564434,0.3591599584193418,0.4084096306072166,0.5961110235354907,0.4771862371721051,0.1602203447894595,0.1469358704246303,0.2017266728548682,0.1795471707614103,0.1715680012759977,0.0887813762945401,0.1409207511085065,0.0947309675766025,0.1087338265114741,0.1009493669718185,0.1323533404559631,0.0500850393610913,0.0281175087762741,0.050979324372468,-0.5872394920970563,-0.5374483476531228,-0.4990537424087686,-0.5588347034409854,-0.6583040763577789,-0.8439998231043135,-0.7097466092691186,-0.1171923163970114,0.0482138154370923,-0.1218307814136651,-0.2118018201243944,-0.1979688696159079,-0.3787722430082834,-0.2747518222595415,0.8414117341324322,0.8359363760829038,0.8781419553648807,0.8833839602585104,0.8302702066324313,0.7382479944549534,0.8060940134101336,8.873631997540567,7.717777429587999,9.199749935357564,9.898778282173414,9.418372838359788,9.562542248154536,9.471876768800444,29.89413913113797,32.36455937340715,30.044265749153997,34.12834944866237,24.81843207002809,20.167618312787862,24.78726475343607,-10.302383538830934,-10.27756801598794,-10.431860658686,-10.290017873586864,-10.422692704130322,-10.039289771537872,-10.262702791998723,13.96034418524743,14.13026414832652,14.45296659536121,16.024823871930735,12.30903042871292,10.974701960735109,12.29375990531411,1.9365449570139797,2.0673347130103106,1.8366001245818253,1.859548332037989,1.8807740878317176,1.866347613400428,1.9031937708310915,1,9.91264178335077,1.4258878074236545,,,,,
sub-053,CN,70,M,318,0.2723814822565227,0.3054188320456915,0.3446080935468615,0.2330565443167077,0.2693683959779817,0.1315803463563656,0.1924804330447958,0.1775506031742878,0.1625694840282439,0.1909028479426968,0.2053969169765852,0.1621669539888606,0.1773389992063738,0.1845600387111475,0.3830760846763932,0.3427615939812806,0.3193082776156602,0.3533710819397347,0.4673485590220477,0.5528298066552222,0.4834913844430311,0.0980062128697064,0.1072725160106351,0.1021611411687055,0.1121979994409478,0.069586755355694,0.0735873725564936,0.0810496805876483,0.06898561702309,0.0819775739341496,0.043019639726076,0.0959774573260246,0.0315293356554161,0.0646634752255442,0.0584184632133771,-0.327687117685348,-0.3312971931816961,-0.2271423835103768,-0.2235153751420153,-0.4482783469745869,-0.4933255958633933,-0.4149788659736743,-0.0287877197968222,0.0205833334346948,0.1074119169958491,-0.0273837171765697,-0.0967108415432495,-0.3068091839170027,-0.179034675833327,0.7533869002388841,0.7710132912460305,0.7201384512322115,0.7741277929699348,0.7247539670372101,0.7430348195642911,0.7419485497490612,7.372301157183493,7.191572648684182,6.059125532551452,7.811282952205886,7.851173589055414,8.37834213602647,8.083585494793699,26.99537485420713,29.42855567913433,22.54029902476724,31.43571634803285,19.256824810565192,27.88899778893324,25.475312555124813,-10.121439974988974,-10.074053831119224,-10.439288424335546,-9.970595520211935,-10.305839809647315,-9.835607962079802,-10.077187870686627,12.195215231918302,12.80556145789345,10.473216579353698,13.675176338861252,10.18742150146579,12.69376980164506,11.99602746083966,2.2719342735210617,2.2569174001266075,2.4270268025441752,2.195608183872647,2.3137489629277344,2.1817846820538027,2.216639993667929,1,8.134347752431351,1.650582526876418,sub-047,1.0323974682219585,0.8527423209046301,0.3101351899515278,0.25302991312943335
sub-054,CN,78,M,394,0.202979178857937,0.2883515246040563,0.1263106726283818,0.1315736477124657,0.11144275866033,0.2992944206782055,0.1548620644189547,0.1419586789756444,0.1257978729928959,0.2222578910921996,0.1496763643810528,0.1260828909216651,0.0864509930105835,0.1130850776651013,0.4714876789866906,0.4031679244704395,0.3964713440670626,0.5364211438671271,0.6116071050278475,0.4830852533504027,0.5957905252664588,0.1413153146027444,0.1322742842227902,0.2081269813305754,0.132266516545096,0.1327529946136204,0.1036824969398205,0.1147327971895213,0.0422591485769835,0.0504083937098182,0.046833110881781,0.0500623274942578,0.018114250776537,0.0274868360209867,0.0215295354599634,-0.5278015959616337,-0.5112700855845421,-0.2581633402454941,-0.5486970800825035,-0.6994335757241569,-0.6908803279701383,-0.7146907873990888,-0.267275545072507,-0.1137645040975167,-0.2406030846393513,-0.3910782970470091,-0.5060846352413529,-0.2387537399324339,-0.4574112349229375,0.7786776244148439,0.77631752258744,0.8469897401747982,0.7844345126270792,0.7457581609580446,0.7223352259315536,0.731109805634481,8.807402106954374,8.331934482013235,9.559796220719903,9.57031025341076,9.81859355595302,6.300344157189325,8.766235444340685,23.386748865038765,24.696868871428848,24.243744309929397,25.367783249159743,19.093056879516308,19.994304885379247,19.443553053351227,-10.188178200419406,-10.145936032763633,-10.410494663165275,-10.115832590381482,-10.101756466445904,-10.276874914131904,-10.10007759177662,11.887446456192029,11.816769324690766,12.654143156612273,12.60653004668496,11.159226535076613,10.638934066503342,11.02440309735392,1.9162531270662768,2.103219897608217,1.768583526197334,1.8524864641075955,1.6123016751557555,2.066834335256047,1.7660613576457127,1,10.086642839972075,1.8197100279551304,sub-048,1.081270737430465,0.9524591635087027,0.45946265026386185,0.41471465094143245
sub-055,CN,67,M,401,0.2544803603057406,0.3726233761138615,0.1750498084319593,0.2241294749973775,0.2112800719773544,0.0856278358972952,0.1610674351476673,0.0535996045702754,0.0594071294625969,0.0660075588191179,0.0560204827711475,0.0437377280501798,0.0246123944522859,0.0381654014414029,0.3534566401541614,0.2803545559672375,0.2628730611723682,0.3660377178369673,0.3452197766855525,0.7323824431183865,0.4845060574263421,0.2500387754362747,0.1837299718722126,0.387983956491689,0.2678784500760538,0.3279347587336287,0.1226784921017813,0.2559794999285844,0.0884246195335478,0.1038849665840914,0.1080856150848661,0.0859338743184532,0.0718276645532851,0.034698834430251,0.0602816060560032,-0.8143085721594149,-0.6828206226468888,-0.60125058173749,-0.8155416856624698,-0.892920382606996,-1.4737194384086632,-1.0925040273170543,-0.3205100038930133,-0.0343181545795452,-0.4401501504368836,-0.3676157428708571,-0.426414772485541,-0.8896526258298665,-0.5948603420349164,0.8076850147502771,0.7870589300245895,0.889700585613982,0.8314145002217518,0.828108501752137,0.6787587535488863,0.7843881577984014,9.962782911392331,7.396883010571118,12.438094975518297,10.890108586430673,11.542578933829285,11.006119084345537,11.261171569374662,27.83149736716385,29.505481592708687,28.320705097419346,28.7933133284392,26.25351993664149,21.682075205606505,25.091107954806255,-10.309845630061616,-10.295905384850595,-10.47178537882783,-10.277305171869974,-10.43279488453313,-9.996383899826874,-10.243088126083215,14.13763934936406,13.604926333950855,15.832136640348972,14.46402927616699,14.26057651613756,12.62320336306682,13.787663528052605,1.74693374208993,1.9646599872213903,1.5145404000219107,1.7387624464029954,1.614336575494048,1.5487202384995389,1.598636470561018,1,10.996756571913144,1.5995413033204802,sub-049,0.7708174457206134,0.6108522537411485,0.18351253764787231,0.13432733293647078
sub-056,CN,64,F,427,0.1432874841428326,0.1944780334279216,0.121477574419812,0.141317527860833,0.0762313253746666,0.1013595769457997,0.0916979578970338,0.0865180620565873,0.0826964544980805,0.0959129782941702,0.1083459258690712,0.0624309894487889,0.078276195441716,0.0759415036447336,0.6601036609179312,0.6057943352009315,0.6352150672935176,0.6355663646026436,0.7848041529730277,0.7495430459119803,0.7585142954246996,0.0843159558224287,0.0804765905665979,0.1253758304308043,0.0896926929253595,0.0640889144705668,0.055751010127204,0.0603444562404002,0.0257748370602204,0.0365545863064684,0.0220185495616952,0.025077488742093,0.0124446177329502,0.0150701715732998,0.0135017867931329,-0.8875479031249961,-0.8645662754181158,-0.824286217085861,-0.7679564931996467,-1.1014474819963562,-0.9812095807014388,-1.0065652063314776,-0.5277552504740818,-0.4058580400978974,-0.5444160117008239,-0.4713181952082078,-0.7877352594029751,-0.6523084420890222,-0.6949115998157797,0.7125715795013309,0.719555175612836,0.7574422874080802,0.7235495547291753,0.6714777931893705,0.6605076602631923,0.6636449580455895,8.886195607545258,8.72737349009928,9.125315687224392,8.769369108348805,9.226858318856204,8.806051830513976,8.950433256115927,19.45385236587504,21.57963632966956,20.31483097614661,19.12864543646833,16.507367708766754,15.792281421662704,16.194630195543578,-10.291487703951214,-10.27833830746664,-10.515830468600509,-10.258775013061507,-10.257538470970069,-10.117345675924431,-10.158589521803918,10.8140535680142,11.061573472087945,11.172903558800044,10.760439035098871,10.411363485865213,10.12072310663147,10.188636861441465,1.8605672737114247,2.0450854466989337,1.701645765784065,1.88056486200058,1.603682504071273,1.798467908028098,1.707962976709032,1,8.829668763806913,1.9247340703385447,sub-050,1.357083776940362,1.2215587825456158,0.6130481806256414,0.5791053893214627
sub-057,CN,64,M,387,0.3168088493561124,0.4531317743146928,0.286483737038775,0.2541798197075724,0.2191398801200847,0.1569277936282084,0.2014309753783825,0.1251801729047056,0.1250872917923534,0.1320336466736383,0.1414152670169687,0.1104949633384871,0.104782672269341,0.1175466838291016,0.3585287636633809,0.281776096730409,0.2976426448165214,0.3313347773121937,0.454043769519171,0.6296077401177614,0.4805737513632278,0.1417600899284607,0.0939114594079547,0.1942171311175226,0.1846414325499334,0.1789462162829755,0.0890028601919213,0.16020189253806,0.0577221241473401,0.04609337775459,0.0896228403535424,0.0884287034133309,0.0373751707392817,0.0196789337927683,0.0402466968912281,-0.4400321439064908,-0.3478885924126229,-0.3546357559118571,-0.3663261012047862,-0.6131271126875161,-0.7783987883588509,-0.6052631547568106,-0.0553896339989869,0.1944626269826712,-0.0742709768147335,-0.1144572990381491,-0.2840016390131992,-0.4404971956115275,-0.3054469276940227,0.8166463242741,0.7775537849859534,0.8776487051958318,0.8806770455832473,0.820599410835512,0.7279755679396038,0.8090676964645294,8.12733267388258,5.046376227320059,9.37980667109447,9.476349427619205,10.608847798009728,10.61166304736962,10.453072183062856,25.49225699492896,23.29317253502034,30.56257466682869,31.141132403267815,22.548112215448388,18.702042449302667,23.044239358677437,-10.394108101299858,-10.294575573722344,-10.694138602012162,-10.448022745989569,-10.524837103569622,-9.988503403968652,-10.362204261824903,12.452527310077684,10.899016078129932,14.238336190268996,14.399746017536916,12.511229127070589,11.228613161200029,12.483325569896476,2.090327926977121,2.4744375254545723,1.9323122355059543,1.963584212205483,1.7930568487795726,1.6823619163523904,1.798446150333571,1,11.12131862622098,1.5135616201230917,sub-051,1.074597756847913,0.9392299119068142,0.3495670442678539,0.2715920841848686
sub-058,CN,62,M,351,0.2236128885404298,0.3299099207355351,0.1478042543729697,0.1617891416932162,0.1997396999467124,0.1247435036937545,0.1475045553061291,0.0688297194642418,0.0588122445453279,0.0811490166522291,0.0765971402316752,0.0739830351166065,0.0621471208850461,0.069360646016089,0.3902514134632411,0.287345484847778,0.3813602675703761,0.4601170819443401,0.4580754617729434,0.5222914730299074,0.5240557759933077,0.1846306359144007,0.1699000045338706,0.2597837356807735,0.1622504618531373,0.1900995176799148,0.1600152215709526,0.1632209948337822,0.1326753426176866,0.1540323453374883,0.1299027257236518,0.1392461742776311,0.0781022854838228,0.130802680820339,0.0958580278506918,-0.7407650532229987,-0.6790115372658164,-0.671408995948836,-0.7669715332215494,-0.7928636583107856,-0.930375577355599,-0.883006408581562,-0.3155772884445424,-0.0912303793195633,-0.447158169908785,-0.4402925663152011,-0.3743965453774803,-0.5657607070448822,-0.5146912590971852,0.8229008228223403,0.8002423624664151,0.8745092986318618,0.8136148967227339,0.8322296970538455,0.8293712612057511,0.8048987347782239,8.496212779277895,6.85628127074523,9.513579706008883,9.611583163033622,9.287365180032156,9.292453300402904,9.207128687882935,31.20226517424002,31.4655556104569,31.471771893904613,32.01187657321833,27.10125625098337,34.40877915491238,29.773292394444223,-10.26947171993065,-10.148398628547032,-10.51113589818565,-10.195119811267258,-10.4689486099858,-10.180219754634852,-10.264610393566205,15.213011168642666,15.06091506586455,16.053986371458908,15.72502474517255,13.58230733944976,15.905913314871258,14.342218696182496,1.8404417637278645,1.9225103074838128,1.6761979764832595,1.8400758096282268,1.8205592439341736,1.830123229338763,1.8535410565021275,1,9.169561797211855,1.521679460282952,sub-052,-0.17521367125199916,-0.21265517533192124,-0.06487089738579327,-0.07840702052653553
sub-059,CN,77,M,383,0.3089044954107862,0.3217169683289972,0.2621283571548866,0.2859843249175365,0.2846468188620011,0.4164519033905732,0.3266302185795361,0.0832591773313516,0.0755114340593445,0.0986997913323257,0.0856112175394682,0.0812560383049865,0.0855159859052299,0.0840133925532055,0.2292201099361745,0.1728374118291606,0.2184499353343492,0.2442787824620882,0.3666720553719518,0.2064195520079678,0.2986009444269241,0.2323607771641488,0.2305005015498309,0.3149467077378414,0.2317531685581137,0.1995183432751748,0.1654717139992536,0.1922676864074579,0.1462554401575387,0.1994336842326662,0.1057752084405969,0.1523725065227928,0.0679067441858861,0.1261408446969758,0.0984877580328765,-0.4226664107375425,-0.3562660811679008,-0.3435637708290178,-0.447139685803306,-0.6545113848321866,-0.3770075128205822,-0.537442484120478,-0.0733446553914286,-0.0210729994335071,-0.1707758590844381,-0.1110216158822741,-0.189542327613683,0.1395017836104327,-0.0749142522183559,0.8755150788982021,0.8880457781071478,0.9002797750223532,0.8941978790623999,0.8323069583287451,0.821957168006455,0.8391707039614437,9.85791557053104,10.982826769378082,10.344620333134676,10.01547738369858,9.43166151347205,5.514926689914355,8.263684732484874,33.5430157124604,36.41030983308339,29.75363115819581,35.38290776096236,27.239132803832955,34.96760338761412,30.90123880519761,-10.809336382073372,-10.72789370222307,-11.014270727757404,-10.783576964365512,-10.904690235055066,-10.695472298966555,-10.79429888700306,16.154333534124483,17.8331410770135,15.28691371858929,16.699626375718864,13.225100555040571,14.88290064275282,14.22706309221451,1.8504640487343391,1.803355013765826,1.7211792219570647,1.8447470675109392,1.942750126142838,2.0822777576240967,1.987342936617149,1,9.861892506413902,0.8921055900546957,sub-053,0.3569829416143069,0.2965604551499812,0.13682261708599958,0.101154309627717
sub-060,CN,71,F,355,0.4343134408764698,0.5781002666621757,0.3184659365435527,0.3189099359546956,0.330974624169831,0.4906460420293811,0.3540440189508839,0.063788140469754,0.0570587195793131,0.080439295635668,0.0631922062674447,0.0694516569664022,0.0550609744970727,0.0630817286283297,0.119172747057412,0.0788375028580204,0.1197553587204086,0.1669463879009643,0.131906132958857,0.1448248237215154,0.1588346189873676,0.2742621823609827,0.1860509784487979,0.3698383757143391,0.3021018796901834,0.380684453030971,0.2243243053602118,0.3228676908795446,0.1084634892353813,0.0999525324516927,0.1115010333860317,0.1488495901867119,0.086983132873939,0.0851438543918184,0.1011719425538741,-0.2494149506557744,-0.129925583929278,-0.1765463421116102,-0.4052782976356818,-0.2791160960094972,-0.4206522350243585,-0.3938396259055506,0.1134243924615443,0.396016355218753,-0.0891856704408185,-0.0911347456318148,-0.1084059300563157,0.1701313771283667,-0.0670777774489547,0.8251778249640415,0.7516109872940451,0.8905344430567309,0.8951808159966622,0.877771060127185,0.7657309948600368,0.85504766827989,7.27222764276959,3.1559986818398653,11.69202658420712,10.530161144872036,10.971811002336416,2.984088550312212,8.966027020307122,30.89927763207412,30.89201623830452,28.3396233707119,35.4998269361523,28.36293971766428,29.36758216576941,30.68030951037975,-10.657276723191812,-10.561560539822477,-10.81707437353723,-10.673662824597368,-10.846473604862302,-10.436019364149532,-10.670982189845049,14.639304362328406,13.370470577761036,15.65213687280915,16.795743772418998,14.850200009752768,12.931751551275358,14.885703855062816,1.990350339881024,2.323747688028785,1.6315311369417154,1.777799552194866,1.7188663940018507,2.1940159199638964,1.854724257308604,1,11.506300451088212,0.4539570078744379,,,,,
sub-061,CN,63,F,356,0.3857522896680145,0.4960135836497996,0.3166509171059212,0.3424790670902412,0.3624641306587413,0.2249685032443636,0.2966748108167948,0.0571635375181135,0.0526028261771541,0.0753361882988986,0.0633242599336176,0.0560776018448347,0.0351745097192031,0.0490775240088954,0.3644483510852475,0.2739883437790809,0.2950430699153873,0.3757145645441589,0.4330683287751096,0.6597039049590039,0.5259861137637063,0.0738054928748068,0.0637679444779084,0.1065653106580338,0.0889393378052508,0.0660824072374421,0.0411141241842695,0.0598088239553514,0.1188303288538175,0.1136273019160567,0.2064045140217582,0.1295427706267308,0.0823075314838723,0.0390389578931607,0.0684527274552523,-0.7619409336729069,-0.6568205101866267,-0.5772186992627325,-0.735208827529758,-0.8886445998847873,-1.270354480458627,-1.0296438026299046,0.0139133021005159,0.2341354257925731,-0.0098999493406519,-0.0518130925872586,-0.0765629455839898,-0.4539770927576247,-0.2416635132626726,0.7498773055529052,0.7155241711608883,0.8473124098007331,0.7896325088662641,0.7468287943708467,0.6490229796995933,0.7188024027846639,7.275949528732063,4.464511968572544,9.95971716983887,7.767517334116115,9.00123533480014,9.519265207759949,9.169102178486089,32.78616650915245,33.2333876296774,37.21851038235257,35.38951711725811,32.05531267416814,20.461956313780146,28.37262477670984,-10.622408745996488,-10.447260974312387,-10.999158187831648,-10.641708506113083,-10.888033732199276,-10.23326478460072,-10.596151831918164,14.176885001737253,13.363761035247425,17.814085622215856,15.180614037619572,13.067168706019356,11.224134325545954,12.535479297549012,2.288082120248634,2.509951390019372,1.9742605779174784,2.123005401269237,2.347351605900425,2.223521199028891,2.279673400576289,1,9.964190677330022,1.75003676126188,,,,,
sub-062,CN,67,M,409,0.4832229577169933,0.5480577939796305,0.4297304946279632,0.4029126872231224,0.4375446279419654,0.5656777610815911,0.4838983763502375,0.0806258578461417,0.0815502183163282,0.0908415273293252,0.1001533902551354,0.0549046632516942,0.0615938190493973,0.0632897098446261,0.2873009779127019,0.1960151286617811,0.2941483271368703,0.3676484043836031,0.3984616533952059,0.2690945602891142,0.3435859846283338,0.1048314801400905,0.103786206184253,0.1359748673392912,0.1013711566379791,0.0952210606026159,0.0831111344971555,0.0923134715219895,0.0440187263840723,0.0705906528580068,0.0493047835665501,0.0279143615001595,0.0138679948085181,0.0205227250827421,0.0169124576548128,-0.5463937055096648,-0.3891531894425588,-0.5047291877233954,-0.5700786973452114,-0.8606297288459328,-0.640508269748444,-0.731881314480563,0.173347510137721,0.3401361178634801,0.082389682004874,0.0401061758709528,-0.001045053214558,0.2540956388587901,0.1079293341184345,0.6442136460433466,0.6341878593367898,0.6964483705194945,0.6813433729008922,0.5922112630652364,0.6046959335541487,0.6071988946418816,3.325280607081179,2.1858616582601127,4.553949071670666,5.931310909704499,2.7413840741498743,1.134028425220995,2.840395405938414,21.546874904823863,25.57929347006774,23.847039602383187,18.222988101724063,17.448949128511156,16.777825150800012,16.78647289061478,-10.414240510466255,-10.3881175507942,-10.589529136415289,-10.365689307822937,-10.377893844042308,-10.394360335317478,-10.363727807481098,9.720433084204007,10.702877327807922,10.668243406411367,9.37977843988862,8.188699746774235,7.839072043054697,8.144462376417362,2.6790292412790144,2.805259544983244,2.546191830773287,2.6608067789570216,2.362248216306311,2.9480957561758405,2.6762098194969868,1,9.060987695138326,1.5134424236666677,sub-062,0.96438996643389,0.747904788654191,0.24640781076681834,0.1964996971673692
sub-063,CN,66,M,387,0.3610326330294125,0.4298140231489571,0.3459965524259541,0.2863003478507411,0.3779919531622971,0.2668774786742095,0.3043987820932116,0.0892114553247843,0.0936423651371474,0.0984052712680609,0.0785204697582354,0.0926499747616473,0.0761367390444021,0.0836780109175581,0.2565967118030102,0.2037081721764017,0.2078331645887539,0.2841902589217027,0.2425382161705179,0.4807525705288772,0.3556479228123903,0.1757779203542157,0.1477507023927409,0.1994282200027134,0.1997168449209167,0.2151479013489739,0.1314649131210913,0.1886378802804046,0.1173812794885772,0.1250847371447525,0.1483367917145174,0.1512720785484039,0.0716719545565639,0.0447682986314196,0.0676374038964353,-0.4331934902071161,-0.3319073457309466,-0.3308562509687413,-0.5173744179536609,-0.4152390086927102,-0.7997707215097911,-0.609878067145315,0.0204229215002011,0.177161832679904,0.0247105153857779,-0.1150840757172382,0.0124156175871233,-0.2515697081526286,-0.1502193236527751,0.8574397659839811,0.8452080528744178,0.8844631463178877,0.8853619302831086,0.8569935966178456,0.8045406168175417,0.8434030540471135,7.917834837208315,5.902963587839524,8.815286960527985,10.00191151704221,7.709164431789401,9.768558273480146,8.915710151504113,31.94852338181528,34.09987956622119,33.07556772125752,34.90540759031449,27.43712621432014,23.58153756147553,27.224558058415106,-10.686800815426826,-10.711388897697615,-10.821316843535936,-10.612522353909512,-10.792792142885922,-10.38853841716139,-10.628356848415963,14.736020010827676,14.748839456683076,15.721555083650594,16.53190662426745,13.151199222370796,11.998307296905136,13.192035204099186,1.966242219543396,2.076168969665781,1.890057373304792,1.8379799889495447,1.962135439545569,1.9584604946573936,1.9371504723485875,1,10.14416093613089,1.077830026531231,sub-056,1.0198256571768525,0.7874851758132753,0.3162543896903142,0.21266778775645873
sub-064,CN,66,M,356,0.186278398908685,0.2792650453355606,0.1285534597026756,0.1524786866066317,0.1258938629846575,0.1055887737137823,0.1044572068494132,0.067506756467524,0.0600601090419752,0.0819170085950252,0.0717377876366,0.071482987879673,0.0575282348093175,0.0642254388490901,0.5967549572253347,0.5178271214911586,0.5740851929119845,0.6338096659928059,0.6467581608302765,0.7578928058226213,0.7153725411448308,0.120636449790262,0.1067493416471265,0.1824401101162734,0.1125783115360855,0.1364402619019512,0.0689463961430385,0.1013070455922778,0.0288234376081942,0.0360983824841791,0.0330042286740411,0.0293955482278766,0.0194247264034419,0.0100437895112405,0.014637767564388,-0.9438463440919316,-0.9297631471286242,-0.8495366443226184,-0.9405620819019612,-0.9584054523553288,-1.1193319451023214,-1.048571982113037,-0.4803647867694167,-0.2797398417798004,-0.5561093961659386,-0.5621836941992788,-0.6047502427796297,-0.7187191812632472,-0.6981980063774919,0.735667625018906,0.7318183294967434,0.7954112757948085,0.7293206697975513,0.752726220936664,0.6466306997486946,0.6926607638762338,8.766645419484297,7.905259870515974,9.331555455492316,9.1552361322574,9.351556012942751,9.279582471127492,9.276661816863829,20.756004163609933,21.560131691046497,22.70296067203784,20.83811530068664,19.56826908133031,16.638503404206137,18.17249982416837,-9.885044880869945,-9.920247290942283,-10.04721839446592,-9.849483581322596,-9.886153888821063,-9.588035262390791,-9.715585303303168,11.170250495302511,10.91485904954328,12.228616042049628,11.409406622169884,11.126834018870658,10.063384696252188,10.631813625378538,1.8606795504513804,2.1610128698781703,1.6987769322245698,1.7932494380967174,1.6197223698310017,1.5486628554377255,1.579741062252051,1,9.622409184392575,1.8471803901616488,sub-063,0.8805895747895249,0.7833761200888194,0.4559864990598179,0.43108649501171425
sub-065,CN,71,F,407,0.3666436599347548,0.3836698964263109,0.3843888855896757,0.2986807519007199,0.4000142249339766,0.3663039623011637,0.33788019638473,0.0581433942597218,0.0533868868242495,0.0723747799941881,0.0584475592313358,0.0619726626786784,0.0470918591105126,0.0540620329194532,0.2359738134092683,0.1635005943172698,0.1731773322513256,0.3329939459265068,0.2219909711855819,0.4107588002692298,0.3548157639321689,0.1925938778911156,0.168557117608067,0.2230581602843233,0.1967310876405302,0.2485160632239172,0.1388684177939423,0.1981378596233488,0.1466452545051393,0.2308855048241027,0.147000841880487,0.113146655300907,0.0675060779778454,0.0369769605251516,0.0551041471402988,-0.5652587014610085,-0.4673383761010277,-0.3805643273288527,-0.7010974643805928,-0.5523544391747196,-0.9327002690094404,-0.790881976634899,0.004179984155025,0.1231332410017377,0.0573541615864981,-0.1680974223090572,-0.0080544810372645,-0.1290111702390798,-0.1570235735627415,0.8446343961337334,0.8655358506692045,0.8682431930167359,0.84410422781041,0.8314027423977742,0.7569739271856655,0.8046472074360639,8.820309321191164,9.405727847515072,8.208415593869043,9.723944136301188,7.944218442881315,7.1960517572854,8.405362063287422,32.57843467281738,38.18349996250576,34.088145232662754,31.471302160601297,26.989832305137963,21.29330889509124,24.93620112131377,-10.715427361170066,-10.69758191665436,-10.854646178847728,-10.577960590044444,-10.970632754264722,-10.46118364306782,-10.698222903934813,15.892435469867,18.844551873892847,15.99096663342362,15.101444612615438,13.09478592950206,11.190687335492118,12.55212203943067,1.8888552789486412,1.8133065722979216,1.882630218149748,1.8658425299141803,1.9701936510704812,2.086631283310664,1.968668312685135,1,10.453811471636524,1.2103045351333002,,,,,
sub-066,FTD,73,M,251,0.5925716452838374,0.6526553360086191,0.4956618249160744,0.5502758168072501,0.6111126676358888,0.5844235817238432,0.5853080703824682,0.2216152108781571,0.1891361323916973,0.256862698438236,0.2388140807145426,0.2230016318692214,0.2459433830812811,0.2424947474922787,0.1236392833864649,0.1104226539622345,0.1460286650845115,0.1172428666949181,0.1293776229084847,0.140498737924265,0.1354683447806851,0.0385006006353099,0.030782384103176,0.0607042818201462,0.0506782657810622,0.0284679039022992,0.0229025515285352,0.0279236542071375,0.0236732598162304,0.0170034935342731,0.0407425297410317,0.0429889700022266,0.0080401736841057,0.0062317457420737,0.0088051831374298,0.2570278280403987,0.2475887866181939,0.2395564907505265,0.3113820265034624,0.2342160310424784,0.241780777523677,0.2496670001918075,0.7116160523913984,0.7934888357777966,0.5620356006985796,0.6745499665857642,0.7232478280689042,0.706116496173242,0.705176117861882,0.6937911454648347,0.6719660482242382,0.7540730531985108,0.7169872111574136,0.6683038432335163,0.6715949461682271,0.6766780523264123,2.2441418951798133,1.81063669222826,3.639647348349373,2.5290628625995097,1.704853975247938,1.9072418708143264,1.9800636120593464,14.881998256749457,12.22809201469995,22.591799009353743,18.92761382056992,11.04998806026211,10.26275314210637,11.098010860177387,-10.041608670153128,-9.990267490960104,-10.233240961422185,-10.039934186187317,-10.04759551967477,-9.928223054074293,-10.01170579631868,7.689430247860403,6.998445767327199,9.729481560211545,9.199819268729748,6.298791469311355,6.112979087284788,6.451554816448307,3.2436480819239937,3.679207728901969,2.764444657252904,2.984251976222004,3.205682745518728,3.0137346705195958,3.120530611716004,1,7.940101226763143,1.0766426412410564,,,,,
sub-067,FTD,66,M,227,0.1791532700417442,0.1623990457283869,0.1473464641219058,0.1228082198332461,0.2105210928325479,0.3511416302490428,0.2246543805527437,0.0402380493411426,0.0454581099559626,0.0457608630235022,0.028687856430379,0.0388638955716253,0.0388452331415366,0.036403739673419,0.2317063590196596,0.1720046416255156,0.2355628763214718,0.1893617107280647,0.3591026219375978,0.3284724961527286,0.3230593881782946,0.2995615911086444,0.290773060129024,0.3968855903156408,0.3077611343401101,0.2831494480459255,0.1925545788579681,0.2608191903617581,0.2493407304888089,0.3293651425611109,0.1744442062174791,0.3513810786682002,0.1083629416123029,0.0889860615987234,0.1550633012337845,-0.7460339628008618,-0.5830589763793274,-0.7213312430035703,-0.8018963218422324,-0.9585079406925342,-0.92306481005192,-0.9430075468022782,-0.4340565587392971,-0.404930333672629,-0.5343403438483184,-0.5680721468398912,-0.4252839620306417,-0.1307003876708993,-0.3831336140939573,0.9154304564832468,0.9487112963401227,0.9302481778614684,0.9527905804590424,0.8549703936080281,0.7926907812780848,0.8628923359866956,15.390111630716996,17.616614353480582,14.25988983668145,17.72857360528673,11.8188310669673,9.97268168858281,12.287752144646126,38.11284619793469,40.21962706346584,37.30538295076357,41.64924882973752,33.72223016366879,31.463426827125534,35.219716534578914,-10.18249490032176,-10.029168683612696,-10.487595585691908,-9.983157764748196,-10.428105106065148,-10.291744593280278,-10.324368416097352,20.37959066923782,22.68750489777086,19.114556859754547,23.82048156049913,16.053557569167396,13.806709451180092,17.215758342647487,1.5879852760899662,1.4861880558283145,1.5499371627652163,1.4267527826717945,1.7533899890525448,2.0757056343853493,1.768905035843207,1,11.7706214051247,1.0496774925393169,,,,,
sub-068,FTD,78,M,268,0.3288161939954012,0.3791392142596175,0.3170295474716948,0.2525730584193539,0.2721250857425024,0.4078885263876465,0.297797726543869,0.0902527027320332,0.0947394211491283,0.1014444597093282,0.0866544918686975,0.0736549927859977,0.0898545394519829,0.0806883912792557,0.378655956352283,0.2947874239570212,0.3611316133144053,0.4453795200801538,0.4955052170571885,0.3897613157794153,0.4898949946695368,0.1104063781044484,0.1123983316200244,0.1383688268538518,0.1091896448296608,0.1029855253398299,0.0750556133723308,0.0862191773688438,0.0918687688158341,0.1189356090142085,0.08202555265072,0.1062032848021336,0.0557291790744815,0.0374400050086247,0.0453997101384947,-0.6125589089627851,-0.4946803699747146,-0.5534443260772398,-0.6898793980537582,-0.8282017642050142,-0.6357004087040595,-0.7800950855707312,-0.0662691102316941,0.0699013532243504,-0.0768583462828451,-0.2131416393302383,-0.241432431605894,0.0295081620072642,-0.1883590837209748,0.7994313206354532,0.8117774473248726,0.8232481365358216,0.7917102124685516,0.7941901584710207,0.7437986129523846,0.7568283402666102,7.977928161810277,7.257715787016484,8.626238217424133,8.811186248960142,9.32514206458127,5.838869361711555,8.09876653156628,29.567596207436825,34.19255692912451,28.812750997626328,29.65181838230123,25.056781406866747,21.110279347372,22.940867279122607,-10.687100124185,-10.691953644299783,-10.8555948696741,-10.581264343361124,-10.771112939441348,-10.503023024312824,-10.593721256585708,13.195679867546692,14.414689717905848,13.026910956647072,13.84876393094827,11.890936319220296,9.833245953325513,10.94924297745022,2.124468975275154,2.1451525131226536,2.102667359908503,2.0229517496364435,2.019494954380742,2.445274498477924,2.175788738146357,1,8.729626856795017,1.5142836824053454,,,,,
sub-069,FTD,70,M,303,0.3194317923252598,0.3799030758231284,0.1867281917558104,0.2900154325446054,0.2862557866202252,0.4154344290557547,0.3432106238308043,0.407372059917595,0.3507463431817257,0.4983615476140809,0.447300252465862,0.4269416535627695,0.3598670613841127,0.4163208303933131,0.1834281028182488,0.1602021889894269,0.1999125863993748,0.1675082957975183,0.2400658557997642,0.1868750604166241,0.1992883678815539,0.0598893085990613,0.0675187995149521,0.0921796017881295,0.0532573855537691,0.0382454172198826,0.0304803337691932,0.0332762785885523,0.0298787363398349,0.0416295924907665,0.0228180724426043,0.0419186336382452,0.0084912867973581,0.0073431153743145,0.0079038993057759,0.3481789207567951,0.3355871172296257,0.3976767187779598,0.4292467139450386,0.2614619669270789,0.2859433804382281,0.3318283495486976,0.4807683218908996,0.5072513764959108,0.3701999585276374,0.5298104367078804,0.415762357556494,0.5533548926859013,0.5243011610719845,0.7513594598251004,0.7676686215721669,0.7628805721052586,0.7521980603502828,0.7244756903748709,0.7156441784151094,0.7163837826241181,6.248471980208785,5.76262702739521,6.986105927861753,6.664849405687525,6.536219371708701,5.5781024553695016,6.18679531109464,18.822996236320243,22.221970039058,19.71420027530469,21.085695552293004,12.18383684119263,11.023122329007307,11.400819650043276,-9.85688387979945,-9.91806045911722,-9.951880906518747,-9.77565209221989,-9.788064319797211,-9.765963227270746,-9.756305546345905,9.2654142010719,10.001905452486328,9.776478120886091,9.918053907670108,7.6995659477212754,6.964591908229647,7.329764789267946,2.4536209340449533,2.657440107319094,2.173431210162574,2.4275485498185203,2.2510892185102915,2.516480755163891,2.391077522130113,1,8.340650880227606,1.267316078719258,,,,,
sub-070,FTD,67,F,228,0.3905414093633286,0.4776245864954287,0.3571737201523439,0.2949312643703284,0.3797779126631388,0.34316735825374,0.3452352477912735,0.1282316962192352,0.1148649909214942,0.1595244023331031,0.1239073034111859,0.1263769641172802,0.139506989359558,0.1365669111191556,0.1746197638412198,0.1275059803261422,0.1591401797302826,0.1883171852866314,0.2355764368135725,0.2439075299610452,0.233804439336901,0.1780912986471095,0.1527033789481307,0.2219953650567161,0.1923516692898234,0.1824373930382472,0.1660530351069908,0.1698229686272132,0.1285158319291067,0.127301063308804,0.1021663327275538,0.2004925776420304,0.0758312933677612,0.1073650873186664,0.1145704331254563,-0.129088472321966,-0.0517087604610674,-0.0065795312995211,-0.1956160174239075,-0.2685373392984113,-0.2414524847002274,-0.2302383492575532,0.1679410255569055,0.3283599137229243,0.134513220785257,0.023953623717517,0.0840637669446964,0.0704073157304035,0.0778183337466838,0.855059621559361,0.8267112857094773,0.8685019972776974,0.9019807910732868,0.8387566708468025,0.864727320497434,0.8628234886557501,6.713697109175516,4.253282638908936,7.51200525562345,10.02675162669246,6.583844217084934,7.696355838538635,7.328000325956869,33.7228633002476,34.19554466005832,31.141124479505294,38.21937370923479,28.86199658976397,34.23936601977461,33.217085714558195,-10.70067667263533,-10.596530643952493,-10.828574554521229,-10.55677940223616,-10.91484296975542,-10.839886045314604,-10.838828813660983,15.020115420884077,14.585151216387397,14.307213629455523,18.01678282980535,13.025252526698878,14.610802347200512,14.754793756942028,2.0564549712946296,2.167038744019995,1.984195141849833,1.8401550804545987,2.139830096700518,2.085338604494276,2.051259653508365,1,9.75971133470073,0.5273684976392161,,,,,
sub-071,FTD,62,M,300,0.2818923763263881,0.4128500807305779,0.2393771191903267,0.202829205653495,0.1688174439272332,0.2150520365603346,0.1845052355161109,0.0933062277608527,0.090713788601069,0.104362473750753,0.0984949719696036,0.0874082035564311,0.0842649437243761,0.0914810072807807,0.3644933215198149,0.2671651775034432,0.2837938987303298,0.380533259628032,0.546796533636068,0.520656265370529,0.5071115987973076,0.1650481332369444,0.1327636252380436,0.2483451216565103,0.1810769290414443,0.155420528805096,0.1354822436425211,0.158370060366998,0.0952599411559996,0.096507327926866,0.12412138667208,0.1370656337074252,0.0415572900751711,0.0445445107022384,0.0585320980388022,-0.5735422464834948,-0.4650725513035723,-0.4413550948650979,-0.5857073504404461,-0.7977689240269145,-0.7907966828117869,-0.7456078766953169,-0.1550639636470239,0.1066182369923579,-0.2004608421703303,-0.2702433019924227,-0.4427627216172388,-0.340949534453781,-0.3854646732935912,0.8405151921747819,0.8206963195230256,0.8993995780009026,0.8924891258678795,0.7848940187709287,0.8010385604363329,0.8159524802472221,8.4669988135654,6.27270747868095,10.150945813250768,9.98879974852348,9.330794389797772,9.281802751868202,9.540703019703267,30.988807041354537,32.55532124619158,33.50651227793784,35.90149018167385,23.19818642576676,23.59001411229298,26.148798113534717,-10.43045329172123,-10.342041934497596,-10.643448865910663,-10.407365958449276,-10.471112157966468,-10.40558604789586,-10.440692604869614,14.333318880905589,13.796324222494905,16.143064437787505,16.572039491385937,12.286937930649051,12.090312054444214,13.055014679397257,1.9874574170461683,2.207791545325388,1.7994918097979038,1.8421157143896527,1.8630108189995511,1.9755896813242535,1.9001063696063916,1,9.345801979574336,1.3039275446345222,,,,,
sub-072,FTD,65,M,309,0.7003626312159025,0.7474069388996715,0.5884331996091725,0.6608214666582839,0.7051885576786184,0.77544514115397,0.7272750080970946,0.1778373704303368,0.1401985857118154,0.2179751432571064,0.2304367495591447,0.1796370961413258,0.1414681108809072,0.1740255327209858,0.0565525870454249,0.046490528744774,0.0825016266351269,0.0579064909353182,0.0591362925890122,0.0462628656179829,0.0527544376683497,0.0417660087824535,0.0375696519683858,0.0721978606721101,0.0325051030639856,0.0437755427676549,0.0263129902563397,0.0334104061990441,0.0234814025258819,0.028334294675353,0.0388921698264843,0.0183301897832673,0.0122625108233881,0.0105108920907996,0.0125346153145252,0.4982105884968743,0.4854130669583427,0.4212562269910534,0.603865440100362,0.4724005408974734,0.4858388243325917,0.5128004316539233,0.9704738790995274,1.0362207531778158,0.7170191592834808,1.004874293236726,0.936599297833975,1.1025529431735204,1.0268671423365627,0.6465932932884136,0.6302630727548636,0.7263257985409912,0.6524284302959962,0.6350443257352261,0.5898034845915875,0.6177550358832526,1.4318780123520016,1.2773265678297716,1.9645957210819716,1.570265627796713,1.3064519895718438,1.0850953083656631,1.2088623549514297,15.057215664799472,15.909291171142147,21.757734346056072,12.446987587376231,13.18519089955736,10.052666673424842,11.553075158060162,-10.081593882572392,-9.978952405533205,-10.35056540534802,-10.050074870017824,-10.132974214108811,-10.023349295850618,-10.047969942824675,7.238478508959673,7.430159795481638,9.44058272794422,6.87782399770777,6.244624607761003,5.476527551957783,6.022039312088272,3.874172455194105,4.021236631422592,3.0391394972247467,3.9691808017124415,3.7921310502216823,4.545042689770394,4.145143923961229,1,7.141257118214846,0.6567798627522166,,,,,
sub-073,FTD,57,F,410,0.3536365740389144,0.4559102042261775,0.4035014481393287,0.2456201613883753,0.3015589958764443,0.2150307497776552,0.2453895243584815,0.1492068466387327,0.1645004398853488,0.1313861810025026,0.1437821129522931,0.1556503801091021,0.1235944358972465,0.1396352457341207,0.3439875946474621,0.2543311607357297,0.2666450630498479,0.4053949159774065,0.399351381517266,0.5679385877703528,0.4890633172895703,0.0806262325579933,0.0659454924852614,0.0964771238685446,0.0958281127954758,0.0933566126341395,0.0587331552575438,0.0791849658370584,0.0725427521168972,0.0593127026674826,0.1019901839397759,0.1093746968864486,0.0500826298630484,0.0347030712972012,0.0467269467807686,-0.3375641547912509,-0.1820114287929373,-0.3003010559534384,-0.4218464360057217,-0.4075428940879999,-0.6643606726680025,-0.5400623988219173,0.0817019950057121,0.2971423026368792,0.1725265810037515,-0.1030754098596037,-0.0326322104411357,-0.2675198427995284,-0.1717685725410984,0.7815543239288693,0.7603583851812795,0.7671567782544805,0.825002084577915,0.8096869358273587,0.7482419889111915,0.7810232302028918,6.507275256676906,4.158985345884465,6.012190344535704,8.464319197390179,8.24405503487032,8.949659763945597,8.645305093452933,26.973364967880126,26.44546641725481,28.75989900730846,31.743841343352045,24.60771542604566,20.14873039773407,23.45724785181534,-10.760779268958824,-10.696289830504352,-10.840726607645292,-10.715031032410293,-10.999196854066534,-10.600441390955266,-10.799189314985467,12.04681265814796,11.0114191615879,12.78753008247214,14.349224711945864,11.502192704591977,10.77171958236006,11.42110058916724,2.3945714452728195,2.673283985306572,2.512551860549645,2.0601283111391284,2.233992119475856,2.1518621892022725,2.182107166541005,1,9.511273198755102,1.4361801226539122,sub-067,0.6477784064223684,0.474972353940057,0.20329045882464214,0.13137508220365204
sub-074,FTD,53,F,426,0.4565081014002333,0.5660846234060001,0.411147340766782,0.3363653260566621,0.425975683703378,0.4271155925626522,0.407686101722311,0.1252538627588813,0.1410789891764777,0.1304433861610066,0.1113886004842225,0.1210415134364735,0.0961306837270351,0.1086294456224247,0.2622041426868689,0.1890818185585848,0.253311475502149,0.2905391651605398,0.3205733599032673,0.387247407141004,0.3592963881820682,0.081945112309973,0.0588666617875581,0.1119223940682386,0.1106732296124735,0.0861112384060642,0.0540483427518892,0.0743551699219144,0.0740887808440431,0.0448879070713789,0.0931754035018235,0.1510336786861018,0.0462982045508168,0.0354579738174197,0.0500328945512815,-0.2967193090969308,-0.1079845347228467,-0.281780411834927,-0.3893516641595577,-0.421607182344357,-0.6071028453028372,-0.5187706584618141,0.2445211418457649,0.4830738630247256,0.1731924557936068,0.0526506170802414,0.1290201187206956,0.0735722310162897,0.0756869641224158,0.7510203582217126,0.7030723785969105,0.7644445499176316,0.8267713218612052,0.7705490831197427,0.7179069847386119,0.7525428111309943,5.101008097175846,2.737835675628521,5.779840813478745,8.425817946740121,5.292454165518,5.417073696495347,6.117472078987428,25.3393583425813,21.619820801254427,28.50486393499314,33.80705696260847,23.55619956063705,19.348822281469644,23.43708938887379,-10.542757797427033,-10.445060620992626,-10.728541978839266,-10.490282038917474,-10.757734642563518,-10.388507892143489,-10.567560581072616,11.344331131909351,9.439813540042428,12.015425732071083,15.578485116684853,10.640472973260426,9.590980071623385,10.740292705569477,2.66942240074361,3.142643863022409,2.542904333460776,2.104327689499214,2.492754397299235,2.598115811347417,2.496342899196047,1,9.479281144198362,1.2367142168743044,,,,,
sub-075,FTD,71,F,327,0.2031279112957114,0.3000024598805715,0.1525773808210101,0.1774262991183082,0.1378443390240052,0.089221369723118,0.1143165999791239,0.1308202303886842,0.0768515542161765,0.1370506353753132,0.1989660187213991,0.1782970680551875,0.1028581563473327,0.1386485256736572,0.3520343588828574,0.1744904437974565,0.3480252347283479,0.4170695349475402,0.4705468453721448,0.6716126660502281,0.5697851700842912,0.169543906048216,0.1950007079892923,0.2116243412225419,0.1284288636209861,0.1648931714047252,0.1065306333126561,0.1343909025468696,0.1444735933845309,0.2536548341165031,0.1507224078527865,0.0781092835917662,0.0484185761439373,0.0297771745666648,0.0428588017160579,-0.4005562366752278,-0.3240502891461173,-0.3994403158215665,-0.3114585857464026,-0.421838251765986,-0.8162732135291193,-0.6256536980465528,-0.2017896152432353,-0.0181252471461732,-0.2826218535450661,-0.1826716973880559,-0.304119986047733,-0.6081068256338186,-0.4585760331915879,0.84728549813821,0.8716193739331686,0.8995085059528618,0.8168185213168817,0.8426310762163126,0.751698007659378,0.7984247674364465,10.813123984155531,12.473506673229563,10.784459324668896,8.758590224089884,9.983362824391328,10.39849082140397,10.205973540645015,31.569511110909247,37.36980929142764,34.79223483467085,29.65165051642496,24.534136174338443,20.82316548727719,23.37078263828824,-10.1647358682345,-9.96723748499526,-10.453603325095273,-10.122625828913067,-10.514198971549348,-9.982704447951274,-10.234390358964998,16.15076563358107,19.42292876247813,17.40776346419429,13.86069202983656,13.00024322104971,12.1186287628076,12.751234317345006,1.8680188327651237,1.9010832360154573,1.7209877398099156,1.9897985477450253,1.8661667833971731,1.7320587049138882,1.8298023993487809,1,10.7387019420488,1.5639588155818362,,,,,
sub-076,FTD,44,M,364,0.2368105135817253,0.2671804400084068,0.1853072077399224,0.205946634651566,0.2518651195444086,0.2469165787673379,0.2315694573030762,0.1213512405453467,0.0995606058923144,0.1243345934181494,0.1557376448759684,0.1140155395479894,0.135374175356549,0.1366563514641922,0.1328368841040542,0.1020238294293176,0.1271334227864481,0.1680957313129395,0.1515149845244412,0.1507029223936905,0.1596926785185826,0.2326274363107581,0.2167887244654347,0.2822104859427505,0.2301959992284377,0.2445927604691525,0.2006032412484506,0.226735220484553,0.2763739254581155,0.3144464002045264,0.2810142901127295,0.2400239899310882,0.2380115959140081,0.2664030822339721,0.2453462922295959,-0.0486373511857517,-0.0260223371889853,-0.0116359331867036,-0.0535740522647182,-0.1265746515127291,-0.0565126745246069,-0.0859227420367965,-0.0120074591526133,0.050677764039825,-0.1221903537595921,-0.044930811940709,-0.0353451051900015,0.0347217762165939,-0.023042507281464,0.930554396838572,0.9155319206223018,0.9577483964834776,0.9411161370041052,0.9231090783813852,0.932386561482874,0.9308267862069444,12.78886263120927,13.594261827771303,14.842514191145654,11.485527872482214,11.753254021945374,11.04957053468753,11.487824749978184,36.59719085135151,36.95206658142121,37.64854236713193,36.61765933933958,34.74510770637867,36.51528626392015,35.47160910224676,-10.446068755725989,-10.333902297647423,-10.51211005328195,-10.51806751415224,-10.570159826713413,-10.409455289333351,-10.506898878898244,19.312956290927517,19.955734920060703,20.23691660038289,18.710955506068498,18.027616227162174,18.80930229014432,18.33697521163748,1.582479302698853,1.564173513771324,1.506227047444843,1.6199531975403234,1.6219537814211844,1.626768439059784,1.6222662883184955,1,8.039797685536858,0.2861174570752709,sub-070,0.09369221245643544,0.06201500617865818,0.01587966796401344,0.008968086817116722
sub-077,FTD,61,M,314,0.4494163617881953,0.4514224730701711,0.3945415038781781,0.4180873352364418,0.5160333886928052,0.4874397719128981,0.4978999451643974,0.0737822750366826,0.0632894660770287,0.0915621285638915,0.0722942521769279,0.089227392882007,0.0636456950561804,0.079456304482335,0.1087153520684953,0.0679464942445227,0.0950122694062197,0.1226149820522095,0.1340580512821267,0.2061476696579375,0.1625934165755571,0.1490105662327599,0.1460460707924362,0.1507920791370577,0.1730442100981992,0.1234964144729444,0.1469179708262912,0.1355274143383711,0.2190754448738666,0.2712954958158409,0.2680920190146529,0.2139592204362216,0.1371847526701165,0.0958488925466926,0.1245229194393394,-0.1274084308647399,0.0020643308521319,-0.0179734739031673,-0.208684818977868,-0.1756925642156732,-0.5097365560634939,-0.3067827745973607,0.3060255929958008,0.3682400945457367,0.2930009387097488,0.2141139873320969,0.3713536773638664,0.1936429037754125,0.2908732079732478,0.8301475580043105,0.8293555257086265,0.8771877401479818,0.848658611197276,0.8018603289254261,0.7677681350560914,0.7928851909195493,7.207388696268385,9.166432809066082,8.782922898608623,8.060411303677103,2.813897695099836,2.8716242849014915,3.028381976027535,37.96810187266966,39.41128783149213,39.50630271534228,38.41351744579424,35.955649967262985,32.73749646464286,34.99812074898319,-10.7315899446692,-10.521373983518146,-11.064190868642434,-10.72145428215684,-10.9716273529261,-10.62865963537742,-10.811526796404612,17.74944780639522,19.377631824091363,19.48340883172045,17.98448993819492,14.791175848766676,13.41718587931428,14.42978694236355,1.959032353424501,1.8862648592526376,1.799770323958211,1.8904047085948363,2.184413990064629,2.2517944619245998,2.1925378400156883,1,10.366515785477684,0.7100532520047764,,,,,
sub-078,FTD,62,M,408,0.5237126503756273,0.591286980620108,0.4537714111567752,0.344913961293867,0.6433180791195506,0.5703035883958586,0.5499625749612365,0.080913736114285,0.0753553598024066,0.0929185430891915,0.0849700246114545,0.066715624706284,0.0955454328611624,0.0839346480970804,0.1051195669751311,0.0778868555806304,0.1135402940213884,0.1524594595396111,0.0862028180129203,0.1214983046008541,0.1189528875485831,0.1648271512058167,0.1257637584666561,0.1932725561885095,0.2366712293685644,0.138508619477213,0.1546705595862496,0.1689557788013431,0.1254268953291397,0.1297070455301986,0.1464971955441349,0.1809853251865031,0.0652548586840319,0.0579821145558756,0.0781941105917569,-0.1090090180763994,-0.0284628473578037,-0.1018848336016925,-0.2609417756850199,-0.099905314178279,-0.111396932933484,-0.1416866650565529,0.3635997821432195,0.520974076767485,0.2494332714961569,0.0335923488170861,0.5372593260916696,0.3835650676584754,0.3660056012305041,0.7670670842776898,0.731234952108766,0.8206218256360129,0.8750787395154608,0.6769816333669983,0.7312523007219327,0.7403198833370828,4.137175171365929,1.9371361807841136,4.797412810057413,9.908116451282492,2.4922649670072303,1.7724379270699684,3.541336818475941,32.194233017933485,32.879876488379935,34.527199958058894,37.24239844436836,25.92637111085476,25.60049246893104,28.16847037058731,-10.656034540679768,-10.462544880439657,-10.92803343331677,-10.67625302392436,-10.78603392366206,-10.689813971602032,-10.76493145335333,14.034689584776643,13.668433139326938,15.323853315890878,17.580741783573135,10.852178630181,11.064503581479748,12.102069541149664,2.335965775228844,2.4604290260222466,2.035271010107245,1.852625277137756,2.8486053806401936,2.5491081331994847,2.5236776597615056,1,12.90633527846948,0.3727592060522458,,,,,
sub-079,FTD,60,F,381,0.3066876468881233,0.3360807115983926,0.304471104956763,0.2652234705498532,0.3571806249504874,0.2143256188822156,0.2916335787021112,0.0685797145841824,0.0608026755905787,0.0860181413487079,0.0769890133985268,0.0732211483797602,0.0458609625929513,0.0651090956860133,0.2828897686649962,0.1662249510037621,0.1931561364248906,0.3069087997183635,0.3957571484741498,0.6084779470190095,0.4558636041154584,0.1726250834465387,0.2030346482668288,0.2162214215551105,0.1711459849223479,0.1192108222371261,0.0838766882751658,0.1188803807736532,0.1692177864161592,0.2338570135404376,0.200133195714528,0.1797327314109084,0.0546302559584759,0.0474587832306579,0.0685133407227635,-0.5704888249578489,-0.4287141729416514,-0.3553062895743329,-0.5825900647540774,-0.7321692050422556,-1.1227508603707474,-0.8454058089122211,-0.0830174079201057,0.0293299900417153,-0.0424966023161395,-0.142657143497998,-0.0778027030102208,-0.4255570954014716,-0.2132732505338794,0.8527669167991179,0.8750003466040516,0.9027090232015484,0.884381347118361,0.7854967560903501,0.7377131333028698,0.7885751128940959,10.307828078589202,10.710296546841096,10.406669379823532,10.573190464912855,9.198902664848006,9.883589835820578,9.518674192503836,34.8473678670725,38.99919902902891,37.14600887705354,38.24081968025178,25.60330670537431,23.94718540144221,28.014747039024847,-10.398349701842882,-10.185002375479268,-10.758554187368707,-10.429119797200642,-10.642173862628937,-10.177482183932202,-10.445141704965058,16.79465310145888,18.988060531966664,18.058469177142367,17.853340812891524,12.069126237389597,12.19291785439505,12.989772185835806,1.888743232037031,1.7610318533476128,1.8306092840263175,1.8433789980235775,2.207368401663651,2.035724693053038,2.099527511450113,1,10.230229848777524,1.4094802119369163,sub-073,1.06978247677117,0.5878966253994857,0.3226378153181759,0.17194332461633843
sub-080,FTD,71,F,414,0.163162646927176,0.3051965958231931,0.109973022342068,0.099586679893951,0.0576697412422646,0.0312195552625948,0.0503214442376074,0.0595222543748127,0.0438146832821948,0.0867174457168067,0.0751048387997291,0.0591655327195648,0.0430758798190235,0.0534192643222593,0.567426425560138,0.4904418675619783,0.4599106526324881,0.5655336929751511,0.6913695023779801,0.8160168878883842,0.7322853133928291,0.1452345001033183,0.0908969580550591,0.2412589002321149,0.1834843743233619,0.1617303300667018,0.0901358036938677,0.1354912466324288,0.0646541730345547,0.0696498952775747,0.1021399790765219,0.0762904140078064,0.0300648935934886,0.0195518733361295,0.028482731414875,-0.9894958241095352,-1.04401724484319,-0.7373532987021386,-0.88016901732557,-1.0676043218097064,-1.2783755066705114,-1.140002569834836,-0.5766263703908414,-0.2601607003528483,-0.5702754420274652,-0.6636599843226011,-0.8653966537023324,-1.0865599552381262,-0.9318118700606366,0.6910320196435569,0.666702096562302,0.813906711405605,0.7473859952683082,0.6544598375850857,0.5340250346230818,0.6180514619376044,8.866080560850984,7.538760606788254,9.711434773111376,9.651687751396022,9.607427112464864,9.560434873169037,9.589449851814283,25.87611282201009,26.225455240331268,31.149729661967296,28.30369382465842,21.093536727357407,19.061691234632505,20.703086226295067,-10.200027457604785,-10.07617132973873,-10.628142992886948,-10.24413786581171,-10.313229166975056,-9.733327221743489,-10.05317427526522,13.044801363876344,12.232205744306162,15.33908221962358,14.210937450397664,12.219623421292106,11.35295948958484,12.034074380782984,1.9210156545112635,2.277071555008617,1.7165293618480424,1.7883301521321688,1.6522270425526413,1.6501033644614829,1.68071441140288,1,9.684959345895734,2.1817325119643733,,,,,
sub-081,FTD,61,F,395,0.4651819952679118,0.5714274378149481,0.523541740541848,0.3861884881461705,0.3842135054901963,0.2852230773524368,0.3378081199093938,0.2166996588869001,0.203232908285506,0.1883775439458623,0.251726342631849,0.231712149273394,0.2137443553336979,0.2359756906222859,0.2093025406965625,0.1323054617136629,0.1726761411907353,0.2342192373014073,0.2648381119432521,0.4005951663157282,0.3123710321258967,0.0697011598825762,0.0529842946929733,0.0842732682853862,0.0722389182137169,0.0900413836467909,0.0707661731333673,0.0795645069010562,0.0391146452660491,0.0400498974929097,0.031131306036168,0.0556270137068557,0.0291948496463665,0.0296712278647695,0.034280650441367,0.0492227765847812,0.1809824340527849,0.0484467837968258,0.0636356256640889,-0.0615433936526981,-0.273448478173695,-0.1125415654903003,0.4210421235747859,0.6321313693624143,0.48701822953583,0.334833278350453,0.2414094256495542,0.0251323417130334,0.1706228754286897,0.7629627532160754,0.7317719264376287,0.7207864634335325,0.7987432041849487,0.8032335099966118,0.8034280445059037,0.8020625003594447,4.577112644344428,2.6720133068387946,4.10470586553586,5.737552312758998,5.953140987810372,7.568648641798949,6.601930167897437,21.303062318557693,20.69367411361532,19.02865494583661,25.909654040487943,20.06902444735416,19.485405457882457,20.905250288920616,-10.828782771245056,-10.733592506536556,-10.916298844061956,-10.833044318350968,-10.997247201927204,-10.76945484826439,-10.887113694202046,9.690475297665552,9.108856832850636,8.816938714911064,11.0779878191863,9.657528851472074,10.310839424898202,10.156402298518064,2.759741081092487,3.069640696220096,3.0156347129477106,2.5827905981633816,2.386460153395586,2.205074337766584,2.3693981461645177,1,10.800153990735454,0.9001090933286555,,,,,
sub-082,FTD,63,M,364,0.2910887865364652,0.3554252817594015,0.2196808463460036,0.2369880813184019,0.2593657989267681,0.3288088553925522,0.2688948476068485,0.1065117576869881,0.1052113948991462,0.1080786525857254,0.108377983457657,0.1129504936694566,0.0953221295812888,0.1043785396557176,0.3800386340996154,0.300560408070276,0.3284199187393723,0.4515521619287513,0.4480835882234333,0.4905460113986696,0.5009550175758285,0.115296038820434,0.1154416655889484,0.161633387247036,0.0966377407876289,0.1293649628626034,0.0614935324930869,0.0900642785855769,0.1070647828564968,0.1233612496822278,0.1821871950818621,0.1064440325075606,0.0502351563177376,0.0238294711344019,0.035707316576028,-0.539917451082397,-0.4550551516458978,-0.4836475426540227,-0.6013252852639503,-0.5976591684550352,-0.7119121173306424,-0.679933639002096,-0.0976251298575719,0.041157721563535,-0.1846462226298112,-0.1955472422253557,-0.1923415904288513,-0.1149145550806002,-0.201780445897358,0.8208719061234672,0.8223014674435298,0.8907116913182392,0.8007447246039132,0.8278495436183363,0.7408966705078925,0.7721507375191905,8.450585884583482,7.279652727028766,10.132514156340775,8.79464163268705,8.998431760132116,8.516079218858938,8.796698885850507,29.42393149362012,32.61508432343675,35.34952026683984,28.653632126335022,24.832324132396632,17.794523205837756,20.941049034443296,-10.616488315259629,-10.619854707338956,-10.728042276373138,-10.522172760526942,-10.789535459399646,-10.366435394567072,-10.547974835419426,13.967500230207063,14.510473162190888,17.333671136555026,14.0634695244385,12.031260452071171,9.730259687482716,10.873631493794148,2.0522091294800178,2.1541251112994804,1.790022748653988,2.0057732766910217,1.99022801908436,2.2746261355224227,2.115515835846867,1,9.257794646049335,1.457326270015681,sub-076,0.7092120921663394,0.42106422664457277,0.2704668880313902,0.19700227111249116
sub-083,FTD,68,F,427,0.480305379292652,0.5939896118287458,0.4905389095189028,0.3704395758485563,0.3964438652449715,0.4125841480366596,0.4068866290105031,0.0854004751477498,0.0785491614371955,0.0911889564554158,0.0749460430590673,0.1093017660902933,0.0857542789367405,0.0905431844034954,0.1318638891122756,0.0845094627307591,0.1328603557336175,0.1435293564824918,0.1814944212932872,0.198332948503621,0.1750483130389151,0.1346446126278094,0.1023474584296017,0.1305217897565194,0.1826557184302509,0.1496570091092569,0.1353280803014169,0.1500628654328074,0.167785643819513,0.1406043055736975,0.1548899885355444,0.2284293061796334,0.1631029382621911,0.1680005442215619,0.177459008114279,-0.1686697393680431,-0.0287716655240783,-0.1612452698610487,-0.280909769730079,-0.2223611599788809,-0.3644325104420831,-0.290787142595511,0.3393175374842879,0.5746852764947732,0.341905602926604,0.127367476729959,0.1807390789410859,0.173416162107576,0.1792759558320433,0.7970578597282739,0.7447021532803578,0.7864390016572124,0.8438868199777667,0.8502337579111244,0.8228093516293111,0.8282546245566457,5.170591152114591,2.622337847644744,3.750807675197727,8.720990947698867,6.9394243343136495,6.465103568667216,6.812491447108811,36.87370769031218,36.19056782202704,34.899457578755914,38.72699191456272,37.29147638720439,37.89285090280519,37.49509793302703,-11.0013949577102,-10.76031697200229,-11.309738724191892,-10.830742133191537,-11.426025620553588,-11.087011912737584,-11.157573224126285,15.794771632039364,14.42371759430864,15.245515814056896,18.019858917451103,16.22784138736532,16.31756528725817,16.51417297862425,2.1633053888999707,2.395191176611113,2.21885250538479,1.8980264930434323,2.016496821566792,2.0191550998965924,2.0209706367697184,1,12.224098903799588,0.558825851958531,,,,,
sub-084,FTD,71,F,299,0.5703298927319119,0.6890822180587809,0.4804968535755649,0.4360470572021072,0.5374796530875295,0.6072873433485729,0.5214803492600413,0.2373850370593249,0.1638712680086289,0.2792534293937322,0.3471145064885258,0.2527363489863573,0.1893947334861993,0.2597842726572152,0.0725816193061202,0.0397021461970413,0.0759289351130993,0.0887237409736235,0.1024015643471977,0.1056246405808048,0.1114083843186185,0.0670432308918733,0.051731262723408,0.0913805892902143,0.0693810899285528,0.0740441403908203,0.0689519995622109,0.0725056506552988,0.0526602200107697,0.0556131050121406,0.0729401926273893,0.0587336054071904,0.0333382931880953,0.0287412830222122,0.0348213431088263,0.5413684490060721,0.6224138032097343,0.5627381124271301,0.6425596814800418,0.391200232384622,0.2485250741459022,0.3573224365563452,0.7900522295950898,0.9852011172987488,0.6571542617073228,0.7143142174987369,0.6532442274149632,0.6630661019268271,0.6310897532386516,0.726409307281797,0.6712439248925269,0.7814150219627866,0.7697721115454869,0.7499457759261472,0.7149492621288502,0.7496327808232591,2.809363985398176,1.4481961843841495,3.8195552809577946,4.610658923991911,3.0879703912972887,2.0376648595716973,3.391897961331509,24.482793806851078,24.390945318587875,28.98755462764667,27.32059818034105,20.502196229623934,18.34240990343962,20.580035872885595,-10.34830642805574,-10.178835438196428,-10.565264488198586,-10.322395120672502,-10.531726713739433,-10.392709988589983,-10.480539704783316,10.05673533281249,9.71423966742233,11.723211004588851,10.942006343906291,9.078057417563938,8.45323150469872,9.193718130028854,3.011178531981969,3.329832283936087,2.593076607035953,2.7397823873258504,2.949585088496141,3.158225742102553,2.9494033769039527,1,6.51413283774908,0.7043779214734389,,,,,
sub-085,FTD,64,M,190,0.4069590840577188,0.3466251506785961,0.2926239989207502,0.462428615699986,0.5210753785727246,0.5075169735330574,0.5333595305834481,0.2330602514267382,0.1430602747961087,0.2795260721690768,0.2607366947439687,0.3126285709487184,0.3036560726030026,0.2872768521656699,0.0494787504223033,0.0437371385335521,0.0626789613844267,0.0431705812704097,0.0523981400982252,0.0580113293796514,0.0513954036529069,0.113853159228651,0.1546188775547729,0.1490125521595487,0.0900463951378962,0.0522090308435449,0.0585137764500462,0.0564020089318381,0.1966487548645888,0.31195855843697,0.2161584153661974,0.1436177131477398,0.0616888795367869,0.0723018480342422,0.0715662046661373,0.6567277635037714,0.5110518546226605,0.6611598299389595,0.7858396754946066,0.7777009438131977,0.7202617504890674,0.7519436170565592,0.5989297348714122,0.3881534044764708,0.4244657939710411,0.7483073441425265,0.902303180934526,0.8445274149673649,0.8864465659525574,0.8254511057769476,0.8886612437985616,0.8821175367281339,0.7797957280180833,0.7255922566210681,0.7603150055260659,0.7302095097251545,7.523426302989516,11.932207442488876,9.407093001923368,3.8618694297728746,2.9968396424958086,3.380186003514829,2.7899756217718386,36.48510581873925,41.0789130649427,39.257900440097856,35.81480155336476,27.60162339057461,30.91342069798525,29.625417789754227,-10.410323282260778,-10.176107542457176,-10.581988092708988,-10.352898016276423,-10.66389141825798,-10.707079483873958,-10.581753035351111,16.834996299612452,21.439133752157858,18.33393966753098,14.964021768547974,10.638719246425431,11.508464805735224,11.195792409368858,2.232678867089716,1.720854370263861,1.911622026430069,2.4332999526020185,3.0646277944331306,2.8564843049299538,2.962754939799314,0,,0.7951355994525375,,,,,
sub-087,FTD,73,M,286,0.5222200031677808,0.5374366395962492,0.4600830185509849,0.505428609626869,0.5555628661573909,0.5457357451907443,0.5045296376752681,0.1547461580732528,0.1810470981580516,0.1482452564450443,0.1207229754013328,0.1521985651132762,0.1443119750025743,0.1414196214907737,0.1669587028107953,0.1434906812576779,0.1486558827526972,0.2167099292234612,0.1516075450302042,0.2000752921794077,0.2181240936704105,0.1075702746176009,0.0925446663581407,0.1751027187460534,0.095583511089711,0.1047809267579142,0.087018786178343,0.1004921819980014,0.0485048613305701,0.0454809146298807,0.0679131235052201,0.0615549746586263,0.0358500969412141,0.0228582014489302,0.035434465165546,-0.0099249705330867,0.0928147627711192,0.0049100822766642,-0.1607639529537116,0.0152608977888854,-0.1278674539541425,-0.1469949609171684,0.407567075136614,0.4897558828733546,0.2773006338435833,0.3418293231989204,0.4465713788732016,0.3882749582680747,0.3216585387752541,0.7810848975599812,0.7730853827886612,0.8264520373556464,0.7794211611410778,0.7727793533128043,0.7568182787746744,0.7764054245074694,3.5940023056925785,3.163730572732883,4.38601424090772,4.524336698098944,2.9606349639757674,3.001317695991287,4.084333308202324,23.866382455662027,23.335472589128354,26.42948080776921,27.000339124965844,22.06922680673149,18.30773959515729,21.54021905273703,-10.471899713915588,-10.47636806245094,-10.774457254856728,-10.185118030601174,-10.63406695605981,-10.332736686042631,-10.402716963359962,10.453615955783444,10.112737453871558,11.865679239876826,11.516991385126536,9.503896317170067,8.826424385568842,9.882601264889812,2.574784453229809,2.740856049930096,2.175966755612342,2.5233147692749744,2.597106065883811,2.6612173601336684,2.52770772702069,1,10.561372243527524,0.9262732715366973,,,,,
sub-088,FTD,55,M,380,0.2525238499468477,0.3030914469577178,0.1930665936108659,0.2656628595907266,0.2012640467491302,0.2153348304215938,0.2394694871130633,0.1755692445474104,0.2172135863738711,0.1681336610991993,0.1283896325590914,0.1815479514958627,0.126358586881074,0.1440010715294811,0.3481193873510464,0.2806751307983097,0.3600570067892772,0.3299896760366739,0.4058755571230792,0.5158930240989734,0.4497082613524312,0.1481901569639774,0.1220217137431287,0.2118958768539724,0.1394371509178765,0.177091658167161,0.118374888689382,0.1366077280296192,0.0755973611907178,0.0769981221269722,0.0668468616466849,0.1365206808956312,0.034220786464767,0.0240386699089762,0.0302134519754049,-0.289660084982284,-0.1002193119908195,-0.3326140341538535,-0.3818951115773734,-0.3510168949049322,-0.6117665986209038,-0.5045408051600174,-0.0619167534824684,0.1176608920993961,-0.2016476062650384,-0.0764254007568067,-0.1840009991317549,-0.2686985708225336,-0.1864302699496781,0.8449378078692594,0.842706892626837,0.8755930520720202,0.8512539949172901,0.846778833613099,0.7913692322017749,0.8067313242320823,8.85554172093469,7.017014546274345,9.963764245844615,10.310607209672042,9.643000298826232,9.536734200568995,9.24347100286444,26.07043402756014,27.652161968587134,26.798568169493347,29.194784417514956,22.045560609358876,19.23079436845814,20.494049496231565,-10.321725643812409,-10.265140981643798,-10.559105330467434,-10.230890595530887,-10.452666115729096,-10.148961820107996,-10.252968026100278,12.972487579641712,12.604357866304516,13.61684258976611,14.999372520894882,11.87663108316199,10.884423923348548,11.180349403450483,1.9827263423627235,2.187885192983233,1.7811988086124175,1.947792761015572,1.8239422988442644,1.87500489378839,1.942785583492086,1,9.836163992750809,1.2894660307962162,,,,,
