participant_id,group,age,sex,n_epochs,rel_delta__global,rel_delta__frontal,rel_delta__central,rel_delta__temporal,rel_delta__parietal,rel_delta__occipital,rel_delta__posterior,rel_theta__global,rel_theta__frontal,rel_theta__central,rel_theta__temporal,rel_theta__parietal,rel_theta__occipital,rel_theta__posterior,rel_alpha__global,rel_alpha__frontal,rel_alpha__central,rel_alpha__temporal,rel_alpha__parietal,rel_alpha__occipital,rel_alpha__posterior,rel_beta__global,rel_beta__frontal,rel_beta__central,rel_beta__temporal,rel_beta__parietal,rel_beta__occipital,rel_beta__posterior,rel_gamma__global,rel_gamma__frontal,rel_gamma__central,rel_gamma__temporal,rel_gamma__parietal,rel_gamma__occipital,rel_gamma__posterior,logTAR__global,logTAR__frontal,logTAR__central,logTAR__temporal,logTAR__parietal,logTAR__occipital,logTAR__posterior,logSlowFast__global,logSlowFast__frontal,logSlowFast__central,logSlowFast__temporal,logSlowFast__parietal,logSlowFast__occipital,logSlowFast__posterior,entropy__global,entropy__frontal,entropy__central,entropy__temporal,entropy__parietal,entropy__occipital,entropy__posterior,SEF50__global,SEF50__frontal,SEF50__central,SEF50__temporal,SEF50__parietal,SEF50__occipital,SEF50__posterior,SEF95__global,SEF95__frontal,SEF95__central,SEF95__temporal,SEF95__parietal,SEF95__occipital,SEF95__posterior,hjorth_logActivity__global,hjorth_logActivity__frontal,hjorth_logActivity__central,hjorth_logActivity__temporal,hjorth_logActivity__parietal,hjorth_logActivity__occipital,hjorth_logActivity__posterior,hjorth_mobility__global,hjorth_mobility__frontal,hjorth_mobility__central,hjorth_mobility__temporal,hjorth_mobility__parietal,hjorth_mobility__occipital,hjorth_mobility__posterior,hjorth_complexity__global,hjorth_complexity__frontal,hjorth_complexity__central,hjorth_complexity__temporal,hjorth_complexity__parietal,hjorth_complexity__occipital,hjorth_complexity__posterior,alpha_present,alpha_iaf,alpha_height
sub-001,AD,57,F,272,0.5090977131903441,0.5940904372552528,0.40237910554744466,0.4584146899574568,0.4778984423186399,0.5198660432008452,0.4880005645699854,0.2513696299704889,0.20880924649160443,0.2680906909983763,0.23104157067580355,0.34841107147803635,0.2703433369328027,0.2913691556949466,0.07488029907836638,0.06134601867478817,0.08257478625055026,0.08995860678361885,0.0750103124291495,0.0803569142959347,0.08271798036218328,0.06856556439068325,0.05494631655664898,0.09775839254205115,0.09183113212766472,0.045762011602968666,0.060117883290360316,0.06211798316834408,0.09608679337011719,0.08080798102170582,0.14919702466157692,0.1287540004554557,0.0529181621712057,0.06931582228005771,0.07579431620454077,0.5258190611994235,0.5358324158655291,0.513127389680505,0.4112400200397714,0.6668365742444506,0.5274416398981956,0.542848793064927,0.7419557971918533,0.8600392529937742,0.5764577874202766,0.5801774152645033,0.8409468596106487,0.7519808867690039,0.7405535018102037,0.7809598027715245,0.726963614117153,0.8529648229150958,0.8289305388200318,0.7707548385760763,0.7813049070426252,0.7895167449237454,3.5699281435389176,2.4618133387223717,4.90625435183314,4.24486494100508,3.944005256680679,3.5328513833105295,3.885615255421128,29.991331338948157,28.080096617619063,34.33022027540965,35.31962389505743,24.311200989317268,28.035929871135515,28.087958943524033,-10.558377459378177,-10.364364008837436,-10.85949548500375,-10.633251369691148,-10.6602568270065,-10.48318062576396,-10.58166811633235,12.077445451684234,11.031245478644603,14.692458593816935,14.290614632379198,9.718552559627422,10.928626620819177,11.176212361394738,2.7215252277216915,3.041491721128056,2.138051280269916,2.326528033687537,2.9974002860764197,2.8530352225133004,2.7886076384535157,1,6.407560864833607,0.30931952185486367
sub-002,AD,78,F,373,0.17781752064309922,0.21444685600423138,0.19997711272198804,0.16747849955968241,0.12167708606597465,0.12126415279332409,0.1250579170799728,0.19377641792740033,0.1745663174029622,0.19145212651993845,0.2235012373941829,0.2096354561710991,0.1812600105750134,0.20243865260396526,0.47988245825484677,0.4587559135544628,0.37947013180173955,0.474987689278556,0.5425622900566075,0.6202136446357915,0.5705290021294483,0.10774102793483267,0.101222422623367,0.16806114570408728,0.09686086521648533,0.10569178845807148,0.06491015452291704,0.08522953716683775,0.040782575239820866,0.05100849041497641,0.06103948325224708,0.037171708551092836,0.02043337924824729,0.012352037472953579,0.016744891019775648,-0.3905702143984927,-0.41940469205966197,-0.296519652733998,-0.32123325007993697,-0.41402242255562255,-0.5342210014825592,-0.4509352954792317,-0.20120308465159825,-0.1626817194991443,-0.14591051467596383,-0.16528802020097821,-0.29161853389126025,-0.3551736726903859,-0.3021924324476646,0.7545908133795236,0.7549250432207046,0.8440774588565652,0.7627551474672212,0.7210960822232865,0.6531044692787875,0.6952124689747257,8.231521514081027,8.132430164359281,8.395328221877188,8.219218053282578,8.288699874083152,8.271470558006602,8.274401084732613,22.654457676931127,24.463636756481833,26.816398016742493,21.830373727354644,19.60145769108895,16.30708826670284,17.937662307864606,-10.400270696380389,-10.329742898090629,-10.716512648223317,-10.35698692579736,-10.433447473265431,-10.20955743846864,-10.313601873809985,11.271903296359628,11.613282936842797,12.81729985859493,11.044086977274508,10.421920176229676,9.489587029680738,9.964288402335796,2.017812523568498,2.1759104903530524,1.9621232086834757,2.0243124381497863,1.8493432681933466,1.7877076660502418,1.84047176443616,1,8.476659265858144,1.8059399749233815
sub-003,AD,70,M,138,0.36456255795518944,0.48473510401992304,0.2384519729420814,0.25500880574128143,0.2473994920996531,0.5279766274594044,0.32300114473589847,0.24047241730207233,0.22536564345361496,0.29038034826580555,0.24580253264823598,0.27669506554900475,0.1534900262633475,0.22492804826078958,0.32729325736191717,0.2030886516807656,0.40840297454267693,0.4415389094121773,0.42690549105152736,0.2624351468398727,0.40282425739227756,0.04100411849338388,0.04634443813637539,0.03998662390552956,0.03838035374804395,0.035515754561970814,0.0373193170124945,0.03476071616362219,0.026667648887436845,0.04046616270932067,0.02277808034390628,0.019269398450261117,0.013484196737843639,0.018778882424880558,0.014485833447412033,-0.11687337565151397,0.0405337605724076,-0.14770986338490685,-0.250489317650268,-0.19830184113008278,-0.23216903861978883,-0.25467798527877056,0.22985992425579044,0.4552121619669348,0.07525945818398398,0.01848255004600493,0.0552815979829882,0.3576500292032687,0.10315383624232134,0.7478852856954975,0.760096778903913,0.7605669373248508,0.7424293271728917,0.74146078659597,0.7066712477165162,0.7215789808891071,5.614506803504244,3.78568198401843,7.2900825550293185,7.60221169924009,7.375928762882213,2.884487313878336,6.257769715652125,16.29308354694775,20.374635732225585,15.102349004638947,14.219794705204935,12.651869210073718,13.40215190073521,12.64749559878922,-10.423738230620526,-10.543243855217048,-10.41694272488637,-10.327302806714945,-10.284358894662036,-10.417601654882814,-10.274455076986552,8.866664800805667,9.205730472707716,9.065119653617133,9.022955240273266,8.486905982426054,7.639310018565519,8.282268584441052,2.553013107631371,2.909800260863198,2.2636691923285768,2.2688147948698476,2.125085730430747,2.9485616355981548,2.352828097555554,1,8.822015117631683,1.5424472507058766
sub-004,AD,67,F,310,0.5431612799381259,0.5016942863290701,0.5072374555358279,0.4984983836482881,0.6126401500806591,0.727288981539143,0.62698312872325,0.23215230089135633,0.20792714417792993,0.2601779260652431,0.27595732741574497,0.2516674913929233,0.15801907282639083,0.23093526521759866,0.05239002114929065,0.05487885949520894,0.05556979126349762,0.05233102077056981,0.05296779620305331,0.038160769944063935,0.04860348912054362,0.07056096170484188,0.09129506509451346,0.08190007498593217,0.06882035495043186,0.03973272058431753,0.03070650510896248,0.03993171437274044,0.10173543631638532,0.14420464490327767,0.09511475214949955,0.10439291321496519,0.04299184173904646,0.045824670581439464,0.053546402565867034,0.6452943160369728,0.5833098057948151,0.6693833474568637,0.7250202096691403,0.6783516822747154,0.6170687181337405,0.6710777284545885,0.8190873044559006,0.6938412069412623,0.7485426308839004,0.829238620365631,0.974988738117944,1.1091108738026083,0.9936401274627433,0.7679518142271702,0.8054470986678485,0.7795635455841823,0.7820803971297922,0.717974752861562,0.666009147892445,0.714374271790201,3.8567740208955854,5.194112225581713,3.928579748056043,3.8110355045030477,2.313679601496317,1.474500375637436,2.251739306637463,30.15224074159194,35.74581198303675,29.542446227940427,31.939873988290252,21.033149206176656,21.592803976738722,24.1011037329452,-10.437873039298827,-10.33009625606456,-10.618027848906795,-10.428090478511933,-10.61584888809898,-10.297460914580357,-10.505662934525741,12.55195516432637,14.915686732247082,12.45230752159663,12.93733918713034,9.127125993903668,8.794841850724593,9.727254965266818,2.7864587754264885,2.39785640537529,2.6340218684944783,2.670736483629147,3.3903757598434736,3.7007915379729055,3.3222822935334615,1,6.697574007123212,0.5588388926368388
sub-005,AD,70,M,309,0.5228974657430827,0.6257716296753886,0.4258450942668149,0.4085381425315882,0.5350103384826833,0.5189657865080013,0.49274957450115525,0.18581173966629255,0.14995092613838074,0.2215520607661424,0.24945183511446245,0.1813760841619199,0.13708739772442835,0.18090306242182705,0.1254298567123484,0.0852388483425507,0.1427846457280552,0.1477901529334432,0.150895203490467,0.15714758987371258,0.16157553870263022,0.10184450600150344,0.07342481922736123,0.1459856987902187,0.10980744003130471,0.09746998850115597,0.12573752871884694,0.11338220090340964,0.06401643187677297,0.0656137766163187,0.06383250044876874,0.08441242938920142,0.03524838536377368,0.06106169717501119,0.05138962347097802,0.19110679958746246,0.2744999992623787,0.18808168686479618,0.23791278311669395,0.09252027751124742,-0.04196391413488525,0.05169972787453227,0.5271031823613831,0.7285192817057379,0.35204573832211333,0.414694350733977,0.4758130703297773,0.38648583201726716,0.4030247049734003,0.744300423665556,0.6829165212392748,0.8086990460487575,0.807644903011282,0.7388519920439162,0.7440298373237475,0.7616703997120727,3.442894531982795,1.9413657413296928,4.801775709615103,5.157124195956777,3.0531741563868295,3.81604476826618,3.961724884255233,24.988526577139435,23.237628483204535,27.082940473932087,29.502442687806234,20.465217981856696,25.73217973231311,24.192355478772203,-10.569712442421713,-10.415578400882655,-10.818975798461056,-10.528602083997944,-10.767665051247844,-10.520578357357735,-10.640795747555304,10.81590858370067,9.936522636724062,11.70481187157072,12.548698199894396,9.446122446633986,11.149504439526323,10.658617074383699,2.8127633245490316,3.2254989112152175,2.3683552509099903,2.439159799928202,2.8524927544210343,2.7224137861096027,2.6912459849646484,1,7.913617227250114,0.4482759204571334
sub-006,AD,61,F,289,0.20087952737624826,0.21812215378312122,0.24398596389774518,0.2509763596211134,0.08579662343143139,0.14830137159744217,0.13746016911922274,0.044263216851895194,0.048428554664823695,0.04942025086718712,0.05681520789331801,0.021042523541949045,0.03167604136578116,0.03385790568026452,0.571742181061229,0.5488678147645945,0.45784552477127977,0.44039882049695467,0.8120926968028453,0.7248083950504984,0.7045323652477695,0.11252138497046897,0.09578602915963648,0.18222296042207486,0.15120635553900458,0.06303341356996761,0.06340478309465483,0.08674856872525241,0.07059368974015852,0.08879544762782417,0.0665253000417132,0.10060325644960928,0.018034742653806293,0.031809408891623495,0.03740099122749064,-1.1225160657090856,-1.0582590051937508,-0.963444654631631,-0.8809005562414165,-1.5927144463501106,-1.3639563421027394,-1.3515872905466908,-0.47213907884103523,-0.3907713357345285,-0.34690480184007794,-0.2855849171483205,-0.9147805771340458,-0.6539236711611589,-0.6964598433398173,0.7652990993813573,0.7780888947568748,0.8128363725817419,0.8361940406399678,0.63692045500935,0.700006989807258,0.7075623639489692,10.762295599706114,10.8249908439894,10.735188278617075,10.532388020979509,11.034971818486284,10.634324055631119,10.70798534354937,26.699418373364505,29.44031730346145,26.98331036838117,32.14796745412359,16.8156983863758,20.608915944465096,21.416262831143253,-10.233957340574003,-10.197390764687993,-10.45079609268322,-10.353094427066125,-10.049051577618092,-10.07576669946085,-10.136139650664381,13.633341141205323,14.29445020802772,13.518177925128512,14.820561337651124,11.771841818745516,11.910012822240263,12.384368008296319,1.8003756310123715,1.8848811251987116,1.7925594333207577,1.9123712219318922,1.470500773124991,1.7871518028896287,1.6875023899360613,1,11.304541104734502,1.9116053272967513
sub-007,AD,79,F,358,0.5524437340074091,0.6076121444552285,0.4751821779491481,0.5258457305810478,0.5338850516185846,0.5562806619633931,0.5232559338378858,0.2588102120692433,0.2282281203928215,0.2664822363922859,0.2740837565014542,0.29139239343642276,0.2749191355369647,0.28865844199346935,0.07875639532143526,0.058613482597900536,0.10615645972120558,0.08592626752697347,0.08858755404496571,0.07907001075777934,0.08804277472817446,0.05249495606098888,0.04650033187472454,0.07818518573500542,0.052591049081725516,0.0473337124440012,0.04249047558589757,0.04907922829535157,0.057494702540923336,0.05904592067932525,0.07399394020235489,0.06155319630879885,0.03880128845602554,0.04723971615596485,0.05096362114511832,0.5251257710161145,0.5857708004008823,0.4031913290111305,0.5082710453608764,0.5180976506474719,0.5400214630403417,0.5177961833968544,0.8056734487607362,0.9104450160451598,0.6093486833708738,0.7683444049435794,0.7878391466766818,0.8348696521104424,0.7771259484107164,0.7589357934921399,0.7316170656981799,0.8079432465737031,0.7713030088431136,0.7592185412178655,0.75588160885812,0.7690783151511911,3.259309499047485,2.616692734708384,4.093740046171103,3.6152904466651536,3.46248311434907,3.2401000353611975,3.575457976748556,24.66549621649349,24.818198876771003,28.30343950766591,26.066552942688965,20.039122199686762,22.8115695415827,23.288312714937373,-10.385730792286585,-10.290338248851668,-10.5202365750861,-10.387139620036587,-10.445143694848314,-10.425909010766915,-10.428088849027665,10.00926296873377,9.869895024240167,11.319732272397488,10.436016930065996,8.848890500326982,9.418397598911518,9.712755752866128,3.053588328705892,3.2073723902363347,2.5990559371813657,2.991785246632282,3.155033615056539,3.1685809352573817,3.0552674898182275,1,6.708802310941418,0.3572776251530456
sub-008,AD,62,M,191,0.8315695992602671,0.8330749694999193,0.7403294504229546,0.8694216733118592,0.8424222807258697,0.8711778563758639,0.861029572249243,0.07689309260280643,0.07432108962061508,0.10607292143456097,0.06905573737472435,0.06977858189026148,0.06847183631782568,0.06900956739683481,0.03425502401248402,0.03004593946725396,0.05776368579408917,0.022762167074854997,0.03483511804893829,0.03583940006895821,0.03225952440338381,0.03583318185702503,0.03159536539387974,0.07377407998383943,0.022843673207019972,0.03801590119066033,0.016459130587369142,0.026566751948640378,0.0214491022674173,0.030962636018331213,0.022059862364555927,0.015916749031541232,0.014948118144270725,0.00805177664998267,0.011134584001897983,0.37969853593096464,0.4169173314344289,0.2675253047119823,0.48161248067724205,0.3359297585540588,0.27951787507011666,0.3492210659464912,1.1483027900134184,1.179856361668198,0.8133942851720178,1.3183004204406634,1.1107281886442524,1.2565946876830503,1.2169178744360545,0.5917415617267039,0.6038374080575909,0.656615466361731,0.5505456695371213,0.5867416011077663,0.5419869679236303,0.5598684457715176,1.2874520168777506,1.3674944203519883,1.4150777236439807,1.1357839422277483,1.2834780658187477,1.1251621204570819,1.192277929574122,13.92492029680381,16.313757303616242,18.802160712988456,9.647575875440882,13.009526750200346,8.175909311314376,10.051761259467082,-9.988937301327649,-9.81656246031873,-10.254051340929045,-9.987055359761964,-10.19542330435245,-9.888613064050958,-10.035712135999514,6.502529541948038,7.271085188306792,7.6653012144096975,5.634642024753563,5.978699494871749,4.589947376003279,5.195901793636845,4.482427450935414,4.279306559977014,3.3587959110446555,5.215107546144747,4.314495656486732,5.665335380380315,5.081562792435885,1,8.482889146082982,0.456492504536131
sub-009,AD,77,F,289,0.21765982032721792,0.3080304753912605,0.17886138825180511,0.17854660393310495,0.14480990015108852,0.1470614887686084,0.1552328572783396,0.16620672907507636,0.18470380629902436,0.18925093387204114,0.16013725533843318,0.13419993522123483,0.1270497898498598,0.14119016773864845,0.4147074541698892,0.3383533277266645,0.3797495890169565,0.3943382292081732,0.5467949923398386,0.5769908371190826,0.5317339144045584,0.13443163912626463,0.11067345633822886,0.18565382282718504,0.14955415329248395,0.1347196025291377,0.11007502989626117,0.12562902157697667,0.06699435730155182,0.0582389342448218,0.0664842660320122,0.11742375822780454,0.039475569758700396,0.038822854366188125,0.0462140390014769,-0.40291369040225183,-0.2902909973482503,-0.31270112823575485,-0.3778276023841487,-0.6190253032525391,-0.6584167161017782,-0.5815778147380379,-0.16532734101445268,0.041062230852746,-0.1978793299438768,-0.21045347860968697,-0.39087440566732917,-0.4102899869857286,-0.3521716576726282,0.8345512363725355,0.8183620922799743,0.8684919690024032,0.8725328599220643,0.8146109500668272,0.7942493241112016,0.8184484534468649,9.057939514686307,6.9577402738976675,9.132947826732142,11.228299112193053,10.09206541349071,10.404216346157686,10.078246140036985,26.281097727513952,26.241719727764252,27.645621980476662,29.84930126301022,22.808995188806716,22.443881084262188,24.137544008187824,-10.3403035761125,-10.21895201188173,-10.545483724467028,-10.331617424531718,-10.443851571149343,-10.31931413899471,-10.374399939565219,13.076005787745757,12.073203022701225,13.520440898862793,15.343160501782686,12.45674924051062,12.313738191504907,12.668129187020615,1.9755284860607378,2.172885998342262,1.8598118559757582,1.8731100710228379,1.8425639012086996,1.86263584555673,1.8920748574280517,1,11.13515730522471,1.3133736280449035
sub-010,AD,69,M,632,0.34762212758710104,0.46553226803423564,0.33445922142654533,0.22707517064148458,0.323260984747542,0.23231662341353534,0.25917942607105576,0.07452605451770562,0.07578539870219222,0.08602347769699341,0.07353784759681016,0.07200472418762037,0.05863062443998971,0.0648571712467466,0.2818964646385869,0.2084229702974953,0.2035321268597765,0.3676942296643819,0.29338067951833385,0.46777834912941285,0.39768136446277375,0.18623654085045882,0.14582221904487905,0.20395891492858934,0.20555243226930683,0.22427681775549724,0.20541090785753865,0.21246824993003943,0.1097188124061476,0.10443714392119795,0.17202625908809557,0.12614031982801624,0.0870767937910067,0.035863495159523195,0.06581378828938432,-0.5604541343702555,-0.44455126816747537,-0.3742058853416354,-0.6919410151857435,-0.6144559236850194,-0.901510094019794,-0.7809890827709839,-0.05263692670517037,0.18618324858579666,-0.016486958679876845,-0.282449738898134,-0.1318212140065041,-0.36433043692356737,-0.28699246639758297,0.8350238233217393,0.7898172509999641,0.8764093795272164,0.8777751696248032,0.8542226216169987,0.8168676020907193,0.840124786070574,8.228821074900283,4.639746385735137,10.767602062508743,10.681047621090016,9.06344766239261,10.826018031947655,10.014560893337906,31.066997456624605,32.714313864479884,31.138234616033056,33.837902594502154,29.286215575074134,22.323896836589046,26.983921547111926,-10.730037427842637,-10.709646819339682,-10.846717707137488,-10.606760834884383,-10.876633823284694,-10.65304273141414,-10.736631885483604,14.819596483581234,13.95807420819699,16.604690864438595,16.414312018525543,14.391309044031004,12.610282965576781,13.827781648067475,1.9949409426354952,2.2278013383133586,1.8973722152834955,1.8237999734887298,1.928397933489083,1.7683791008041223,1.864654786034119,1,10.96029297715036,1.079019921079011
sub-011,AD,71,M,279,0.2624818852117345,0.34169501117814577,0.19748376787360364,0.23361541465104596,0.21330401368575522,0.2142328687468375,0.21141168979822814,0.29260846054645456,0.2487501892554189,0.3303074890370692,0.3839829567655396,0.2459404082049924,0.27681695340318013,0.30057045510362823,0.2961546438373003,0.2263654976945233,0.2951123902935015,0.2505096543110019,0.44450298253982307,0.4107475066515304,0.3877004684679895,0.08558756285994404,0.09135103267026835,0.10415747831520472,0.07495549557459766,0.07259697300739391,0.07831056469043574,0.07341765481745861,0.06316744754456662,0.09183826920164352,0.07293887448062102,0.056936478697814576,0.023655622562035034,0.019892106508017336,0.026899731812695567,0.003268827908272909,0.04123560280850629,0.04917341031329762,0.1881195913361733,-0.2613820406259163,-0.17119698190459798,-0.1144597187037735,0.17001090460066773,0.2717663360501838,0.12060038304525174,0.27934431512047675,-0.051529102783002406,0.0016258668963722751,0.04804192446899801,0.7993574629037442,0.8048733661883477,0.8322211966681369,0.7989066758913099,0.7692303936761755,0.7768483786272642,0.7758044810219028,7.1654381282718616,6.4268213978649005,7.6210661815714005,7.089530860812265,8.105721938687926,7.808543424042028,7.7335163489163845,25.70552892702838,29.825018886426523,28.729060929454647,25.71468121281776,18.478500944954437,17.574253467027653,18.994436841993394,-10.316244238341175,-10.351805473508035,-10.658198147284823,-10.03567352945772,-10.409878999406523,-10.09953832801058,-10.210813118873393,11.78000474327944,12.77194245573892,12.798805954016153,11.635922943137238,9.969909301702382,9.783327696216187,10.098661594004223,2.277638827823933,2.3784654400057472,2.178294939448039,2.389867031218125,2.1349305294910135,2.06336755846242,2.189788658045211,1,10.197014262383005,1.1707330293748566
sub-012,AD,63,M,316,0.5744576880318054,0.5719520786070554,0.6021420456574139,0.5112592268642849,0.6378620254258368,0.5729912008240108,0.5603058364039492,0.07622093967688674,0.08275674932988723,0.061844224692481235,0.08950086862948599,0.05487260439440611,0.08037332338651579,0.0763656020865889,0.19050279433073955,0.15986109517868125,0.16582449598579657,0.2519622884411465,0.1635557776509536,0.25226772567922295,0.23122414110226144,0.12004441397982946,0.13342940084839094,0.13713381296951996,0.10201771891103839,0.12282832926268122,0.07944037866863286,0.10968068331147558,0.03877416398073899,0.05200067603598527,0.033055420694788666,0.04525989715404407,0.020881263266122024,0.01492737144161779,0.022423737095724882,-0.3927494758304381,-0.2895545910201242,-0.4203936881266954,-0.43870256594463275,-0.47520374074660704,-0.496877676619508,-0.4753208189697945,0.3344870413437412,0.3651674555643254,0.3525388298154682,0.24833299631460592,0.3863210081774082,0.29458504867187557,0.27824189009393796,0.6340203714405993,0.6580923346524381,0.6068100689404636,0.6571109667501461,0.5558300303517333,0.6616882749635722,0.632831706848585,1.7872714964297596,2.0764094048388655,0.873044018850219,2.9911112553316044,0.6748013648606621,1.4076557129171592,2.0608176091833843,21.869369766682762,24.286023777590252,21.003172080905625,22.69914714234468,18.88152725121773,17.532586279045965,19.097398061102318,-10.343507749704566,-10.301021858375108,-10.50557350498431,-10.302898976847638,-10.391170933341101,-10.25883250669709,-10.377183686761343,9.349074076102523,10.237291190729724,8.978471142510484,9.970106333825104,7.874640587438383,7.765804292846426,8.42978355948759,2.772938170255151,2.7405089571171466,2.7898484381215565,2.763568897890171,2.8863888689615194,2.7096375111089697,2.703329894854341,1,8.478528488331047,1.058143895322905
sub-013,AD,64,F,361,0.5057511256305838,0.5361820869061568,0.5108590896958946,0.4481829853834825,0.5276520722514377,0.4738656756310347,0.5001179560201493,0.25567519755288864,0.25618870011256106,0.24280789471573985,0.2593859978893935,0.28149781911872723,0.22702335982799116,0.26738610150145803,0.11413090502862573,0.07822909395827839,0.13015403399565115,0.1160272177380882,0.1102303971771819,0.21781068668254397,0.1496730598134661,0.06490342881516638,0.06004806187853923,0.06852004790168338,0.08356400912990276,0.05239687377771205,0.05791095639029448,0.05421727847698122,0.05953934297273533,0.06935205714446431,0.047658933691030976,0.0928397898591331,0.028222837674941232,0.023389321468136045,0.028605604187945482,0.3806675998033122,0.5180227098728217,0.2689689824479221,0.3679766247709305,0.41779667285345884,0.03716098108265706,0.28181701304920076,0.6479978256836951,0.7667271552935426,0.5869575707062374,0.5546311809658707,0.7106372642120792,0.41677968615848815,0.5980900752633701,0.7760645088829858,0.7671557611864162,0.7764172544622768,0.8128164710282239,0.7537873958415083,0.7666277527237836,0.7600700879704203,3.6535974631529657,3.274137554986351,3.6241423709074154,4.318257396745573,3.4361604368357668,4.022725452395023,3.71368889945675,24.38008273742462,28.340442030261734,23.10095597295673,28.388122240212592,16.894609628140678,15.64964601754651,17.12268556713265,-10.495976368645497,-10.362643696264495,-10.802333808396055,-10.435812532262958,-10.672557234685998,-10.358560936057486,-10.513151982070623,10.511044321097792,11.126602156984363,9.916612732198791,12.397968087531329,8.371050345645466,8.684382709154697,8.643977765290954,2.843499248550137,2.8663373269580577,2.8735499847264117,2.5697102356882247,3.1842631314858765,2.754922071178217,3.0160874360319707,1,11.35805907900599,0.7706912565606192
sub-014,AD,77,M,363,0.6300268325438401,0.664954483427474,0.5667095464716247,0.5607101603547022,0.6938498743121578,0.6456547652852442,0.6490529173555059,0.1588820261386529,0.14444636268955738,0.18549491095835738,0.15675270769568345,0.17461387350501767,0.15014838681732195,0.16466282388672257,0.05629499489236133,0.04601159487010696,0.07150622234933462,0.06585811231947893,0.052421451430370004,0.056154134123543434,0.057109178621251803,0.07254551751045347,0.06790570108614595,0.09203078582916269,0.09261388045914147,0.04432509966587397,0.06175087338695927,0.058673444531776635,0.08225062891469202,0.07668185792671534,0.08425853439152008,0.12406513917099403,0.034789701086580735,0.08629184038693133,0.07050163560474326,0.44892076543157744,0.485691623929554,0.39807348695508366,0.37715619759493446,0.5240225784749889,0.4273700945115703,0.46193782768368213,0.8045435527834557,0.8752421982217172,0.6647813137782516,0.6585676524778095,0.9564959777997072,0.8307648153442633,0.8536773731566666,0.743615145002543,0.7212556493444744,0.7696503933931446,0.7980428677545719,0.6958666977498232,0.745587732594903,0.7361293999916757,2.270861114025333,1.9994803709028761,2.6678321394581137,2.8604798164900136,1.861913366373529,2.059421393353107,2.1464395894255848,28.2806173035805,26.21229587620263,30.235657468588403,35.696997770026854,18.866603123294485,31.87544238942754,27.065245554076164,-10.359140252015903,-10.124461012368078,-10.852136092079688,-10.382951011357118,-10.497028895518719,-10.186569346750947,-10.364237029047931,11.262090141954184,10.70501026683851,11.7809186436531,13.984940686277533,8.174297801212646,11.619614374776273,10.55543856585903,2.968361111783467,3.1634929968151617,2.6866403182630783,2.401135380238342,3.6375319906448222,2.8386758492513344,3.092600240652478,0,,0.0571570638796306
sub-015,AD,61,M,420,0.234511615415374,0.30600095225727053,0.258136412331845,0.15685221942267658,0.19170919813290835,0.16838415900312287,0.16314864604869453,0.13491224455271209,0.13767222369357365,0.14182434887367282,0.15038940039042417,0.11758045556216452,0.10992753288865234,0.11746653776045358,0.4759286971525998,0.3725579106945487,0.45116136955022995,0.5279390493643702,0.5738659622629796,0.6239508390702232,0.6153317028024994,0.09236725330097073,0.09765547326964506,0.09803005592553438,0.0969111252550618,0.08319411708103117,0.07003623989549226,0.07342438693619134,0.06228018957834336,0.08611344008496194,0.05084781331871813,0.0679082055674672,0.03365026696091623,0.02770122914250915,0.030628726452161144,-0.5358116266752799,-0.4272462752544072,-0.5003621081593821,-0.5270569542937195,-0.6905756117602598,-0.754328001557832,-0.719733123616806,-0.1915695177699061,-0.026356360457368173,-0.1387473824351465,-0.31226069317005334,-0.332079976895181,-0.39690073187772135,-0.3943321537474524,0.7909281235214429,0.8044457452836412,0.7969988113407541,0.7850276298603729,0.7785097152754427,0.7649390153159237,0.7571214071962962,8.476358661418532,7.721617749974749,8.503844077440144,8.795621596748264,9.32180695426637,9.170025417508125,9.154749368662737,24.5352944762028,27.09016150909388,24.733866870719833,25.055808337057737,21.21047154374281,19.241607946288596,20.026484282029976,-10.533893171966115,-10.497222900505633,-10.782375965105315,-10.450932747427336,-10.597265980597202,-10.360376568499937,-10.444943467472473,12.113433355980758,12.676766623423859,11.503602046989725,12.774763994402814,11.304257349465715,10.947616616344922,11.100830296878657,2.1044636372788084,2.2430356982488715,2.1548582076175715,2.015897479414269,1.9534470781245148,1.9475267228359634,1.9688203078966342,1,8.99883637068135,1.4992068650856467
sub-016,AD,68,F,377,0.627975316517556,0.6272361343350885,0.5931263845821302,0.6130063400904049,0.6947319762856057,0.6126388152615581,0.6479809868290183,0.2190864579212722,0.2405640621847799,0.24671314995264657,0.1981440168351359,0.1616794403345323,0.23047021350431632,0.1954133111542365,0.06030945021383385,0.04901306143996026,0.0642979172315267,0.07364467721165249,0.056508245028208344,0.07289546417865309,0.0678236433581931,0.04749138297371455,0.037436635322438926,0.05235616296029452,0.05956151360088187,0.04812575689659817,0.05029400763464925,0.0504322166968099,0.045137392373623325,0.045750106717732254,0.043506385273401886,0.05564345226192481,0.03895458145505549,0.033701499420823025,0.038349841961741994,0.5309060945680664,0.6066420278855224,0.5754515775204063,0.4345771112982517,0.4567052177201954,0.502971385339896,0.463069430995223,0.9099968286755553,1.0160059169186788,0.8659657189610878,0.7895669727300236,0.9155686883313985,0.8375136068036226,0.8597036112360021,0.6967620409662872,0.6739075294955315,0.7007997342404085,0.7237582628660897,0.6911939794632791,0.7250559396576579,0.7066443462176571,2.315827815059542,2.5249179753874422,2.386103021783356,2.2071533416797355,1.8650416930020821,2.3721275736719756,2.061608682692262,21.588267905340246,21.419388038887295,21.455534996549574,24.944369316940854,19.957067490662606,18.113044599926827,19.813554122417795,-10.69637065898948,-10.476207674845083,-10.915484653712708,-10.727612014691205,-10.929269262846,-10.726439494221792,-10.831163891982623,8.628902926046374,8.560579090160276,8.548736823168827,9.519448522899086,8.007972825067382,8.138589463727087,8.213994761756753,3.421962074489775,3.5385008988233886,3.355925741927637,3.1886515374552094,3.5648517928863206,3.365417184639646,3.4389061016775386,1,7.465817233741953,0.31766159833661867
sub-017,AD,61,F,289,0.6254202893860349,0.669948568235024,0.553829650661799,0.6398661073715763,0.6025673755316755,0.582345006311384,0.6035731500131878,0.2268059082507774,0.22119155373459923,0.24380025018347448,0.22277034522077657,0.22959469116671852,0.22485258784444556,0.23053317042370275,0.08225008922383932,0.05900551315568899,0.08090652755800504,0.06788724066225585,0.11261185916404205,0.14880449017397968,0.11510041737126787,0.04078314818382757,0.02898433585815117,0.08324037927581367,0.03601039569719457,0.038892194408891016,0.030775080321386636,0.03430145370848879,0.024740564955520385,0.02087002901653625,0.03822319232090746,0.03346591104819623,0.016333879728672496,0.013222835348804356,0.016491808483352514,0.46191813312784713,0.5568178951342873,0.4842762283089719,0.5361831728192586,0.3081923469121152,0.1782904232743941,0.3140846337855093,0.8699126347232028,1.0206858284708773,0.7068360462012171,0.9296036617027071,0.7456930905205209,0.6537686017343327,0.757918010214125,0.7009769691190333,0.6672752656713924,0.7530883151315709,0.7012391879408774,0.714998310242346,0.7192094628383133,0.710577967221114,2.3163589884099864,2.113988654984159,2.866762118748119,2.0366952114768067,2.4374340112025155,2.576765479570752,2.376043574645842,15.112113348114704,12.613734864813775,21.495065093311194,17.299700859784586,13.594980541844881,12.182534607938225,12.951647458834445,-10.213799366331296,-10.051818080075334,-10.414290077304178,-10.171653257673952,-10.4150568684197,-10.26240376594993,-10.318693074459855,7.570472031796588,6.897951156775124,9.219502381793594,8.11981407573003,7.1503356734043395,6.982270019097681,7.107630992348519,3.5987220348332105,4.0379252170647035,2.976285863021312,3.642127123234088,3.3606935561695095,3.2653976959346287,3.4507270697453114,1,10.193824509723154,0.6079627041933495
sub-018,AD,73,F,395,0.2984808958892748,0.32259065328774483,0.20995750613750166,0.2892935343650883,0.3366238339646568,0.3080421455575889,0.30573418921160694,0.3170924730065419,0.2830533962023594,0.27192394164663525,0.388325098904902,0.3246032005188575,0.35025069579584744,0.36263067652038,0.20063203531378743,0.19289209241365526,0.22759916412781545,0.1848527561919851,0.20033250014414236,0.21927900324128047,0.20448875759225874,0.12863068717127904,0.1310600322135283,0.238203424945146,0.08064192127976026,0.10873808065920472,0.08158531441375558,0.09088343191354051,0.055163908619116776,0.07040382588271199,0.05231596314290163,0.056886689258265045,0.029702384713138408,0.04084284099152724,0.036262944762213825,0.206444104015049,0.1699551714543588,0.08734034239607295,0.35763332548976856,0.20978414504535114,0.2054225059110367,0.25461886676727824,0.2842310475883691,0.27922784061462197,0.015069480341076252,0.43066484810318806,0.3319085182897469,0.3411008157857185,0.36095888082395255,0.8395034125018267,0.8508161464233507,0.8840035396215749,0.8124188924768182,0.8195072135822876,0.8173219915261958,0.8137255316855658,6.459653674251268,6.182745234713015,8.0770844853814,6.340009510327313,5.897939359446141,6.084546795995552,6.079446638941654,25.119007211099785,27.443437883152985,25.00614718150997,25.463828620031713,21.085310148665357,22.5136926790861,21.906949222820483,-10.118513258419307,-10.098281540615389,-10.191279199811788,-10.047035126099281,-10.169174998782468,-10.147139012739615,-10.126888487225784,11.61209210780136,12.37058266245433,12.84446388064295,11.258172516854383,9.8759300695602,10.42089974650925,10.19364739209098,2.2616012587270915,2.2161857230558804,1.8406392949826198,2.527408031567062,2.271079375764814,2.506167857956516,2.4161711823724525,1,8.002804853897365,0.6791516469063072
sub-019,AD,62,F,405,0.41074686862102866,0.47064268919913504,0.35696768099562276,0.3455596745740887,0.4220501299982095,0.39519977406387363,0.4149249542210506,0.06013221724245202,0.05700266056874274,0.06201243451845872,0.05749657184238033,0.06349057107531071,0.06849909973727983,0.06614419716663193,0.20322982189670502,0.13739868501934976,0.16929287804850743,0.1938938696406077,0.28877551987047795,0.37489757429128034,0.3006483031589016,0.15356203511543068,0.1392765803520793,0.17257212999310967,0.20178647146555556,0.13456525893698965,0.10709227603805374,0.13285430501300424,0.17232905712438365,0.19567938486069306,0.23915487644430192,0.20126341247736773,0.09111852011901182,0.05431127586951294,0.08542824044041168,-0.5093238484813893,-0.39309586212159936,-0.4395776020810031,-0.5413200599426529,-0.6555426524402109,-0.737420541480474,-0.6511639392630438,0.10594711697030786,0.2551364558748571,0.0756415758964889,-0.036477885859856195,0.06034618697902409,-0.017505856937632312,0.04658147829570136,0.8260985369108431,0.8074274672045753,0.8841190178584654,0.8671407719147952,0.7955800975032435,0.7681097485648432,0.7948550347062658,8.646939367736252,7.9036279002683045,9.932635884245935,10.978975064474405,6.950106192616243,7.201163098313267,6.99530736517129,33.96193662149531,34.85210202768293,37.81755567422424,36.68477209114609,30.23857035111459,25.202307587014758,29.668868478635464,-10.685751859853957,-10.558653213752422,-10.948487139902603,-10.637157076414335,-10.88252722486528,-10.538520720498624,-10.739881447737034,16.176582940498683,16.532037807510537,18.836040519892993,18.05377492564761,13.253852369105052,11.573016423658313,13.1054771052877,2.040654854909831,2.1584084963187253,1.7968924567640736,1.8620923971904604,2.140687901997786,2.201236052004144,2.141174061849493,1,10.464492531184067,1.0195590612677297
sub-020,AD,71,M,379,0.6106588036988725,0.6919590666277056,0.5822867583093547,0.49277118124970354,0.667444544605882,0.5192625850700568,0.5666669059725983,0.15016320405512734,0.11189021482077315,0.14908155063506598,0.1971134768986455,0.15515289945063826,0.18435605772515642,0.17587765130917118,0.09800257939009438,0.06956802063355211,0.08453419245926828,0.12855199806202566,0.08966804055427585,0.16912908634409685,0.13398457610233136,0.06809029023783719,0.05606365955013643,0.08171112865281911,0.08813587033644381,0.04878802736757634,0.07861447413049502,0.0712413838941262,0.07308512261806852,0.07051903836783271,0.10238636994349172,0.09342747345318128,0.038946488021627375,0.04863779673019515,0.05222948272177285,0.20609608250538716,0.22185121721463266,0.2521411399297164,0.20516129582307024,0.23697391372157295,0.03743835142688939,0.13674768568477463,0.6840856887830332,0.8245908344867774,0.6438733129962761,0.5151176423581985,0.775508055136043,0.4534387858202196,0.5776870961291412,0.673529109716477,0.6242000079104552,0.6756661557992892,0.7701102268930342,0.6116886896184621,0.7425737927072424,0.6978478371114945,1.629706516321741,0.9540086949636347,1.09431452812687,3.182677947119044,0.8510494652174968,2.859779588429178,2.238884567204201,26.677996446936017,26.41612379457705,30.317135214979483,32.580877538710894,18.215363458695386,23.02402987693838,22.985674696957044,-10.543946323389003,-10.327543355178014,-10.800354387546756,-10.55155398994412,-10.767641197380675,-10.565986971793102,-10.671219538104697,10.583273336598843,10.114082143753008,11.87297604583731,12.586110719790256,8.118410253131705,9.982508306519442,9.713154668225053,3.046745836157111,3.24467208403784,2.702806122414849,2.5682327802062157,3.669988449873726,2.8920757305148195,3.145299870376488,1,11.735415792322678,0.4538316876273889
sub-021,AD,79,M,408,0.3489769845313595,0.4302426281329318,0.2994685021058035,0.2842960257556546,0.34215716174063565,0.27840160730168517,0.28014463148629215,0.12598017404290152,0.12812260703237408,0.12882183578868314,0.12644283024144215,0.12578906978022833,0.1135805099580035,0.12132681464868475,0.15751137605839705,0.12036635084906987,0.1596529503511069,0.2140247118169498,0.1764773449592075,0.1428309779836559,0.1809917291493855,0.153047564544717,0.12773060201944983,0.18195269464778643,0.15255412095000412,0.18077103672464975,0.15770091714807438,0.17436253859857306,0.21448390082262497,0.19353781196617414,0.2301040171066198,0.22268231123594953,0.17480538679527868,0.30748598760858104,0.24317428611706463,-0.09259762948423653,0.013381720813494024,-0.0990067640785089,-0.22796898832720605,-0.1471167465302664,-0.10139026037990102,-0.16868198761221773,0.1859765662608161,0.35776269986376125,0.09739061145879417,0.03901118527535402,0.11626761852531924,0.1160982144277106,0.04960602069717636,0.882621338675699,0.8390898841549321,0.9170519493350521,0.9072536489163828,0.8900329537078379,0.9229534704797792,0.9165472735349521,7.775952007050699,5.739101522376052,9.128852294378754,9.185753316092214,7.737028683120602,10.114360640231991,9.364859417564906,37.456213081249054,36.73473581498887,37.2636766502084,38.45255760855645,35.928735281328585,40.568715804986496,38.4663212127475,-10.547931812865643,-10.341667760436277,-10.83806714681323,-10.50387444593349,-10.843971696839878,-10.47870790335,-10.653947575974096,17.605499030224813,16.500052740578948,18.300785512447884,18.319891887913087,16.344744265971425,20.89397775165427,18.85565882827441,1.875348005751224,2.0526115118017643,1.7145501134104852,1.8042361905866133,1.8838059161865182,1.6256593377617237,1.7311669961370215,1,8.645644269786048,0.4596954765731329
sub-022,AD,68,F,259,0.5576509145374619,0.5897610237024258,0.4582318214607854,0.5850310733864059,0.555969268415793,0.5421563235597172,0.5368926009086454,0.18937182088284799,0.14614118338276003,0.22563814380237443,0.1875455094995479,0.23804016090694394,0.21692968048432226,0.2268412237467028,0.11355086949789636,0.07676766814435267,0.13827569658058478,0.1336590464500219,0.11430123103601664,0.1638629373998351,0.150840863795287,0.07344970151627471,0.08317965153892741,0.10772570480693465,0.05219120868024536,0.05947037741783032,0.05146684332072576,0.05528984058831981,0.06597669356551895,0.10415047323153402,0.07012863334932008,0.04157316198377854,0.032218962223415734,0.02558421523540024,0.030135470961044797,0.25103305618481536,0.30171798235128133,0.21986862376986485,0.19810889660189362,0.3190691405923561,0.12417665577914265,0.19406064328957848,0.6185448774719231,0.6771841548032206,0.4476596261973706,0.6475735801982472,0.6608644112457311,0.5480985776108498,0.576740586030138,0.7477255223839039,0.7525862886120482,0.8071585313908778,0.7143083494718087,0.737695269485994,0.7234430522459937,0.736089993013039,2.7427969345328393,2.3593213314746815,4.1528698605406165,2.4424286931876487,2.6934862270398585,2.644554700154583,2.907012486981595,25.64013067441188,31.538407967997156,28.352519537328472,22.02941292322586,19.55846559960244,17.271509967074707,18.88760851622422,-10.24619330575547,-10.265660909313073,-10.248829191193513,-10.105668918036468,-10.39691880390948,-10.229063393353782,-10.271328002332979,10.625230482121065,12.654613057291574,11.680404169815004,9.15386393681834,8.544780527094895,8.003038960628093,8.452744556639468,2.8419724117000063,2.655887943730389,2.4194459530574,3.1533221233155175,3.103724607698815,3.1117300203283405,3.0661759919701423,1,9.010181898011215,0.7145094114516386
sub-023,AD,60,M,327,0.2699977546525416,0.34139962251566863,0.19017645377762818,0.189061446982823,0.23681116144696754,0.3514756735917657,0.2531063104068324,0.2512394682127162,0.24192042142689676,0.2901386622013933,0.2186370872019483,0.3032508003660477,0.2126951047716068,0.259589351659553,0.23524291527293606,0.16625131091877401,0.24114015711512016,0.2767152498558056,0.28174500480341,0.31516986428777705,0.324837784381785,0.13755972683849746,0.13273167594398197,0.18851502609163964,0.1402292910948365,0.13011711871397239,0.08384973976369792,0.11172238177476278,0.10596013502330862,0.1176969691946786,0.0900297008142184,0.17535692486458682,0.04807591466960224,0.03680961758515209,0.050744171777066714,0.03565821016641501,0.1394300211351481,0.06483032236202711,-0.05869714603885821,0.02732580333995309,-0.1700919738673297,-0.09920905224926178,0.1504988286017274,0.29669405297788326,0.04452211830645875,-0.0014465875622516524,0.11782761815370435,0.15067825672807755,0.06919904628528388,0.857676555267074,0.8479211680078492,0.8829596563832104,0.8999329626388968,0.8443135200413819,0.789427497095049,0.8296644752677752,7.3244986067103754,5.830669322917778,8.125309984103147,9.941014272610953,7.343759732975207,6.089761012696917,7.317593142764642,30.581322158644387,33.34682735541654,31.088039636160584,35.37270232313501,24.05929472803363,20.342258570602453,24.583375419355953,-10.484597865190755,-10.409401211790666,-10.727902199514974,-10.417791546268766,-10.611152286273011,-10.326610656825348,-10.477051077642187,13.97097023617883,14.345814700944983,13.916955176787377,17.02831732849206,11.624142338618993,10.145584860297758,11.583751124395958,2.1729703677633414,2.238092288164471,2.03893107950552,1.9175550851841126,2.252323873263921,2.537902885653708,2.3130359612162996,1,9.183143028092354,0.9228875366189957
sub-024,AD,69,F,347,0.4424884387841216,0.4825952663305434,0.366126528384354,0.39022582618050417,0.47082051189862667,0.47868452350677404,0.43357535073564196,0.3595998543808861,0.343656372228158,0.3847651980664491,0.40349116758680725,0.3502973240076932,0.30382519553503706,0.3602439959979259,0.1180065823535708,0.10340667515182973,0.13749864679837598,0.12313423526471386,0.12007486205520564,0.12651043551771843,0.12736332406527495,0.057998324798623754,0.04887218148070681,0.09109339585989568,0.05824037819354201,0.046725479408282235,0.05672238111510093,0.05518571382086958,0.021906799682797712,0.02146950480876217,0.020516230890925007,0.024908392774432686,0.012081822630192326,0.03425746432536929,0.023631615380287612,0.48638473923348186,0.523197417420455,0.44409667196259656,0.5188377102932974,0.4691458531204676,0.3819248535352938,0.45104301352167103,0.6703808878994086,0.7477108858604173,0.5187670578172325,0.645535579798032,0.7001416152126877,0.6321961653919782,0.6441356275232021,0.7652117457441471,0.7474422109711841,0.7980114708367464,0.7751426455201311,0.752010654093309,0.7781453677349066,0.7713398017210994,4.331929318619207,3.713578579216789,5.211679081096914,5.0785097782299955,4.118644301182587,4.003298869744468,4.52954817996619,16.243657136878028,15.652784992858146,17.75537420480531,16.753593827419447,13.615935478981605,18.96584314481847,16.53796675035603,-10.26950770773126,-10.135579575710768,-10.53352396615256,-10.231351234670159,-10.343480039044975,-10.307586231322649,-10.319312346685303,8.270005553900862,7.897098967275228,8.854788957351676,8.728318107333306,7.278429340895993,9.268742714556772,8.45993307713442,2.8978910241413036,3.106544994510354,2.4980299445562433,2.8395108207412516,2.8238605286161174,2.995199897315101,2.8383645636430925,1,7.351200127392294,0.7026520393750353
sub-025,AD,79,F,271,0.1896005227901466,0.2417961496337618,0.16093128049214325,0.19458047320885272,0.1436060926849568,0.10895143660487108,0.13029190284420025,0.055990160760515946,0.045475175369895725,0.08806598504682821,0.06408518731041675,0.04918938263908032,0.038689987280570194,0.0527813822191988,0.5352991828550028,0.4844682966654475,0.5109972896800812,0.4092621536787172,0.6747422405592288,0.7925695960770613,0.7032176646031748,0.10553133303004676,0.09293452522665961,0.14588057356644135,0.1337587440315975,0.09743216864074662,0.04479022411815854,0.07845848143708169,0.11357880056428774,0.13532585310423526,0.09412487121450604,0.19831344177041577,0.03503011547598723,0.014998755919338804,0.035250568896344245,-0.9604563648997563,-1.0125826142207401,-0.7628073198547186,-0.7089355435331561,-1.1377359238286602,-1.3116103641837142,-1.136056706707254,-0.41479314945529455,-0.29822780799548504,-0.42050879426349047,-0.30389485466155586,-0.6026310644402285,-0.7542380944624107,-0.6336943582658715,0.7288770259811076,0.7292317602513488,0.7905756533279545,0.8023173011260021,0.6739405736876979,0.5706116431653182,0.6498773777053399,9.928547327847458,10.238277303273993,9.085801302011271,11.062456383285838,9.129776345922275,9.038949814619862,9.07611059768349,27.525953216566702,28.895683797782713,30.704777716736544,33.76463040870491,21.022699543650067,15.24118555715442,20.696733761002577,-10.320339344920924,-10.194535491997996,-10.804311433035608,-10.237118443361148,-10.527811659842355,-9.889928028716543,-10.228501110605297,14.165703225386117,14.471518683007252,14.348508830750772,17.57534261151869,11.50998488620629,9.985439452169775,11.371825699353385,1.9603631399139276,2.0606862117255282,1.956902063559924,1.8228496399098597,1.9838101989579797,1.8542804145463874,1.9768602030315836,1,9.346624875594099,2.0861952305672595
sub-026,AD,61,F,144,0.4681519886053544,0.5440972622254712,0.33261833361182785,0.447822031090921,0.4691935696212071,0.4447415569303224,0.44580544711011727,0.2738137733976216,0.2527547204585781,0.2728948135054487,0.2796819942817017,0.3254864372209382,0.2596534610193978,0.3048058319522063,0.10281211692045154,0.0714793601369735,0.1583598429130634,0.10541945281456105,0.11777774944048607,0.10149205610543609,0.11073029609435946,0.0756319220727869,0.06017589330817825,0.12445034403597954,0.0776728071552162,0.0547239547298738,0.08378057065363932,0.06856565487566212,0.07959019900378568,0.0714927638707989,0.11167666593368074,0.0894037146576005,0.03281828898749472,0.11033235529120367,0.07009276996765489,0.4412517948932017,0.5475233609572328,0.24118723306402798,0.4206058850737509,0.44138890922686747,0.41048430455125723,0.43851609429140886,0.6395435534669954,0.7985652370582448,0.3337327445666445,0.6006478583455722,0.6638097857995114,0.5830759159922211,0.6230033998923102,0.7942548379288455,0.7515924011655872,0.8672151345632257,0.8134745042595495,0.7775343800728164,0.8207742757713163,0.8029189721314113,3.9758300985908446,2.9822788930394175,5.781233632703565,4.207804522078124,4.025720694394328,4.20636927617198,4.2402026710212235,28.993570380849945,28.04649658866921,32.62649822722148,32.95893871438412,18.533137912195738,34.61884891983817,27.12941566492358,-10.365608637054775,-10.146294327209135,-10.691050665392112,-10.434685061706098,-10.590364769436363,-10.169758631133492,-10.41498820054434,11.95334822360495,11.25515700706947,14.495385486575012,12.729677951617775,9.055390510025552,13.378238701367476,11.288929683266499,2.683398487414529,2.9077340052269016,2.159380134871783,2.5277375266658657,3.0452558975596413,2.452787510165006,2.7292043486147057,1,6.1363889062762125,0.32558154002592055
sub-027,AD,67,F,138,0.5248486613361291,0.5260091421061973,0.5019327413898803,0.4840517460457652,0.5806000377254033,0.5531276245570798,0.553399301875658,0.31472406557590754,0.3455881790260032,0.2788008554545019,0.26004330195433506,0.3351586114232558,0.3392941921548032,0.32982359550760415,0.046697383441686356,0.039957694668134404,0.048163691851409916,0.051481733692062215,0.04157348167495569,0.06620398368387719,0.05244643719707787,0.0495371341182027,0.03912477736396901,0.08166717238936472,0.07274761417633749,0.024752682937439416,0.028541042006152935,0.0326934412293784,0.06419275552807452,0.049320206835696045,0.08943553891484268,0.1316756041315005,0.017915186238946428,0.012833157598087034,0.03163722419028208,0.8273541812807199,0.9293512211433643,0.7604223873244497,0.6929715139192127,0.9117863072406096,0.7128793784790501,0.809103526366571,0.9627539735131225,1.0611810914564788,0.779780370943782,0.7827664463036719,1.1464347723956005,0.9771733206605705,1.029193555326125,0.7479716801164071,0.7282749337191996,0.7952087111208089,0.8049078548783817,0.7001789819070995,0.7038714437900435,0.7188614905695422,3.591773050456827,3.465108317470284,3.822311443404196,4.061461814892785,3.200947934605207,3.336152171394194,3.3802452495541075,22.708281046560828,22.294431697935426,30.06238931016136,31.89630068218603,11.484476908442433,11.585258307276112,15.827093457238792,-9.977190083524567,-9.825811282247113,-10.123502631735361,-10.034470093571201,-10.104383903805202,-9.982196315165258,-10.068232397839777,9.897553077986023,9.141150797603068,12.065848600188607,13.748137466706908,6.683260502761176,6.412787861417972,7.821647723810672,3.183636330072475,3.3436556412678606,2.587109320724254,2.5867456433569833,3.870278185482878,3.682177845226338,3.5742717372906334,1,6.470031167551676,0.18117577963703724
sub-028,AD,49,M,383,0.4118702869673463,0.466648479357829,0.3422256614603636,0.3835920750103149,0.40160364232826024,0.3965699427338226,0.38135433873756913,0.3843125528252278,0.35283051256935616,0.4230119823127145,0.40974107640501284,0.40604947168451533,0.3529881240410475,0.3989639094626008,0.11132479892692952,0.09234848455964628,0.12749801654078513,0.11756455449475776,0.11814790957331796,0.13076789568639813,0.12474508052784625,0.0643490170345407,0.05732693006540442,0.08602339655731013,0.06154507796105426,0.05725320869087821,0.07266634280482996,0.06518960153063853,0.028143344245955618,0.03084559344776416,0.021240943128826673,0.027557216128859894,0.016945767723027985,0.04700769473390205,0.029747069741345094,0.5420786680084341,0.5823078529882143,0.5180671895532823,0.5444191732806443,0.5407779496344051,0.43456380527855426,0.5072693192589213,0.6661261597620864,0.7457505568348075,0.5603506706837961,0.6511901417960415,0.6705999254377878,0.5692653910435364,0.6191089015834531,0.7724185256077467,0.7562341922267655,0.7908041159168544,0.7764192659528848,0.7658458237024423,0.8033428791452008,0.7841298724840569,4.616552911125851,3.996496372921193,5.175075088142044,4.972858973449322,4.808875916036604,4.947870897304788,5.0228180206523785,18.15926121835649,18.31347149599815,17.46963651655443,17.70932449977867,15.42149647312238,23.660482854320556,18.849400915547566,-10.440846938717197,-10.301229384913848,-10.65492191798446,-10.415839531834568,-10.519051243173076,-10.541104265209453,-10.516065654271431,8.796665632194125,8.652511780594535,8.798837859802816,8.910684553431864,7.897984441041808,10.417929715632653,9.05848558428263,2.8693385800192197,3.06848640406064,2.5831628269065123,2.8679625126445565,2.770152900684637,2.7531154792945065,2.756175810701386,1,6.988335979940923,0.6392390695289993
sub-029,AD,53,F,125,0.5661514224030029,0.6654477109714069,0.44955820834809795,0.5103464183300236,0.5370570122326003,0.5487558568975084,0.5339108017512554,0.2850416919044985,0.21167132816729292,0.32068709632547815,0.35847992772225756,0.3306256850814335,0.2731173969523282,0.32418833521766655,0.06898881072213252,0.04912410888203065,0.10131149823534234,0.058916057431802615,0.07858764831227866,0.0957784860881149,0.07970755756787846,0.04747250057506271,0.03864506771179814,0.0895330389680866,0.03819740134861974,0.03708387727035308,0.04941084141690322,0.03927796461107165,0.03234557439530353,0.03511178426747175,0.038910158122995024,0.0340601951672965,0.016645777103334734,0.03293741864514475,0.022915340852127757,0.6285736536067212,0.6352365795648099,0.5149183640304301,0.7878119433155791,0.6299577799533783,0.45518357818014715,0.6140909504589053,0.8991563108696207,1.035880304959227,0.6237724190523779,0.9525036118146413,0.8818666553556395,0.752938050662793,0.8660889266244964,0.7014486333685224,0.6411232067273691,0.7793348119298703,0.7197836821071839,0.7152653662261829,0.7383631620067219,0.7215281092936606,2.8915083232978245,1.8100377269969816,4.323361414966998,3.446768462901475,3.149586223138954,3.0312386438780194,3.2127578164081707,17.64113894443862,17.10249656773672,21.84426144663357,18.16557436913014,13.137480193965393,18.928320785929607,14.924961367231655,-10.155488451342151,-9.942057524838683,-10.462673370223266,-10.178857778552409,-10.304622363536788,-10.171279793070134,-10.239057065352833,8.193477184198548,7.7749132822534985,9.509466566559858,8.500823098758284,7.138317215323712,8.65251489165703,7.682723376994937,3.4875535902300356,4.017058659254181,2.752618918867553,3.35765081015103,3.3415076561496027,3.2155623169679117,3.341959921507647,0,,0.6262254807711649
sub-030,AD,56,F,5,0.48287615303561865,0.4195024935041843,0.4576040025643482,0.6090292784346221,0.5218195765347966,0.4318708010557708,0.5109534000359026,0.26531232571867813,0.2608389715833455,0.34580474892616725,0.23449685954136046,0.2841577125662716,0.19359328246435406,0.24856858585962535,0.0882415053643046,0.06681796466188553,0.11670750304484868,0.08538103276458978,0.10059871221480708,0.10771003622563108,0.10102820250000855,0.07364416686442148,0.10539150379270959,0.050168106097833,0.03844162111154219,0.05128210729333021,0.10169075962769109,0.06327526417768728,0.08992584901697713,0.14744906645787512,0.029715639366802864,0.03265120814788541,0.04214189139079414,0.16513512062655356,0.07617454742677629,0.4731406626209125,0.5776094444106388,0.46284288501197235,0.4308892070318756,0.4408840771977251,0.2558343820831349,0.3801525454433701,0.6707483853823867,0.6029759618795667,0.6835402059554004,0.8359891787468049,0.7263008940072812,0.47495378711655817,0.6688173912241053,0.7586616199148402,0.8136551814788004,0.7338397250385763,0.6830531633432038,0.7197705602473269,0.8129704993999174,0.7419855294467949,4.421335074765341,6.076272779891895,4.413643022884226,2.2810153438648824,3.381489772414358,4.480998599971453,3.4618669928257466,26.977058575620138,34.008624152170775,18.80368585598363,18.573040162336582,22.08154077611377,38.77795166297436,26.318310558211014,-9.945493876103319,-9.883893953177326,-10.086374664188051,-9.80012065387527,-10.12648504486424,-9.96903211553192,-10.012995509957761,11.798007322070339,14.699289561125456,8.764753080963846,8.933204977810131,9.76602578731584,14.970977837689327,11.173743628428872,2.7122653534626195,2.38403730337487,2.880940264636344,3.1796868109691023,2.9788069054136703,2.2733959190696185,2.8077337030466807,1,7.800429080913911,0.8823963701541953
sub-031,AD,67,F,487,0.28749876030362437,0.37140728348401625,0.2354944673636208,0.23992447921282256,0.23984921536116585,0.23844824817754923,0.21686978242816596,0.1604455284963879,0.15985075709303054,0.15983443075971104,0.18026154422521912,0.16396525686303712,0.11853225100551755,0.14478430919536306,0.4210628141752273,0.3480582849331073,0.4198061146632699,0.4461542740930984,0.4714560933380325,0.5526908772106328,0.5321282059273452,0.08745145128177917,0.07709359060919745,0.11664169152934482,0.08328229987528152,0.09692203054619868,0.07405103718083265,0.08159606120408328,0.043541445742981445,0.04359008388064872,0.06822329568405294,0.050377402593578466,0.027807403891566117,0.01627758642546772,0.024621641245042587,-0.40833507322019313,-0.33038017847344514,-0.4134346758513907,-0.36938325464428984,-0.4584857909225053,-0.676205361485353,-0.5687392847644881,-0.054095778407180405,0.10090027422297665,-0.13169678901209328,-0.10050593725564459,-0.14921926491209156,-0.24467489925106567,-0.23206941278807025,0.7818409205077131,0.7714858355795297,0.8227530805969584,0.7776225794879715,0.808354888284503,0.7253812079967861,0.7590049798248408,7.537318026297334,6.1904990511227265,8.487072479084148,7.863950866643201,8.636921965446634,8.523881170812558,8.582701975013537,22.771378969954334,23.079714701483756,27.817250681854087,23.656219092082864,20.314805003984304,16.03857704644971,18.519671037765654,-10.622234165573792,-10.613095622052837,-10.85047357487089,-10.586019894136706,-10.701829453706784,-10.264895564626176,-10.490388251768719,11.040450425399177,10.6091343066767,12.688584477661053,11.538646990992866,10.73948535416902,9.532910238192866,10.33015162910325,2.231592359932271,2.4785252182431754,2.0574558974410326,2.2132386667870785,1.9812620788973003,2.0407348574238027,2.0439023664390947,1,8.828312401153106,1.5742851940459328
sub-032,AD,59,F,348,0.2986973411531798,0.3842040961279379,0.21881811035425117,0.26408815811053327,0.25227909351406824,0.2580882824838803,0.2504229829032691,0.33282649642962625,0.3187424748850595,0.33769295701000285,0.3668973539077065,0.3087305144654848,0.3428231389550962,0.3351034687439669,0.19850584179408223,0.14654944119368474,0.20938414517238937,0.21744347657777308,0.24850623056937904,0.25115993609768583,0.24511800913051668,0.12876393331810404,0.10088182474276015,0.19208210291660946,0.1131533548744661,0.1563146299116405,0.12126917093102078,0.13682611368883796,0.04120638730500761,0.049622163050557444,0.042022684546747104,0.03841765652952116,0.03416953153942767,0.0266594715323167,0.0325294255334095,0.231803806471741,0.32748946595548245,0.20860366513875728,0.23047334811745473,0.09553581615564556,0.13876711246083737,0.13750996411559444,0.2970025786374112,0.4622600637199688,0.14340062396923378,0.2825930184548086,0.14247475488281183,0.20961516884782969,0.18711550361166915,0.8239382134634435,0.7912539987361064,0.8605980094175248,0.8306769680232214,0.8501461941651822,0.8305537909058385,0.8402740546837251,6.1028103049912445,4.718003663935456,7.236990537842364,6.606203057122487,7.078779098046543,6.777624505564379,6.912643265989188,22.29560180435565,22.94834485589873,23.728863655088798,21.89577272017524,22.157561008744523,18.8678277096327,21.02832235620255,-10.380818100514437,-10.233653970610602,-10.588319854119382,-10.396919744800872,-10.549073761030895,-10.3000531454229,-10.420839260100886,10.687023355401395,10.377883329029663,11.569515473042053,10.648223493248302,10.931569859133907,10.156055239948909,10.638530915181116,2.293368817992722,2.535179968296778,1.962186060285897,2.33104745354876,2.0747290806510414,2.1964062633892047,2.157479289585114,1,7.043699411436261,0.6489769633733928
sub-033,AD,72,F,334,0.27875111481305126,0.33345410175507734,0.23031750391552377,0.20313200715200852,0.2643405157520202,0.3327951907758835,0.26453338220031425,0.11649201328929012,0.11931059791080004,0.12880754966591404,0.1173740761499991,0.09525539077696027,0.11824447059614646,0.10723084444903112,0.22750209094875784,0.14953063302577857,0.21636293561778933,0.35549532015141155,0.24650037037957917,0.23262704912409896,0.269931605738167,0.20027293974540086,0.1768705180882853,0.27343523355632676,0.18061436836926284,0.22888152138839782,0.16884224511669702,0.20143410375078327,0.1769818412035,0.22083414922005892,0.15107677724444632,0.14338422817731816,0.1650222017030427,0.1474910443871738,0.1568700638617045,-0.2771067208999373,-0.11748638530171832,-0.2405108033947929,-0.479908342098453,-0.4056295174775337,-0.29228433448799473,-0.39307448420464625,-0.033209988485399536,0.1348643700088752,-0.13610601589848392,-0.22411994527372459,-0.12480133902085748,0.05208073728410251,-0.10603174826173897,0.8936308870612752,0.8746549479013012,0.9285688980406785,0.9024303658275135,0.9031339629583192,0.8757860862740388,0.8974153924239233,9.625599212138695,8.846811153165108,10.727591816973339,10.145069259545803,10.257117266588168,8.712151334805878,9.884683491580407,33.88193010557982,33.28363731971411,33.79302365044143,35.25204622881539,33.64460865934663,33.725064461696064,34.09158029396451,-10.395940283835742,-10.28196754185022,-10.590759743729985,-10.324653520877117,-10.550870899202382,-10.412793293811015,-10.46888153396038,16.48637297417436,16.856367275873854,16.692468715423104,16.283295031991255,16.42044403315942,15.387298602241628,16.1772817115233,1.779596845953799,1.7773646244725982,1.6848670204359613,1.823342454203877,1.7364247655749354,1.906771263482896,1.7956887333408298,1,11.45606548702528,0.5999808832520106
sub-034,AD,75,F,399,0.4690634256092076,0.550892826739733,0.3711085711313098,0.3851390745170642,0.4892405165593717,0.46717586912825537,0.44690189283744924,0.2472636678997715,0.22805516993296088,0.23787847018849026,0.31887004210294534,0.2105705786716602,0.24039809278634974,0.24733908520402173,0.10432774704498171,0.07872472057226003,0.11649536936398978,0.11865085370708753,0.10587391491222686,0.1447214410959161,0.12826090139488183,0.12352131307322639,0.08822066611952648,0.19189020843915516,0.1162154653995485,0.15070991229614158,0.11834903087526583,0.13849824467823776,0.05582384637281289,0.05410661663551947,0.08262738087705461,0.06112456427335457,0.04360507756060017,0.029355566114213007,0.03899987588540976,0.39275430179252885,0.4883284381223479,0.3047806607807984,0.44376765257659695,0.30453874131544256,0.220501925303251,0.28720802064896833,0.5311634067913211,0.7212257647580609,0.3011103608597541,0.48724145482790193,0.4439294496436927,0.42971956245336296,0.4192742964132487,0.7942081930519457,0.7537204108573352,0.8523568712490276,0.82052885930362,0.7948267841962476,0.7951231942176572,0.8042456273190103,4.2967541351323835,3.268101202249428,5.771943739372944,5.495444079826056,3.742613072825637,4.118086697934665,4.451211250989173,24.953774134310244,24.306997512152293,28.727114588428066,26.091547843094595,23.83601579295664,20.958571725148033,22.842748976420555,-10.618089370903178,-10.48092049439838,-10.83586318744407,-10.612731077653667,-10.762135478481655,-10.566167138989936,-10.669659478669582,10.878402061378253,10.158685778717587,13.068908071495352,11.473384053111404,10.454983925358684,9.556813256077993,10.306972860675831,2.5947175308046924,3.009174884034526,2.1373627552686627,2.4018295359449082,2.4033119930827236,2.5030332541068425,2.4065892536630202,1,6.61858179073375,0.3591986356326693
sub-035,AD,57,F,343,0.6003326503912841,0.6493421364286308,0.5947100590319635,0.4950483935485406,0.5947976024760736,0.6561044218578544,0.591108420347498,0.1627401768662214,0.1538322122198783,0.1881537184616012,0.17593619019324452,0.17406031252736617,0.11242551058958904,0.1509735153129983,0.08113029455796379,0.08153837568307717,0.09782849816684584,0.07525576459569507,0.0849370242119658,0.060693670650278184,0.07557805433386817,0.07230936328856355,0.05857460453226845,0.06492550421114797,0.10693634053512979,0.06822738232689626,0.06832582450108822,0.07961353606261228,0.08348751489596727,0.05671267113614541,0.05438222012844136,0.1468233111273904,0.07797767845769821,0.10245057240118996,0.10272647394302321,0.30371032839776596,0.27248367884986174,0.30929126383332517,0.36490879165636425,0.31427295919482634,0.2663913259493045,0.2980441953401557,0.7044587973679451,0.768018339012656,0.6904160945911606,0.5682018838705865,0.703443513483809,0.7771012085975564,0.6850392317432495,0.736744225800183,0.7029686252028736,0.7330621324458649,0.8089403475590096,0.7410456217658995,0.709637630456015,0.7484629430618928,2.200598439708318,1.6591582252638197,2.1212326765016534,3.706507220772056,2.062972453537664,1.4093092522025694,2.1337191746690265,28.16332389179534,23.10044345462636,25.18052578728668,36.90337880156779,28.120823098533197,32.941243948998014,31.71605658679835,-10.511616294684146,-10.333514994861542,-10.634152514720506,-10.408222591026071,-10.860571422629834,-10.634521229406309,-10.727812431630799,11.384963613189663,9.661593442867247,9.979283938757144,15.115852630763596,11.199088885831598,12.342312776856113,12.511349651214994,2.8391174975737163,3.162082006372193,2.9465024468528083,2.2190429635873867,2.874250408648861,2.735113994220349,2.664690282037285,1,7.043508040364669,0.48682447814510077
sub-036,AD,58,F,357,0.2022545559655705,0.2665800751031905,0.14662529951428935,0.1787281133507337,0.15417581637435385,0.17973011827732083,0.15441081267729798,0.13008343889860333,0.13326826678463266,0.12259735893036135,0.14208270796368272,0.11511988752957747,0.12861245017324358,0.1257728282612722,0.3836549019530407,0.31953963523808143,0.40924122048016454,0.42682407367705777,0.43027711705596566,0.4134071915622908,0.428097769799903,0.2304932342127033,0.218209769753684,0.27201942192013673,0.19331665869526757,0.2653077472292286,0.2333274597682041,0.2417630069956171,0.053513868970082125,0.06240225312041124,0.04951669915504806,0.05904844631325794,0.035119431810874575,0.044922780218941055,0.04995558226590995,-0.4667925579074234,-0.38134538531987844,-0.5180639825775876,-0.47782382393257555,-0.5718417043781393,-0.5093142732022067,-0.5336244649079112,-0.2760204811935818,-0.13532181668346707,-0.4091301834703717,-0.29148423156638564,-0.4179850040349731,-0.32492696855610376,-0.3826050035531589,0.8581063410565122,0.8580382723189058,0.8619251854917902,0.8610045363494208,0.8510216122947633,0.8574470175420238,0.8591128888850755,9.819208937159447,9.024782760404142,10.762002026803351,9.453042282701475,10.91674921344633,10.27153381582279,10.439160756329906,24.853909493716714,26.178143692400607,23.85756241686808,25.824586758040244,22.19849694377898,23.75537470985556,24.562999023008867,-10.127200221510794,-10.16984845649283,-10.121541638642487,-10.066306818632766,-10.11016795631465,-10.13375447692642,-10.113362645968746,12.850626977826156,12.771722997099788,13.11938713949614,13.004831294813584,12.67283981174983,12.681922783003088,13.093710988333978,1.7876208836849756,1.9291944413789681,1.5705465167253507,1.861184659173029,1.5979652212729054,1.755080924837435,1.697282996183376,1,11.899313371990386,0.9538100968160865
sub-037,CN,57,M,350,0.4072709000105745,0.5607162236146394,0.33927731838547565,0.32798595825335275,0.2979481297572823,0.2947566787283773,0.2764095110090222,0.14835958569908195,0.11702621658499704,0.153153537615794,0.19424871978933958,0.16253073465807755,0.1378004581043022,0.17307264266943934,0.2991465262129497,0.15599268702589483,0.33773538344082077,0.34023369875841,0.4133301985897854,0.4888518238696607,0.4417816616670535,0.10298388432018973,0.1041824267949436,0.1384748156525362,0.09400275305692184,0.10575425906856613,0.05935928906400266,0.08733047045248622,0.04223910375720414,0.06208244597952507,0.03135894490537322,0.04352887014197594,0.02043667792628864,0.01923175023365684,0.021405714201998573,-0.2573094832930979,-0.09089102386300081,-0.34313780588076576,-0.23079538972010716,-0.40129832866142107,-0.5480765265104327,-0.4117059829710885,0.16243630747083385,0.4380797657422047,0.013678397801009675,0.08661811339730853,-0.0538253883666654,-0.1031500000709284,-0.07172161984948634,0.7267336277330183,0.7260094597336552,0.7583023879858101,0.7395129708251447,0.7153449698029432,0.6734393760624616,0.7036811793187876,5.6961318882349365,3.4071963362372384,7.4873193743749304,6.5359872439028415,6.5510126967772,8.05859316686768,7.3897048874220275,21.976163076374654,25.261994091200602,20.819885897011094,22.785596362372058,17.982645344191543,16.581580319809046,17.572906805968305,-10.427663478139296,-10.464786645838132,-10.447771323603652,-10.294486742730747,-10.624204092471716,-10.239113172315278,-10.418834320834293,10.42952048462164,10.966553656650248,10.374851078532757,10.813206412037257,9.560426636516484,9.168177408981368,9.571010064668641,2.4458379899685054,2.715064868936485,2.217841561364186,2.3899701628734533,2.212422062222833,2.307398102295666,2.247091713038337,1,8.519068225261533,1.60581584310464
sub-038,CN,62,M,388,0.41304659014091133,0.49203346117365776,0.32831423237482477,0.39055284937850365,0.44004777396984335,0.2681767839568461,0.36068140788831515,0.07772265595574962,0.08451627932866579,0.07934125962638683,0.07504969800780037,0.06054876679453264,0.08262381828231119,0.06875542687195924,0.2676423994277807,0.19167489992684827,0.23928645208930055,0.28740510660381247,0.28040552716999884,0.5173924627233739,0.37967503842225714,0.17710283951132685,0.1591871963115609,0.27188372470532834,0.17588379135415194,0.17503804672453463,0.10317154841404373,0.14960373085386758,0.06448551496423147,0.07258816325926734,0.0811743312041597,0.07110855465573149,0.04395988534109057,0.028635386623424807,0.04128439596360095,-0.5048046564422313,-0.35889023238050205,-0.484584058350401,-0.551594810017035,-0.6077826751554309,-0.7977887025766215,-0.7069084792169779,0.04922170545100663,0.22214819615799214,-0.10084456278416853,0.002536761026144309,0.05645738907464709,-0.2484052462564158,-0.08785802510771758,0.7749567528576483,0.7644054456323565,0.8432134311604574,0.7874252619502966,0.7339213529590939,0.7461173923544906,0.7447809700200144,6.170132125086406,3.789907274639591,9.006512084312801,6.190081153838701,6.745247987207978,9.34377731212371,7.619807945412605,26.215270347977693,27.63429035253916,26.828592414338402,27.516442964064357,23.74872165386846,21.426195041462,23.29893505651492,-10.534788674687485,-10.516791184015867,-10.61900662271151,-10.561725274649099,-10.560855899288905,-10.378478933176744,-10.477886744913752,12.305800797326683,12.35583100591506,13.849152360271326,12.748084233902825,11.161334787959342,10.647799863749087,11.19503631267193,2.1148869668812393,2.270880004812568,1.780466923145198,2.102248917239034,2.2053492755468636,1.9601240360116257,2.103377700624624,1,9.903560146679423,1.2599486913444071
sub-039,CN,70,M,370,0.2132634414617135,0.3528208073957324,0.1404611993152898,0.14992286073219266,0.12140635730450157,0.09848281160714262,0.10392988544036387,0.09232057256751262,0.0887587811752034,0.09520040726472233,0.10629150721051875,0.07829646759819305,0.09356137856274749,0.09049859084847356,0.4968250080215332,0.26467088707646474,0.619684577025925,0.5874733930226639,0.6660971931482239,0.6898700301303875,0.6826252375760706,0.1106244794526758,0.1416290080247368,0.10602117878893484,0.09253455056231336,0.08891663376859955,0.07775520675291274,0.08113741754287498,0.08696649849656507,0.15212051632786294,0.038632637605128174,0.06377768847231154,0.04528334818048166,0.04033057294680997,0.041808868592216934,-0.6969428843565563,-0.47834131741738556,-0.8165211087050466,-0.7307495567192029,-0.9284751347066588,-0.8677693118704697,-0.8806454419334634,-0.3143901035599027,0.028740016349301106,-0.49306577507483446,-0.43593879105647687,-0.5826910394709194,-0.6017832371100451,-0.596542022088211,0.7707186173313244,0.8326403008869759,0.7454740407339787,0.7487122929706753,0.7245209238762883,0.7051687786864145,0.7094042549163063,8.539605519731522,7.796558276637773,9.044830257324413,8.84542514488965,9.076894039591252,8.964861734064437,8.983977546852168,27.616584771458434,34.53661298091977,22.033925344947928,26.08787014238667,23.09646692173133,21.60808121084369,22.017090033729378,-10.256623224795439,-10.26330262708308,-10.171372564577643,-10.292235731703038,-10.341737746744217,-10.162224510377008,-10.240708681229572,13.334071469054223,15.603135404508135,11.475610620555978,12.655946813469056,11.908736983770014,11.674290006809537,11.73562923965766,1.9949080554195904,2.043780719734833,1.8866900632668209,2.05064992538097,1.900217378945813,2.016732993333301,1.9688658865208084,1,9.089751449106425,1.8044368408926825
sub-040,CN,61,M,369,0.3905117306958302,0.5146009642376149,0.3154991018091388,0.35752626221307016,0.2968734147946866,0.2751467674468556,0.2990434644670193,0.07458395391609318,0.06981650284457107,0.0761665907140548,0.08347483486679798,0.07106211972987689,0.07639706684739303,0.07550934357148807,0.39284438576293684,0.29888326584032104,0.371647835671284,0.38838763732345505,0.5246014524047852,0.5647810275457624,0.5286361277701782,0.08931169615776043,0.07111145773522472,0.13719655065830902,0.09880704769425053,0.08638999486967558,0.06657709774495976,0.07744260625953073,0.052748233467379356,0.04558780934226801,0.09948992114721371,0.07180421790242644,0.021073018200975523,0.017098040415029072,0.019368457931783555,-0.7032186906466729,-0.6209112533264335,-0.6948441204873727,-0.6465941011396292,-0.8690299394362923,-0.8683888823361191,-0.844474489843428,-0.011292362861993338,0.2095809575307701,-0.11596738803926154,-0.04007426373559257,-0.2203926936122116,-0.2561221485982372,-0.21171599815433786,0.7023842478565858,0.6588474393849177,0.7595007224424798,0.7496327304506235,0.6942737267632011,0.6867571820805851,0.690687589290614,6.474294732102632,3.430212458870119,8.431952185966686,7.541192123508453,8.816821739663844,8.544511213466887,8.377891472773507,23.17479250187431,22.118637480506102,30.43643925207881,25.897959014196353,18.603172864250837,17.38996138314738,18.035726218750906,-10.21320115646748,-10.168027159773962,-10.368054310610018,-10.275737700517869,-10.24030700889408,-9.973298546940297,-10.14003413090275,10.612563530472562,9.671626046767495,13.10791271614774,11.799539185404846,9.567204421091454,9.356908299134613,9.406418536494161,2.399993150793692,2.8684417378009615,2.1341996024436583,2.19890021812048,2.0444933008495245,2.0945490590559737,2.1101914378855775,1,8.98395130879623,1.5884426252875326
sub-041,CN,77,F,365,0.22752101647700948,0.30125830818992855,0.3032978538608724,0.12483233598453701,0.21621690112603453,0.07810877341740628,0.14138250952155923,0.04215187938832739,0.05044536457293902,0.048984806297007126,0.03527997668721192,0.03838775384713759,0.022265284593182704,0.03160320765310393,0.3207404041722711,0.27217740287125836,0.22781977093824904,0.38874970269939985,0.39340356046709474,0.3850785270803557,0.43314597680144384,0.22304445472827814,0.19491148721103238,0.24095233457947884,0.24420678358471362,0.2605407658903149,0.19607889680591106,0.23196595763983288,0.18654224523411383,0.18120743715484153,0.17894523432439305,0.2069312010441376,0.09145101866941786,0.31846851810314447,0.16190234838406006,-0.8780484480017068,-0.7272351368790877,-0.678012529663329,-1.0079036630787672,-1.0109697360818,-1.24685655216418,-1.1452460945795848,-0.34547566587316914,-0.12613259253625192,-0.13428329394919328,-0.6000476259345758,-0.43862953617023526,-0.7810902548699304,-0.6384349104902206,0.8712546433658531,0.8677380176584999,0.8752728702132071,0.8862472430489716,0.8382285730971226,0.8970893991074167,0.8493523430707937,11.473871315520432,10.211253946291569,10.453780895683039,13.253350433626196,11.101162843683609,14.42327220912125,11.997050078352236,35.93031601826696,36.569199796172704,36.283066061355065,37.1587229072142,29.00373773568353,41.09815137694534,33.65990452984767,-10.518262217899675,-10.52122747455341,-10.759512805180286,-10.467040650643531,-10.592303585944121,-10.137389021136318,-10.394968246315356,18.146398094237856,17.53035130679737,17.573840343763088,19.45420549203741,15.295218248891073,22.822553448412805,17.795706947938278,1.675630084077261,1.7643839765421476,1.739992251836344,1.5740026824313995,1.681528040651126,1.4628560772424604,1.6114640565139096,1,10.716112520529013,1.4288620809461712
sub-042,CN,74,M,387,0.27492352316282975,0.34773946046314946,0.24950723556576906,0.235059358833223,0.23042165434155717,0.20467330589842442,0.19427117192930704,0.07256381940294047,0.07188292276354973,0.09131334647578122,0.0670404305004996,0.06533751854119636,0.06870889612904488,0.0643262241163309,0.44284135486559933,0.3911222694763542,0.42396321646760393,0.4755195302800811,0.46066277480934126,0.5600868805803749,0.5346083461904335,0.16200542290750322,0.13103804426149723,0.18398533937126552,0.17506512252575307,0.21029275597679212,0.13887097463244766,0.17598039167426552,0.04766587966112716,0.05821730303544954,0.051230862119580244,0.04731555786044337,0.033285296331113,0.027659942759708032,0.030813866089663047,-0.7780328734112167,-0.7296533093149026,-0.6682073999177921,-0.8303478590640143,-0.8430092922271949,-0.9100049584588903,-0.9155004552401323,-0.25441101030550506,-0.09756159164634484,-0.2544704275883591,-0.3627446563886937,-0.37225041663354647,-0.40986844802984546,-0.4555472782383267,0.7977553217028687,0.7886719582147933,0.8319472504368103,0.7964032337683753,0.80828063137228,0.7651754121750896,0.7834055261716274,8.645555718294466,7.588250456375337,9.42474043153589,8.65556159104306,9.818711578515208,9.397601529320962,9.600493141688117,24.323977429576136,26.037096512880535,24.84320050333697,24.535767272610773,22.001267862381734,20.609710692091802,21.336425085436492,-10.36173591113364,-10.38358860649015,-10.581362275902901,-10.224788252680662,-10.447906349651626,-10.100451589360935,-10.25581964998332,12.113324052512874,12.043831537168074,12.459157668961026,12.410765123176752,12.098822278682468,11.264667950965304,11.838688538574283,1.9928687890014558,2.203597466883451,1.9084940961669117,1.9419255116397458,1.7684442316583235,1.82040384640441,1.7786004961719288,1,9.516996037051966,1.4950746391312801
sub-043,CN,72,M,392,0.5627567528672147,0.5572614622518088,0.6313698316442138,0.428683571351589,0.6444756545740623,0.6246386623266172,0.622257112812185,0.07572106126174913,0.08294556312300272,0.08434797244857921,0.057516444000491315,0.07782465648353075,0.07074877965695965,0.07278738210937531,0.15128117780600556,0.15229078400679802,0.10617083810671167,0.17156412479068328,0.13509401284125525,0.19912791912994265,0.1811698967770343,0.11930750760030061,0.11795228795011627,0.1180450000761683,0.15995514539727698,0.1010042311281057,0.07210417677648384,0.08623005202864195,0.09093350046472976,0.08954990266827412,0.060066357724326676,0.1822807144599594,0.04160144497304558,0.033380462109995984,0.03755555627276291,-0.27966709701140297,-0.24841035639107925,-0.09626893767692224,-0.4610984807455413,-0.1888812334203722,-0.43747895610252685,-0.36127631753147027,0.3792747325025631,0.3870991949669983,0.5079532245755629,0.13573198561641642,0.5188174605851552,0.4366427774159455,0.44788765179403606,0.7364619072196291,0.7547927978982346,0.7181070401464655,0.7920414061823913,0.6875094696356979,0.6621057489046283,0.6708118472023413,3.913560657840848,3.1174000564018947,1.6138060947439323,9.419310752162275,1.935821913530967,2.1048625353445205,2.484208475088969,26.581441522975553,29.012746420014626,25.98255244398261,29.982659927941892,22.16520171909701,18.79213089771336,20.268974749578206,-10.648820704932755,-10.735597404890687,-10.74671472419117,-10.494220567697703,-10.697225706535681,-10.434853998258106,-10.556439163059707,11.888985884530742,12.303190534116164,10.616092073407739,15.610740246763159,9.412430329210366,8.619934936181988,9.018724498125312,2.6497031399249606,2.5282027511398484,2.681936521940038,2.3535699875624707,2.957508898620759,3.1571620943315155,3.070727663004001,1,9.10361618814704,0.785251279561221
sub-044,CN,64,F,412,0.25781847472929575,0.29911823573818425,0.3205392515762515,0.21884368414275363,0.22270855910675857,0.14980260053464212,0.1789649872322796,0.0719903835411152,0.0818805746475165,0.08418942815996905,0.07081601794794692,0.06341767181629841,0.03428394651399168,0.0519379088158225,0.5307243467121254,0.5013080642934342,0.4252389535656092,0.5526500829335159,0.541235178683647,0.7322917044972561,0.6323084848216124,0.11200798134684903,0.08956970069070287,0.13528106489747957,0.12286301703768766,0.15354514467768343,0.07161652193948591,0.11830015360532865,0.027458813670614722,0.028123424630162548,0.03475130180069083,0.03482719793809615,0.019093445715612247,0.012005226514624073,0.01848846552495689,-0.8775654407219798,-0.7837463243556663,-0.7094023998526029,-0.9009881501092236,-0.9317074783714249,-1.330118434059489,-1.097802547403325,-0.30529288395143633,-0.1955742398502375,-0.1417700351276113,-0.3912817086159299,-0.3858033235490383,-0.6418491028159798,-0.5234356364361882,0.7457575125366531,0.7496946984325453,0.7816547493255349,0.7573910757447607,0.7622947893628842,0.6300584650621461,0.7119129678015589,9.923474265107354,9.352627793869065,9.772425721805293,10.159843925062628,10.496928723014099,10.815088722623802,10.61313998660515,20.995215894923664,20.842513685003926,22.254401148446963,22.197604467930553,20.68185522434324,17.706159609214687,19.84674412867962,-10.257340851384491,-10.205393702052275,-10.515124763728872,-10.275727082659918,-10.339937212240232,-9.891813001696203,-10.159533341379683,11.41925260257801,11.001575853057323,11.493083689317677,12.0746094733252,11.652539114783755,11.109731085987939,11.582948791789848,1.8498452580592668,1.9890208804209042,1.9242897335340858,1.8635355829741473,1.645776896080007,1.5297857597204392,1.621720756641912,1,11.08467355369249,1.960619839544698
sub-045,CN,70,F,283,0.4390721570003237,0.5252061974876865,0.4167900218439267,0.3688683643611246,0.4065570391765197,0.36020648004325384,0.3764165557070361,0.14323600408209464,0.12597377813046254,0.1687169792629943,0.14225210683347608,0.14514036753154624,0.16454358146451725,0.15192310839548104,0.21617751718088732,0.1509736758845752,0.20818754528773242,0.2715022221795501,0.2537057773852916,0.2894341192537803,0.2750132756649131,0.1259209519146603,0.10873300688733753,0.12241350976331034,0.1470582479647361,0.13997117346437837,0.12798999831258623,0.13842966292072736,0.07559336982203384,0.08911334160993821,0.08389194384203602,0.07031905866111282,0.054625642442263894,0.05782582092586227,0.05821739731184217,-0.164410449964752,-0.0762269386716253,-0.09367212170177475,-0.2767630139703271,-0.2371661850753144,-0.24532150120816737,-0.2549636660597055,0.24156862865459794,0.40428634639999583,0.2520162705174562,0.08877950774085781,0.14994010318186043,0.09940618378800414,0.10808329946095618,0.8189841746968527,0.7884648967781912,0.8351119430145181,0.842673782383033,0.8290407040212457,0.8391459855767203,0.837227921448286,5.085058479215043,3.019549132092962,5.133392873180164,6.974768165791845,6.171301237544888,6.8330560925462756,6.753122170866749,28.785687347798966,30.946826259672353,29.979134284564967,27.94911417991854,25.398629241187678,26.18526424677085,26.065390390366918,-10.514724982762909,-10.540812964886717,-10.69327893722317,-10.251674762965909,-10.657079881856873,-10.468154204592238,-10.55396418465765,12.20852647076875,12.423380223363157,12.418461116272477,12.39988534984404,11.558055848810918,11.7346245432189,11.783505692521029,2.25492283487064,2.409771455591934,2.2160872321255582,2.1147662113017245,2.184116926375553,2.1577281763441953,2.1456377950479584,1,11.795655640824615,0.7986010361998499
sub-046,CN,63,M,278,0.14423852123003875,0.18286283821515734,0.12701275277319227,0.15280214351207846,0.09555921750001539,0.09078377549834903,0.08963228465605491,0.17229590853781473,0.17394554078774743,0.20427596091638,0.1487622040677477,0.1875231818345318,0.1427786160902607,0.1671317284539789,0.43757496761277864,0.3832112107284879,0.3582478802295242,0.461094346957969,0.5034697645706556,0.6009577936554817,0.5471871885346756,0.18942100231168854,0.19240954228338827,0.2409274360767588,0.1863577522652266,0.17549294137490198,0.1287200532612376,0.15760482507693732,0.05646960030767961,0.06757086798521933,0.06953597000414453,0.05098355319697831,0.03795489471989574,0.03675976149467164,0.038443973278353645,-0.4023664291593928,-0.3500670773637046,-0.23743230540899637,-0.48301996936379393,-0.4330841230357048,-0.6254317248466263,-0.5192191387529139,-0.3018922530628076,-0.20887044641089153,-0.25793366502638676,-0.34101799321412785,-0.38206290173478735,-0.49489900508853535,-0.4412134415516575,0.8464822507685638,0.8609985908036427,0.886038642786528,0.8338327966480465,0.8254227347295889,0.7932286549183363,0.8123332148485473,9.207422488678766,9.014047912270401,9.540859221223831,9.185199285516937,9.293112532778224,9.299989747464933,9.318978356865037,25.34293276433766,27.04829542155354,26.48857537232344,24.918461518710217,22.944117678172137,22.10286467260658,22.807901774839962,-10.13083070610951,-10.171954380511435,-10.208706228424575,-10.11877238929089,-10.118440259713717,-9.912786865461122,-10.033354148026948,12.822536319034805,13.120296513238804,13.75938677650973,12.625434465687935,12.119720987864142,11.823526656558151,12.075269936841055,1.80309820826474,1.872448052631426,1.717751224455779,1.8275545784539697,1.708286275606478,1.7816993873037168,1.7373879522857716,1,9.554897672609131,1.2373586505986918
sub-047,CN,70,F,351,0.20724279177833993,0.27399529546739465,0.15995202165461028,0.12840763549689754,0.15502548203052197,0.2805414612368545,0.17452316009782734,0.10486384687676194,0.10756220523310435,0.12418626810601303,0.10221779096364046,0.11181647046579672,0.0612991372283776,0.09111390074091939,0.5265806447860089,0.4633308308792458,0.5255109294736925,0.5720757149793927,0.5913682072964264,0.5613880822757598,0.5988599380189619,0.12834669952389322,0.11608067682820052,0.15465837247036693,0.16051946680567755,0.11944951064383026,0.08081051829563288,0.11439020011791624,0.03296601703499599,0.03903099159205435,0.03569240829531745,0.036779391754391516,0.022340329563424872,0.015960800963375203,0.02111280102437531,-0.7040068723207953,-0.6320288842410099,-0.625926593130918,-0.7476464455919986,-0.7218752835984518,-0.9589684859259702,-0.8283525736087907,-0.33788287963606045,-0.18545787138313558,-0.3824880431052362,-0.5097873046403871,-0.43190665804403494,-0.31961814569691854,-0.45450075112082616,0.7862425306818556,0.7960384970803257,0.8111579909189964,0.8084965559711705,0.7672740868297826,0.6985280731309766,0.7500802640499474,8.707910157664976,8.175843129722875,9.38598121025805,9.784206793835848,9.10198974770508,6.809325519170821,8.659640838876955,21.890324179845777,22.762490975059706,22.570858182052444,22.703349974236687,20.690474006791863,17.990663064086093,19.939234014751776,-10.412830013860368,-10.397572071810105,-10.698841575388693,-10.378284898305086,-10.471503467638758,-10.018295519186763,-10.271286687473362,11.49128274377187,11.374768801638949,11.946875663970602,12.380448519480302,11.114349073598303,10.00276111478248,10.997090503228716,1.8730645193760191,2.055628795530922,1.7737479386576085,1.7376789819364953,1.7211500049018085,1.8817072705018387,1.7464975078056526,1,10.705711110294198,1.5307275671649094
sub-048,CN,65,M,286,0.28536692476736386,0.3589199706694447,0.20277989355022683,0.22942009149889808,0.2919381128994284,0.25384869527462145,0.2456598923382677,0.07577654815771073,0.07318652390051893,0.08546945499156045,0.08047996282443821,0.07314174263717996,0.06484765175444863,0.07025538996860185,0.4285990562187483,0.3519900888769156,0.4826427211002218,0.47177978663297204,0.4025371624373155,0.5683963244366543,0.508469734957822,0.14790905139638133,0.1266375653674882,0.1880506534957522,0.16400066887472753,0.17200849844171762,0.09381444382375428,0.13579235653031865,0.06234841945979581,0.08926585118563249,0.041057276862239284,0.054319490168964035,0.06037448358435913,0.01909288471052076,0.03982262620498987,-0.7399218112052681,-0.6703340929306633,-0.750277959370393,-0.7525744602693464,-0.741035727226023,-0.9409684307594091,-0.8521838725606093,-0.2080727113579215,-0.04552471840747958,-0.3694321247147614,-0.3193703428794934,-0.1998026946031267,-0.3247613287382567,-0.31731293566656715,0.7908798039578834,0.7920315282842797,0.8087340105608498,0.800968087959432,0.8062293532474071,0.7168665669736642,0.7633769616624447,8.516913392708384,7.038272380702779,9.486948257937778,9.411405605635387,9.355082842805267,9.190866035884577,9.309539271161139,26.51597298083124,31.284534190143628,22.67718817391658,25.739768515493004,25.83747051246894,18.15434859182978,22.09633213793447,-10.38732249324317,-10.313939875207026,-10.758240489406768,-10.352473000388631,-10.50274036008088,-9.984356847576793,-10.250448045590831,12.621975683809572,13.423574647284909,12.349648358086574,12.705876357205831,12.603360225744744,10.084992140535125,11.540642794304764,2.02555406081609,2.180968402440799,1.8631295911395362,1.9446235274309773,1.9703073890410823,1.969971644077173,1.9451807963507453,1,9.61316077030463,1.5549652149902773
sub-049,CN,62,F,362,0.2525157361895506,0.3412233109881918,0.22863624933648544,0.21229761419994042,0.20190230543822085,0.13421484478011925,0.15975335653363804,0.06734357137554577,0.06520276703223578,0.0857184187013537,0.0722019059743799,0.0550675950135762,0.05597141093370485,0.05652444087227992,0.4873824018062189,0.4372787187711756,0.4259331552411299,0.45583933967096335,0.5839098587868291,0.6732141010760995,0.6268232453002627,0.13109256994362536,0.09425782383469028,0.19456145600805952,0.16553748021166162,0.12659769754228714,0.10266334029418167,0.11972355733722839,0.06166572068505936,0.06203737937370628,0.06515072071297114,0.09412365994305502,0.03252254321908693,0.03393630291589488,0.03717539995659128,-0.8438630196473229,-0.8046843199978323,-0.6961838484769141,-0.7681453281649,-1.0258743356021125,-1.0809256342088145,-1.0449457630584311,-0.3012532378866627,-0.12162372798447862,-0.29588302719356935,-0.3580169441137396,-0.44381931917670586,-0.6106353041947286,-0.5449974616479117,0.7871301967497215,0.764733604488418,0.8422312200622587,0.8255905488484718,0.7660870066619992,0.7375108156295621,0.7546138509818443,9.01753077420326,7.614680049675502,9.72189813331712,9.815447499842728,9.98636705392474,9.82186940051848,9.866362697659266,25.61916840022376,25.800141218197584,27.282030520916916,29.87592318650161,20.847548219831214,21.135391054308755,21.791101028816534,-10.357856897064034,-10.373107270299498,-10.67043572884628,-10.260587501386157,-10.453401603201883,-9.886834075215528,-10.174771320305208,12.578557749504848,11.836710514610507,13.196070417082877,14.461798985423787,11.684718990865115,11.823029736389692,11.9934284499928,1.9911081361010101,2.239365351359101,1.880219705490686,1.8630137679076073,1.8057879362944964,1.8227095647097538,1.8264411723696443,1,9.96657419981861,1.6018905462712887
sub-050,CN,68,M,314,0.23843908436779232,0.34351420831250906,0.16966105332308778,0.11835755488191685,0.23904594519255307,0.21309596486295035,0.19401103798950142,0.19365877819638852,0.18494448681727735,0.21666824280526178,0.2301083211198695,0.11846509630007228,0.22953603810748002,0.21553401369364852,0.3252226987389775,0.27818436966922133,0.22918364625943197,0.2694964536666748,0.5150478547126944,0.4606301853864726,0.4572483839868561,0.10964449229700551,0.08487735346256797,0.15703141273409785,0.16580020888405272,0.0809777065689572,0.055937842979876404,0.0769182082950389,0.1330349463998364,0.10847958173842451,0.22745564487812087,0.21623746144748615,0.046463397225723874,0.04079996866322088,0.056288356034955446,-0.24342754448357495,-0.21041171960671573,-0.06652690572939629,-0.10485038089529973,-0.6395132391974442,-0.3073596747895969,-0.3688823041389524,-0.010272272502102428,0.16703420155339357,-0.027052614941216264,-0.11858730477206693,-0.22381445456070626,-0.06873108040983286,-0.11678392748946746,0.7794445706078194,0.7398378168313161,0.8551650591886742,0.8503785847714246,0.7423654092473315,0.7182381896678194,0.7371544786682948,9.072952179569526,6.137557083474529,11.720395513087611,13.047482258558075,8.685947720016747,8.007116546976965,8.276641454766786,30.597057868219142,30.658827241968222,34.82921193112779,37.36971690128924,23.41466207936173,21.260909582880274,25.533651600501337,-10.4315415300553,-10.380565705837478,-10.670432123423153,-10.33174589424334,-10.616115619621054,-10.174351162041184,-10.400070615435101,14.53138324036793,13.07668763673868,18.344506086282546,18.560930414785695,11.27457934308397,10.729245081288795,11.830474522235116,2.1778061163180977,2.4404407280638436,1.8389866368785797,1.8086997430053455,2.2663024313013125,2.3722824685179456,2.264676152622555,1,7.948643823941393,1.6385687534167825
sub-051,CN,75,F,311,0.2953402070944491,0.38380909947188574,0.32224105688565907,0.19368072165745565,0.27462941251197365,0.1797329718343057,0.21915830263418548,0.08842967469312173,0.08820380423873757,0.1094770009080087,0.08837195947474291,0.08510182878591026,0.06275643125871067,0.0782089650128459,0.3373794450054965,0.29841925374908923,0.26411646524138205,0.34598201695186603,0.4531121815610899,0.3928303353229643,0.43293164781350946,0.1414804577730477,0.11855341915895504,0.16781238435465698,0.17283859553479017,0.1199114271573871,0.15186447344996395,0.1343911546797823,0.13737021543388508,0.11101442338133224,0.13635309261029316,0.1991267063811454,0.06724514998363967,0.21281578813405552,0.13530992985967724,-0.5823480061761727,-0.5373151415932543,-0.40524823450598985,-0.5785894489112633,-0.7261073513780484,-0.7974907864486667,-0.7479208601941946,-0.10473257539130681,0.055935677465610456,-0.0019434574644237197,-0.2652693520315218,-0.20228870088946305,-0.3538473957531775,-0.28942412510265775,0.7971250699431193,0.7449301035549653,0.793442881950415,0.8849407187827587,0.7557539530796095,0.871756111906702,0.8150189553214993,8.271468017299838,6.3141245390048635,8.30356615493382,10.125633650512121,9.16999999670679,10.017893749346282,9.49638503781426,33.5356731878075,32.074586570005565,33.36680013178211,38.41113410574575,27.133030975841205,38.75582741622527,33.27879406262266,-10.511841470544155,-10.437918562144896,-10.709897399733917,-10.527535988443201,-10.626989566700578,-10.269376576124202,-10.467627852654234,14.663987103218636,13.082009097776263,14.165235460084384,17.955440723841207,12.038960513631267,18.303670230104245,15.100450388775402,2.1141627555603475,2.357032518994643,2.0958215411901846,1.8018654841092356,2.2147816620234413,1.7652965883031388,1.9976066141588291,1,10.206725037738153,1.1791143303602176
sub-052,CN,73,F,352,0.28160462511150675,0.357313887405624,0.27460522527300196,0.21964286897627316,0.25924782982149774,0.18458001204533428,0.22083826718272134,0.08778411385719828,0.08072235839585604,0.09613822038706889,0.0955521087981777,0.08811736394921854,0.08393323315710108,0.09098949731521436,0.36741204076009587,0.29257230755299296,0.31915396852122485,0.368372806352931,0.4252577175566015,0.6130481689628344,0.4928064275947254,0.1655132372680694,0.15510007372069973,0.20701758375191717,0.18253985172921505,0.17590866105479397,0.09005642535571354,0.14373953038823384,0.09768598300312976,0.1142913729248273,0.10308500206678807,0.13389236414340291,0.05146842761788776,0.028382160479017732,0.051626277519105215,-0.6065678720574831,-0.5605515000036356,-0.5188144731814389,-0.5683938975946438,-0.6813613957823318,-0.8634129358984217,-0.7284172917016997,-0.1611001722523486,-0.010299748536719503,-0.15518061194444657,-0.24022751756045987,-0.24126394216984118,-0.41928065022644223,-0.3137103664204003,0.8457848477562528,0.8466480212474858,0.880163340966285,0.884717627609914,0.8316188775477494,0.7345793963273226,0.8053656443676245,9.211157131700759,8.42029427220771,9.429640174346682,9.99458680551406,9.539756115982447,9.591694751908415,9.543361278148268,30.106582747488034,32.78781852936961,30.15847773881534,34.13708736009656,24.996326659668554,20.248789930423793,24.868017427350885,-10.317323957654406,-10.30381987871392,-10.440837138614034,-10.296748876307696,-10.43461357697849,-10.044534196213956,-10.27103895880286,14.181167906672107,14.505815778682093,14.61191554447636,16.108890324703054,12.48894587734278,11.08166710586288,12.407304095390245,1.8991065018970947,2.0070129717146057,1.8127391657219416,1.8421198646556383,1.848900750275426,1.8402667637139505,1.8764306665509338,1,9.911939019168406,1.4458142316309885
sub-053,CN,70,M,258,0.16761321727609266,0.19925038747291907,0.16546842288070096,0.1389765402954358,0.1819602213809892,0.09585316098425681,0.1330684324296612,0.20832638613042728,0.18740231957068523,0.2437212548724785,0.2398269848474897,0.1891819479525111,0.19418377580919713,0.20759228866135038,0.42781716855793717,0.3857251315438854,0.3979134206885502,0.3879259462204583,0.5160860082241605,0.5673741050868213,0.5119038631552727,0.1153798793374008,0.12825581964320876,0.13457611045898185,0.12647882808541916,0.07720539588002272,0.07658356927473174,0.08632261732736676,0.08086334869814216,0.09936634176930162,0.05832079109928837,0.10679170055119724,0.035566426562316476,0.06600538884499317,0.06111279842634898,-0.31237664708492907,-0.3219698178429097,-0.21537798295026836,-0.20148226662082303,-0.4329570449797171,-0.4652167097200179,-0.3914772424954601,-0.16325078801106205,-0.12679617629648385,-0.11507828747405528,-0.13333415701082574,-0.21439792458966708,-0.34621323695016093,-0.250536190054163,0.7846010021190113,0.8062565245555083,0.7902803372176117,0.8016182707139804,0.7356776181365983,0.7396382097270517,0.743473556098979,8.27146661673027,8.27147428645126,8.115399371681507,8.194261729345211,8.418277029869362,8.439734795341414,8.350372991363942,28.91353281681023,31.283982357269917,26.28658552630127,33.060084811365655,20.943503444728247,28.21932042997684,26.366274689347783,-10.199668504460103,-10.154331833795867,-10.576542823501851,-10.03454972269381,-10.37374513568962,-9.862157989910614,-10.120697699005557,13.356028507298836,14.182861475533072,12.34081133872757,14.703575439007935,10.904251247176186,12.96751089810168,12.462416806175765,2.072181534238505,2.053063800731788,2.06324487072794,2.0275595614139936,2.1483988914627825,2.127416506590467,2.116207949687672,1,8.104650691174957,1.7162294552814679
sub-054,CN,78,M,373,0.18594955733618446,0.2610953516299336,0.11654620784496152,0.11837442782987061,0.10551481804486862,0.2828466694944983,0.14383601160584852,0.1451794686860976,0.13082916805089134,0.22455386398814983,0.1530136554050871,0.12611115926424374,0.08927801865104323,0.11455842467236,0.4836964322446361,0.4225148979752544,0.4031261512991194,0.5458065476121577,0.6173037267319725,0.4940560511396991,0.604198072739557,0.14393988424556217,0.13663835284623968,0.20951506151132437,0.1344190344223294,0.1331232505318449,0.10639912846158883,0.11600024474230895,0.04123465748751982,0.048922229497681095,0.04625871535644449,0.04838633473055527,0.017947045427070357,0.02742013225317161,0.021407246239925848,-0.5302138656375969,-0.5152704300340957,-0.2607899654484646,-0.54717533033883,-0.7031937863634887,-0.6932589300422458,-0.7162168167978383,-0.2969617074587245,-0.15730631250011848,-0.2560223247769024,-0.41706903853506044,-0.5207673853427278,-0.27124148485790217,-0.48217239350692037,0.7820265776604804,0.7851039444885293,0.8474013872373792,0.7831928153025399,0.7445410130827935,0.7270894509793739,0.731074590411829,8.989499751375204,8.69799319071147,9.59491470196467,9.5971463112106,9.8214318911603,6.638458958465649,8.866629291319112,23.248556099203764,24.486560682515098,24.169139644585183,25.10617125346804,19.091833221529743,20.054518747524398,19.46597514108641,-10.201757155171071,-10.17070259555447,-10.416454629979759,-10.12513857595249,-10.103312308164925,-10.289306330562532,-10.106150326146196,11.94944414539342,11.92765994350748,12.695941950957307,12.61120610741926,11.185233637846002,10.728733980917806,11.078915514725495,1.8820713537736014,2.049822027879826,1.745263343275602,1.8333584231102675,1.5984940160518057,2.022947878058174,1.7418162949716358,1,10.08139670970045,1.8266239456832203
sub-055,CN,67,M,398,0.23992216147616224,0.351550960432092,0.16673551965179176,0.21319855400882923,0.19690830328179665,0.07696933009317822,0.1494270368046461,0.054619338731355264,0.06120163008099939,0.06655701052308394,0.05673590063276117,0.04441202872367242,0.024752652528720345,0.03859124357980278,0.36084593203688103,0.29061126041165963,0.2658771060881637,0.3718800653012659,0.35214212682266083,0.7401079629407922,0.49155292523378524,0.2545625720006944,0.18969316328151378,0.3919085925783677,0.27146680481349134,0.33355788225283795,0.12328504064750753,0.25944148358610947,0.09004999575490703,0.10694298579373515,0.1089217711585936,0.0867186752436521,0.07297965891903203,0.03488501378980126,0.060987310795655954,-0.8161217480743226,-0.6846892544170602,-0.6025882242109303,-0.8173884017272786,-0.8948597458547578,-1.4757954576932648,-1.0947811875039684,-0.35098693856659346,-0.06946317541667017,-0.45980693940360745,-0.3919595857558085,-0.4592053668770542,-0.928817171491683,-0.62814962820686,0.8162694901382719,0.8028181135449568,0.8935294877335912,0.8364359687869399,0.8356611395306723,0.6780388804359587,0.7881523335454033,10.393974833709166,8.428377957679182,12.54638638398196,10.948598080448074,11.671931311043528,11.01876536492555,11.33080042062656,27.98645830905979,29.7884894221601,28.36930127856344,28.87879688302541,26.356254386211692,21.765713695294064,25.180104569707847,-10.319885845074193,-10.312321570346187,-10.475942823579713,-10.284488922012848,-10.442028507785652,-9.999855190919433,-10.249617596035248,14.307032242288104,13.863210136440761,15.929782765128428,14.577344224792444,14.434202707415162,12.694904165794046,13.909991159327276,1.7224651950682774,1.9238227711813605,1.5045578383790426,1.722124938661148,1.593919263540483,1.5380741238122915,1.5829357499437309,1,10.996735790704365,1.6030638300500772
sub-056,CN,64,F,424,0.1383763830252808,0.18430237232415878,0.12005386041617831,0.13798964453203832,0.07555219595901341,0.1001289619787476,0.09087189987406827,0.08686024059366056,0.08343513849593624,0.09592134673050277,0.10872985392119769,0.06237943727508854,0.0782384170532161,0.0759076795989728,0.6640384773480349,0.6137012845241223,0.6365466110834174,0.6381521853673779,0.785618836901409,0.7508584962599076,0.7594413574764076,0.08475370929290285,0.08146845007117214,0.1254833571284073,0.09000648050133069,0.06403699493988908,0.055727173928368616,0.06030778702867486,0.025971189740121057,0.03709275458461057,0.021994824641493837,0.025121835678055874,0.01241253492460055,0.015046950779759701,0.0134712760218765,-0.8887840803681749,-0.8665902768693888,-0.8251732462225089,-0.7685372736836802,-1.102248304254896,-0.9821759213713339,-1.0073084291097545,-0.5379094236539486,-0.4259984708931156,-0.5480021745839574,-0.47770132273936017,-0.7904606957170272,-0.6560479256564096,-0.697688570090554,0.7133934812040179,0.7218785756276914,0.757346988604631,0.723903906663333,0.6711000028392665,0.6601847562487384,0.6633200243297923,8.899897463584823,8.756079171364211,9.13023985826792,8.77913135712933,9.228093179992126,8.806986532632354,8.951147236981436,19.5127700452293,21.726397990696885,20.31582888719657,19.150532613005854,16.503438588998254,15.798956021935293,16.194128739944205,-10.293723307109184,-10.284612371577627,-10.515441399443175,-10.259885927545062,-10.2561397619456,-10.117084519842265,-10.157738204814715,10.85485514959783,11.153756946834573,11.181458835719932,10.783960126426352,10.41214608488547,10.124646973497555,10.19059079417941,1.8512852609857329,2.0258842184890264,1.6991046129871261,1.8745624714817626,1.6018972445985848,1.7959874853107747,1.7059355048925906,1,8.827248633620624,1.926217741404244
sub-057,CN,64,M,382,0.3139317838884402,0.44689938033369503,0.2851406313817259,0.25201982109355975,0.21951588828155108,0.15717969409021382,0.2013247141207479,0.12594496689758894,0.1266490471433637,0.1324099503036327,0.14183569939372936,0.11096377415680163,0.10447353504721174,0.11764794399292176,0.35961261548810397,0.2845148639674952,0.29825681503113527,0.33236825759744215,0.4525385733960441,0.6295882254151015,0.48020220104222283,0.14240797424101181,0.09509768747463929,0.1943736088247335,0.18502897500811533,0.1795634097238399,0.08907037128928408,0.16053899862943036,0.05810265948485523,0.04683902108080681,0.0898189944587731,0.08874724690715319,0.037418354441763696,0.01968817415818929,0.040286142214677294,-0.4392115476457646,-0.3468749797669736,-0.35412639779600746,-0.36639824887981887,-0.6098772660007894,-0.7796452799955226,-0.6045745501990247,-0.05925918921498254,0.18580513807161753,-0.07602312398576418,-0.11758927687698091,-0.2822814150844593,-0.44064491843369835,-0.30542607576132214,0.8180452829619665,0.780628607672141,0.8780722600481505,0.8813507514251828,0.8210337272498562,0.7278695774888126,0.8092849947230057,8.182747821962957,5.1798354680162095,9.392443242828968,9.500660973855815,10.606043618102552,10.607627931482455,10.454410116100286,25.577161826989048,23.483513695636812,30.60547313560727,31.169155832410873,22.555168673842417,18.711465042670824,23.05445220492242,-10.397291525161993,-10.300948804913926,-10.695556339939166,-10.449982744980513,-10.525707269821632,-9.989087767237955,-10.363171127591745,12.486673565220707,10.97336589440258,14.253336008653235,14.418933808468083,12.514046620790305,11.22767667808621,12.487410213892257,2.0833233563178375,2.457552426084606,1.930882326156247,1.9606108946796375,1.793223399840975,1.682758015368229,1.7980403091322523,1,11.115532830252542,1.5152418994882044
sub-058,CN,62,M,326,0.19972541144848643,0.29851038644534034,0.13344254571428413,0.1492564139903591,0.15711525853609568,0.11825552184564196,0.12505888025852535,0.06967709227194403,0.060358948743635454,0.08113993061224406,0.07708671325189366,0.07469998538330529,0.06274275548363299,0.06988675329183465,0.4024262225445996,0.30142743814381123,0.38796452544943305,0.46668842891709683,0.4852815770189312,0.5248070691336169,0.5380129743299338,0.19099480590325238,0.1788766571670409,0.2647783952681215,0.16491768382988284,0.20043380151951215,0.16072869315503807,0.16808230316688003,0.13717646783171766,0.1608265695001722,0.13267460295591774,0.1420507600107677,0.08246937754215518,0.13346596038207026,0.09895908895282617,-0.7500951585992202,-0.6897936478918308,-0.6790910589638598,-0.7721285338562192,-0.8137638021977933,-0.928086879616264,-0.8921732426482366,-0.3661202242806554,-0.1482853512696652,-0.4828806731980255,-0.47111724749925504,-0.47370227796903247,-0.5820344794733006,-0.5698584207821614,0.8312949348236229,0.8178365153910383,0.8768792776384305,0.8164911686997561,0.837151740149368,0.8308452128745729,0.8070578691355775,8.997248046113503,7.9660203787797315,9.620838307235433,9.84593344547913,9.442853426333402,9.305380621037733,9.279051357174026,31.471439118342573,31.811583697701604,31.604226449344598,32.13938749548669,27.53321084367894,34.65319775179009,30.077321172193695,-10.291897816689897,-10.181667525900576,-10.52306387102091,-10.206768808752587,-10.498992507248248,-10.190570732993104,-10.283144703657104,15.519162042206267,15.51487240667783,16.2302749758861,15.89076306911019,13.98149838128179,16.030799803614904,14.578191752780318,1.7987981022773483,1.854538194973618,1.657061241815155,1.8206778790605709,1.7677309833895547,1.8191541932989415,1.8246061857932045,1,9.165319599965645,1.5262447060386126
sub-059,CN,77,M,378,0.3040851595997182,0.32223744402729576,0.26142813136354487,0.28122490324122085,0.2840962117031636,0.3802416410192836,0.31311682016183406,0.08369541242380983,0.07568176115646115,0.09855066829483915,0.08633884575989711,0.08126518545848103,0.0878187818288049,0.08498801620244546,0.23167600507198824,0.17330159530998573,0.21916756684992664,0.2481852053895493,0.3675458163247936,0.21792597905775957,0.3041273863858362,0.23361048163875364,0.23022569061641046,0.3152721484997827,0.2326363105626725,0.1994962022417961,0.17608451117300986,0.19598054957021485,0.14693294126572992,0.19855350888984688,0.1055814849919063,0.15161473504666023,0.06759658427176549,0.1379290869211421,0.10178722767966952,-0.42546781414420254,-0.3563670878893061,-0.34556527401308895,-0.44956573661575594,-0.6554783655622568,-0.39396249416282314,-0.5438324925851464,-0.0814758019578235,-0.02030489546511427,-0.17268408730605625,-0.1190155899991576,-0.1908544636402869,0.08038602194640664,-0.09713633742610073,0.8778720283990958,0.8877220128025363,0.9004506763351913,0.8951914915316029,0.8322719618648797,0.8432902846192214,0.8459333975591193,10.026405179590602,10.954579542652905,10.355593436185346,10.048829498957094,9.432108985208593,7.130608176820456,8.759442289376596,33.57356075646398,36.36138232283721,29.73556363480955,35.41186164333637,27.188175319922596,35.474657337706674,31.05614689533119,-10.814266076977088,-10.727719311148268,-11.013642665935995,-10.788764835831277,-10.904375799872343,-10.73395277188833,-10.807761912279007,16.211433891998364,17.802231281881255,15.290262236250092,16.714802752815203,13.219711668006036,15.506246125385442,14.428529661969009,1.8401807797526102,1.805146714673981,1.7194844357059738,1.8369314668597796,1.9405404377963744,1.9998036623177824,1.9572632701260098,1,9.861830459901247,0.9059770269259833
sub-060,CN,71,F,339,0.42706612118101417,0.571627945349354,0.31185198503886735,0.3111695720095776,0.32569533072087936,0.4777702248381205,0.34694820374338164,0.06496602646208555,0.059071888848626755,0.08094189659924911,0.06371383006398548,0.06998669480465573,0.05660509318579087,0.06390018122435807,0.1216842072899205,0.08287450343216499,0.12079757597530148,0.16841795053080938,0.13340805024019745,0.1477948668568001,0.16030957043556388,0.28093821056086066,0.19457617025668386,0.3751421684081661,0.30792140171143245,0.3850414140555533,0.23177822731133843,0.3281620005699768,0.10534543450611898,0.09184949211317044,0.11126637397841548,0.14877724568419498,0.0858685101787137,0.08605158780795008,0.10068004402671939,-0.25282942178698703,-0.1379605934027652,-0.1778335289576964,-0.40677997639891983,-0.28088787170191615,-0.41737537627944027,-0.39255302937146536,0.09561310495331325,0.37215006688504076,-0.10165794724678846,-0.10646420269113288,-0.11852886039832992,0.14900787980877628,-0.07985784392784348,0.8285463559034474,0.7550701898570429,0.891889812392792,0.8986618820503681,0.8790022552013951,0.7747828510910834,0.858659857750461,7.491829585503417,3.174623571103941,11.85329876742356,10.821405923676885,11.141867093939915,3.9256379240196844,9.340973958738056,30.476200994932157,29.867190783915788,28.276638572561726,35.40295643004697,28.185752549223064,29.48924216537915,30.612778210669042,-10.676617342178073,-10.590663354517774,-10.822992946463662,-10.686311785910576,-10.850379498169163,-10.4778607711091,-10.687808493085113,14.680681526773574,13.186443302672616,15.727911969475207,16.935503432129988,14.885679434198222,13.52252897522467,15.110034355943052,1.963113993354594,2.3028376212442128,1.6148331650698804,1.7567176898742385,1.7054027811550672,2.095861963427999,1.8152582111203752,1,11.501635036764927,0.45931068774347494
sub-061,CN,63,F,327,0.35243073951966675,0.4428683814895437,0.2903157913224748,0.3196495858930546,0.34144431992901314,0.2111133515600903,0.28086522916081585,0.059531582837227336,0.05629369637243031,0.0786855769480196,0.06573647968975366,0.056369614999516614,0.03446635234934191,0.04882183978725574,0.39153367610255174,0.3105930850353026,0.3199605450178959,0.3959086189989083,0.45668825779426775,0.6757036831346206,0.5445262289166636,0.07658924669004623,0.06947381656046729,0.10843921410152324,0.09073730972790542,0.06627375229369335,0.0408954165451679,0.05967343091332211,0.11991475485050802,0.120771020542256,0.20259887261008647,0.12796800569037822,0.0792240549835095,0.03782119641078005,0.06611327122194317,-0.7885729804492543,-0.6966772615519916,-0.5955634751741052,-0.7528107782423057,-0.9094099335969948,-1.2899912291946845,-1.0482697383870048,-0.053619227993124706,0.13106924948182755,-0.0678002049415225,-0.09938768189673701,-0.11931953930070267,-0.48867005896426946,-0.27787484190872985,0.7628514122535374,0.7448640207031254,0.8546743986433921,0.7963320939400098,0.7471775563739903,0.6446222235415735,0.7166415662208795,8.095226157482982,5.732569576708018,10.737721728479256,8.723827110601793,9.144764162757278,9.569271919551884,9.258355084768766,32.930250108349014,34.21854063184745,36.93606820926891,35.160600353273345,31.50482035854219,20.089950259586264,27.89426758492535,-10.667170090939102,-10.52785442556574,-11.039587270447955,-10.668337597365824,-10.906186010609218,-10.235290258123976,-10.605867351585479,14.504439795989,14.15164192538047,17.91042861762561,15.265581571472572,13.072831865788153,11.255377454998047,12.533383982962265,2.2037775065772136,2.3309560809438357,1.9517222196640323,2.09565587325576,2.315196739001682,2.1858498446700168,2.2510217617106507,1,9.958313142360192,1.7802971909497156
sub-062,CN,67,M,383,0.4710626592845573,0.5340509160412668,0.4196855264822414,0.3922108010666034,0.43095427708182293,0.5455357495795579,0.4746496429288163,0.08326216862246344,0.08482488269287651,0.09320414754390867,0.1031543499303732,0.055543012632096406,0.06467407236358064,0.0647483341947026,0.2983552036276052,0.20863791429496184,0.30555432984055986,0.37675219427990225,0.4050989279903377,0.2846574591237325,0.3516365458362947,0.10584324459516231,0.10526849594463304,0.1370913134778962,0.10182776565627104,0.09494893188002651,0.08535518849840038,0.09269775447836348,0.041476723870211674,0.06721779102626226,0.04446468265539346,0.026054889066850162,0.013454850415716141,0.01977753043472827,0.016267722561822618,-0.5519337828300538,-0.40123837811534535,-0.5097698680735397,-0.5681488204229659,-0.8628067063210239,-0.643874111044026,-0.7328904238278778,0.15092509540184795,0.3110338638500549,0.06352173682991424,0.024376315391076875,-0.011907298155874678,0.2189955940491502,0.09235754369521716,0.6466195646741523,0.6349218419825439,0.6989460810964889,0.6830207670461124,0.5925725202988105,0.617339981280368,0.6107736416293088,3.5606101080593326,2.330902007770434,4.762713358282325,6.182827940619478,3.2527437999919475,1.2787973807167794,3.101986650525203,21.021620170141002,24.783708901458983,22.716745959720285,17.85715644020433,17.42784842084836,17.031206009971477,16.805043730341605,-10.42664544600243,-10.41079749933971,-10.597285443221226,-10.369953692484707,-10.37338750317594,-10.419423684768935,-10.36794377162818,9.700563553119903,10.636803678803522,10.59512604044347,9.367750940119965,8.195101762915147,8.00569729354891,8.182748082470031,2.6394315922396085,2.7832112644541205,2.506866057699494,2.6238716735898637,2.3334625415227794,2.82512445467372,2.6229741044846095,1,9.054101373929125,1.5269618234741742
sub-063,CN,66,M,385,0.3479269760507042,0.4224448512010591,0.31833020362154457,0.2683162046739532,0.36587530909391014,0.2638086148568946,0.2917086200082166,0.08981750764822341,0.09412409835961054,0.09996895720931277,0.07875407733119977,0.0934347975876727,0.07621819154160792,0.08410751197123244,0.2625386575439216,0.2069569452142681,0.2184218917261828,0.2929226197054836,0.2486987826225573,0.48324168748323926,0.36302305909148824,0.17974670398422754,0.14981285720776188,0.20872930336971848,0.2049984302109067,0.21883769590463956,0.13190132828964485,0.1922119913392891,0.11997015477292301,0.12666124801730014,0.15454964407324148,0.15500866807845676,0.07315341479121962,0.04483017782861297,0.0689488175897732,-0.4408518900756924,-0.3363464764263021,-0.3453300427835681,-0.5280937539638944,-0.42338347784212677,-0.8016224993606909,-0.617805037019555,-0.002988392951451224,0.1648501993155484,-0.023643018625763217,-0.15035095186003128,-0.007845874494779628,-0.25743018724232913,-0.1741314627098254,0.8625104314948618,0.848710877891684,0.8956614987739427,0.8904268519612761,0.8627808901840267,0.8048437392207881,0.8472848738748001,8.294816872186965,6.219352831195346,9.783472852279871,10.274820743692098,8.019100311764133,9.779524143142263,9.077330095847941,32.10788727505778,34.19838589144105,33.40043041474862,35.12513764378118,27.589887770936667,23.594825926914872,27.389721857588235,-10.696634594073533,-10.717220192972134,-10.84291168664943,-10.624346784603667,-10.803712476913079,-10.389128153745016,-10.637150819814739,14.890217041830764,14.839742441432886,16.06467385218432,16.738944754954513,13.284523012797953,12.0162785449947,13.314463774921906,1.9460513410389457,2.063837963099968,1.8481320699841526,1.8151697516402687,1.938266623327591,1.9541173257719429,1.9175963416704498,1,10.143961868828512,1.083824689482542
sub-064,CN,66,M,62,0.22991064417452883,0.35028670612040236,0.1594662853175206,0.18189914030422397,0.14111401253249758,0.1434789208531405,0.1285772353652794,0.08715612762818906,0.0715750208121299,0.10273371876550737,0.09470913013657756,0.0891469184615602,0.10023142351158491,0.09164961974655758,0.5156261621765753,0.4126961851049699,0.49474594144311973,0.5698883928201829,0.6138810410083781,0.6512946334924579,0.6512652070910404,0.13271790034037714,0.11908184665381429,0.20623720513738916,0.12125045899921151,0.13533567259292203,0.08917335535134299,0.11094330823672251,0.03458916568032978,0.04636024130868364,0.036816849336463446,0.032252877739803926,0.020522355404642003,0.015821666791474016,0.017564629560400256,-0.765735762836127,-0.7544871994073705,-0.6865776278326295,-0.7667694686673967,-0.8385512899638247,-0.8125522349879348,-0.8518698743016874,-0.32970170035626134,-0.10729370343526749,-0.42900308263778003,-0.42066498187918017,-0.5193361063518193,-0.49279944411828713,-0.5478383991660257,0.764158563357794,0.7466972317040277,0.8293051237459577,0.7600838613065047,0.769326398334378,0.7279510352014329,0.7372227369849815,8.218623533030529,6.7487644829946385,9.198793264329694,8.906728913178517,9.204769652081552,9.037445672334886,9.09495624566111,21.75588195722689,23.27282007902769,23.263657360499604,21.36566532292588,19.73134298961337,18.002177146037305,18.793281536549994,-9.972095667323726,-9.969061069627482,-10.125669438741893,-9.972721042869312,-9.930569276859025,-9.813394936739208,-9.855444294266489,11.280794398437473,11.102648119404405,12.405862764771674,11.4127440357159,11.072636201012953,10.265041847131839,10.7046995175655,1.945243652242723,2.3005852157221773,1.6825612985099117,1.8465692595323613,1.6609953426561104,1.7192929604644887,1.667333591185724,1,9.04242295675704,1.6939615112104036
sub-065,CN,71,F,359,0.35342127420190655,0.377788370183633,0.3859282213552923,0.2800168139395244,0.37915616255718215,0.32758260552763574,0.3110717518935113,0.061778413702114406,0.059515084909222866,0.07526331701794292,0.06101034215410024,0.06299097388409884,0.04919001232654381,0.05535163292764155,0.25361336702890486,0.18680076672056828,0.1819475890734501,0.3500765048001797,0.2306726087442126,0.43644099692575367,0.37147652623759014,0.20250388052902146,0.1794483347338573,0.23145416285532172,0.20435009721382902,0.2605774219671266,0.14897012179587313,0.20767049714629773,0.12868306453805287,0.1964474434527186,0.12540670969799314,0.10454624189236653,0.06660283284738018,0.03781626342419375,0.05442959179495936,-0.5773217514791665,-0.48670282436804346,-0.3838335518023885,-0.7102724739066977,-0.561906253950163,-0.9419420973217076,-0.8001718933894832,-0.03770660916657234,0.07688275643761308,0.04513625570926191,-0.21383780092651983,-0.04632469261408232,-0.1978441774038128,-0.20875610092107477,0.8477201724502026,0.8670606720963462,0.8630802539044281,0.8467055047078758,0.83896620740577,0.7721485845586642,0.8122914777829063,8.907494773496312,8.708393302667888,8.091711332838353,9.917596160705934,8.439762739692934,9.509420358668555,9.297811971616925,31.707482368256233,36.933625703440285,32.24214016690785,30.876086633027363,26.8001990237714,21.637710484319612,24.85683087548629,-10.762973737229315,-10.784493402839445,-10.882765240164995,-10.607032695992181,-10.984873664953733,-10.486999844077973,-10.714866496900376,15.26590899973779,17.5765987197623,15.068063087307086,14.856176586356796,13.15454467245653,11.46177516598198,12.662319445936816,1.8869835349962027,1.8559073512012734,1.8958944883324218,1.8489070395090632,1.9229305122319718,2.0046162733947495,1.913098431563755,1,10.472795246080873,1.2278565042336549
sub-066,FTD,73,M,218,0.5838794801384292,0.6446368217644121,0.49478067119960495,0.5429499827242832,0.597471568887041,0.5663478595611002,0.5720380746746514,0.2287751446378723,0.19588771753019354,0.2617645167181199,0.24594417274796232,0.23074041234573162,0.25711112361240807,0.25081803910732486,0.12722490299714545,0.1137259737495258,0.14755660178954025,0.11983272353542966,0.13506470850436905,0.14699825783781847,0.1403573251483555,0.03817853396873034,0.030477510642363148,0.05972961849957537,0.04980544062945741,0.028934482693299027,0.023417752406440777,0.028221241271205923,0.021941938257822733,0.015271976313505445,0.03616859179316,0.04146768036286767,0.007788827569559144,0.006125006582232874,0.008565319798462303,0.25768426375409986,0.2483908260298932,0.24309348615352244,0.31422543326600627,0.23006421019501241,0.2404452035045075,0.2483879303005198,0.7011335019311022,0.7818802575794379,0.5634231178629129,0.6698111889884213,0.7035315766588148,0.6841329470580031,0.6888134115074301,0.6948557196542711,0.6730262128309701,0.7513083877019394,0.7174599126527752,0.6721215935976407,0.675472794552258,0.6795754486708888,2.336119437367191,1.8529377322440552,3.670380543012383,2.697948039073652,1.8023326525700927,2.102886720613104,2.1350309432675476,14.539635368875398,11.925728720621516,21.213330600862186,18.77548440937308,11.10032974544626,10.365026143932154,11.127580022460908,-10.053237021637509,-10.005912698372095,-10.238245317490055,-10.04967884499005,-10.058285440922965,-9.940903433654384,-10.021578510621094,7.591439473831459,6.859927655675198,9.46711168945888,9.14067430333878,6.313363399948294,6.156866965747332,6.468822201357716,3.2098503375031275,3.637738413148349,2.790930930509269,2.965796655051977,3.1365592581031216,2.938665167237941,3.059139672183762,1,7.952784577866002,1.1035132724385015
sub-067,FTD,66,M,17,0.263897801759147,0.2619528175622858,0.25712381378883475,0.17415689786469177,0.3275780867471991,0.3648276087104622,0.2884472542701674,0.04088360957924983,0.04650570925467734,0.048175206985010495,0.03133565945022542,0.03858662821007359,0.03281023691842569,0.034839006879626384,0.17021058379916745,0.12812360668272718,0.14999325184873302,0.16645097535559253,0.23424376390989932,0.2593104483534123,0.23631514018052366,0.309900265364268,0.2824323130335283,0.4063068899452649,0.32790855775983885,0.3036631274656914,0.23476728370708577,0.29622312212976126,0.21510773949816767,0.28098555346678145,0.13840083743215667,0.30014790956965154,0.09592839366713717,0.1082844223106143,0.1441754765399217,-0.6051868838579524,-0.42310356752112127,-0.49965412653657615,-0.7330974457237137,-0.773568274434448,-0.8923844174226603,-0.8273901169514314,-0.24104996090734612,-0.17432976632210367,-0.2721717539367772,-0.44625959914515845,-0.1884111854534216,-0.09642683911681041,-0.24850164820247597,0.8839215154016682,0.9163660185500058,0.8990501887533432,0.9315154035126586,0.8216545410700146,0.7458854296304731,0.830076489442793,13.460923224802517,15.333055176401734,13.55240693954866,16.369242103281774,9.78525464650244,6.468100932577634,10.293564522948651,36.76182116905309,38.812771722176876,34.72187615564352,40.80801776446764,31.296433647000566,32.7490998454839,34.266413435015174,-10.39721928884689,-10.243333104956635,-10.68770573081826,-10.251236390191563,-10.607605610489458,-10.476477584352523,-10.527188099934364,18.775813994120494,20.74179343648529,17.66031091262198,21.76857483586036,14.850509685583853,13.47057534741672,16.15185775928989,1.6942665152732077,1.6177457061610518,1.6120411063058997,1.5342573047202361,1.8576001632803056,2.1604454097120103,1.8582439165754645,1,11.947529473092676,0.9021302926862642
sub-068,FTD,78,M,249,0.2944189566311109,0.3490457384790594,0.2879423030045967,0.19777607176847264,0.2595605270656341,0.3585136146765543,0.2580924132439785,0.0996199707293579,0.10794325370630849,0.11040804485919563,0.09524114135952601,0.07581674042239599,0.09876887331538092,0.08550554575309785,0.41731287114823024,0.3382454894336083,0.39615193142323935,0.4996877436761854,0.5085829118349795,0.42413531065085885,0.5229445912550369,0.11235195373813053,0.11184489351253919,0.14343049641602737,0.11318566859345588,0.10282568125392554,0.08013082952651165,0.08883156050825156,0.07629624775317062,0.09292062486848511,0.062067224296940886,0.09410937460236005,0.0532141394230649,0.03845137183069426,0.04462588923963529,-0.6167373331311338,-0.4981519884257125,-0.5594991809809456,-0.7015583209075154,-0.8271364181080423,-0.6324026648072643,-0.7841366645675377,-0.1338122037104308,0.006997431810889671,-0.13302014806404153,-0.3280894026974521,-0.26475563959612297,-0.04286445970205561,-0.2615507463716463,0.8014264181054902,0.8155335974869278,0.8222271534604885,0.7882058515526796,0.7931480260539013,0.7597089084209665,0.7581976619249201,8.423969353126443,7.822054533107225,8.7071605204939,8.903177029901187,9.366008946243019,7.734409728918164,8.676796120274782,27.933898155589016,31.334283105761557,25.95403687892907,29.075401929215577,24.66529944154898,21.62223326878199,22.989882215610233,-10.730441790606925,-10.755340396412146,-10.892110146151984,-10.627387700977817,-10.776116742212222,-10.538389888821353,-10.615959620050678,12.675430452912119,13.392879982128646,12.289677654794255,13.653303010120293,11.80166250372342,10.097893107197757,11.062283010602595,2.1139989613318186,2.1985317025334536,2.0722162590225572,1.9784090359593296,1.9924268040156026,2.3343465073092884,2.102125575463122,1,8.718917740819787,1.552988219635802
sub-069,FTD,70,M,214,0.2876520593077549,0.34523192906311134,0.16803172374149422,0.2582087154827046,0.253278704927552,0.3759997377338037,0.3103181582452728,0.42185243832256264,0.36558088983294174,0.5034820959847924,0.46469743167594063,0.4406237594620109,0.3825114031269627,0.43385740638535947,0.19543748847847153,0.17228381031287138,0.20887344515049144,0.17560336876568422,0.2578312770081536,0.20239898368109377,0.21344515611723683,0.06285856808494232,0.07149191015343835,0.09607703368286147,0.056126952041811444,0.039407547002170126,0.03145393615874737,0.03420214053583463,0.03219944580626875,0.04541146063763748,0.023535701440359727,0.04536353203385949,0.00885871160011379,0.007635939299392755,0.008177138716296706,0.3368405515748001,0.32350680717266067,0.38286524553172224,0.4254302836121203,0.2432555485429734,0.2776696565200044,0.3206792897626631,0.4438646318131177,0.4652728534170572,0.34279871118523086,0.5001645144375343,0.374490342804682,0.5119964054049801,0.4882774864912268,0.7540928588958002,0.7739378103119565,0.7616956871502559,0.7522180248111802,0.7248157035464621,0.7208966877508158,0.7175759643023584,6.534677202861073,6.233490327641371,7.070818760040912,6.8219519152295245,6.703687486650284,5.95655407993956,6.419416397900853,19.430712031853332,23.28342152188006,20.066246358553578,21.58530263007837,12.455628751651156,11.146371050562609,11.55733350769532,-9.894026150922755,-9.961937735718953,-9.98795569926848,-9.811169663192246,-9.819571656293755,-9.792835999022012,-9.784771045253876,9.517850711048458,10.344480655431564,9.897940766058401,10.196151340100482,7.875424060968112,7.161549540209154,7.501807481344002,2.38578120593201,2.579470567640213,2.12370712202893,2.3616802562971015,2.1949277200728896,2.4354616938664133,2.3259732999004123,1,8.396583175117067,1.2955861261325374
sub-070,FTD,67,F,222,0.38366674624385605,0.4684757702694188,0.35507788737525736,0.2789925689254465,0.38025666828093324,0.34418192203848796,0.3405082461332792,0.1294129474761557,0.11612870024517805,0.1606560357915533,0.12642855305346531,0.12641574488501037,0.13950777304357959,0.1378373250896875,0.17609113366603682,0.12932479782229062,0.16044913814630593,0.19247554289864707,0.23521529592398793,0.24178124054659733,0.23471348058895716,0.1808057617644417,0.15652826471673373,0.22357825186426106,0.19679421738699085,0.18267235796976888,0.1668414607286014,0.17104193956482242,0.13002341084950983,0.1295424669463787,0.10023868682262231,0.20530911773545046,0.07543993294029966,0.10768760364273387,0.11589900862325384,-0.12967622552997357,-0.05349306707593728,-0.0054886927034814015,-0.1986926593769159,-0.26765063766588765,-0.23760409346108302,-0.22873996740034164,0.15580112798433463,0.31268076342748374,0.13096126468511107,-0.005257333690093513,0.08474332650368328,0.07268582445198121,0.0718161082784561,0.8583801391918904,0.8315807159133948,0.8693342687791907,0.9089330678644931,0.8382246670851261,0.8648742771006162,0.8651497673331493,6.9624298912488385,4.727915532737299,7.534208120435248,10.390398985095771,6.562816838650558,7.669044193463165,7.417467632009319,33.674200738245474,34.145242342303156,30.910772605570344,38.30916847188609,28.763665277897104,34.26656504629762,33.22531634028878,-10.710392676168205,-10.612273808649011,-10.833300148582245,-10.56823323883102,-10.91737045693768,-10.843299707384467,-10.843881191369546,15.106336994614143,14.735947235219202,14.262279314358898,18.193966653133327,13.015280232015401,14.630113499739036,14.800091611195262,2.0452735300838722,2.148494582064104,1.9778810063429972,1.8248901678656728,2.1396258450245607,2.084326885789742,2.0459584550576833,1,9.750469548384755,0.5162539586779662
sub-071,FTD,62,M,292,0.27603363130410424,0.4050704798762024,0.23692937611553452,0.19983846973533365,0.16575220736199114,0.20087350313532643,0.17872239853796504,0.09356082564684338,0.0911789295541182,0.10477333559951645,0.09853820916634136,0.08731729271162136,0.0844892294062091,0.0914887301790317,0.3693596018184052,0.27234367297181333,0.2860981967208601,0.3834742520191933,0.5510241110505812,0.5330813961779544,0.5133001285983207,0.1657056715336155,0.1340531815588548,0.24917205977780832,0.18115773991947226,0.15477010460174825,0.13678901770507615,0.15821293360488015,0.09534026969703191,0.0973537360390114,0.12302703178628051,0.1369913291596599,0.04113628427405892,0.04476685357543431,0.05827580907980301,-0.5783375420478647,-0.47124310067183817,-0.44295582933931393,-0.5889943610107696,-0.801626080035204,-0.7999942110199645,-0.7507859280879629,-0.16659516204141078,0.09280896709839166,-0.20523807380007267,-0.27681312649097933,-0.4502523577414483,-0.3706235239435334,-0.39823115316647023,0.8418636608344926,0.8240819830343986,0.9000216292832518,0.8927684249337163,0.7838147936628426,0.8021263530207106,0.8155540722718612,8.534135840235116,6.419561541570617,10.168663742078397,10.011434331440952,9.337902953511064,9.32310638047035,9.557284968738857,31.011330171212787,32.65193763625773,33.481341222525536,35.87996317534097,23.124194276585943,23.65762530027022,26.12020472281481,-10.433852292108673,-10.348155072201752,-10.64472592145084,-10.409105349917336,-10.469301281145192,-10.413802518597553,-10.44194075203436,14.377883554567381,13.888973055901902,16.128254139654988,16.579833107228502,12.273893235346824,12.215600795773728,13.080207981642882,1.9776064551738146,2.191818691284669,1.798559759035886,1.8393699792614366,1.8591335581564976,1.9506159703434465,1.8912512710815406,1,9.348646467284485,1.3129193901728353
sub-072,FTD,65,M,272,0.6950114451290441,0.7425730499712752,0.58858566100758,0.6588702229182115,0.6913179481689262,0.7660071942252733,0.7176210510256953,0.18843401213049696,0.15248990763013623,0.23083603423440477,0.2376952989391718,0.19043624968912373,0.14910941477060793,0.18219955193429094,0.05868104004981483,0.04934900497660886,0.08570961210610946,0.05827125671911091,0.06120752412189945,0.04783014527487469,0.05421576310269037,0.041041266737651017,0.03615164462375046,0.07082286768274985,0.031218643485299354,0.045278234358519444,0.026772337792055345,0.0340490002533846,0.016832235952993095,0.019436392798229427,0.0240458249691555,0.013944577938206384,0.011760043661530979,0.010280907937188926,0.011914633683938856,0.5077453996470713,0.4955610997369217,0.4286170530087283,0.613388117593426,0.48340785643973555,0.49430384820840356,0.5218539440979086,0.9659667368598335,1.0305628127695607,0.7189343244588544,1.0110399682995457,0.9197452322317482,1.0896148838399604,1.016152235239853,0.6472813224946901,0.6318163501722733,0.7178208201520316,0.6491813611405878,0.6438824760551932,0.5968976715045864,0.6237107272866877,1.4704233543584426,1.320614096951962,1.9890051547852494,1.5912187167523877,1.37365935223626,1.1204383330362981,1.2501845820243322,13.461836916028606,13.58656472841473,17.94515975105109,11.61989734001343,13.339212791741218,10.168120658604877,11.600470997841708,-10.107641119100089,-10.01646159271597,-10.373261281218094,-10.062655586907802,-10.15781685170136,-10.043046683750187,-10.06670456614995,6.719398787197286,6.755978485614642,8.24143742234378,6.457131500128675,6.274998305852542,5.499447186171138,6.0058857325481245,3.867885828456801,4.09133026755628,3.1006352812021825,3.92420418554753,3.6489339218844896,4.4524972581675595,4.046364218534918,1,7.144371539435451,0.6784176964273438
sub-073,FTD,57,F,404,0.3461801926025639,0.45324890744892,0.3675720005087247,0.24425402609355723,0.29918235119096387,0.21370107391649007,0.24366539232997803,0.15114256293331882,0.1653103530488031,0.14080539788490387,0.14395579833240923,0.1562742569337243,0.12373703330295677,0.14001398496705783,0.34747974794011094,0.2550684820461573,0.28492042548882707,0.4056199065369071,0.400490536941806,0.5689616615497396,0.4900220895611849,0.08171507814604868,0.06643769201949244,0.10115410659314646,0.09624163336194741,0.09374828908522574,0.05892446007778598,0.07948133397465441,0.07348241837795755,0.05993456543662733,0.10554806952439777,0.10992863567517876,0.05030456584827992,0.03467577115302699,0.046817199167124394,-0.3370090482316653,-0.18146707128327594,-0.2987920458778948,-0.42146523212774806,-0.40708065990199577,-0.6647116857840217,-0.5398925534289677,0.07071081198569387,0.2937115430376709,0.11802983209573921,-0.10494497638184949,-0.035662789633942434,-0.2698982976967527,-0.17426707536767255,0.7876784806406151,0.7628559831056385,0.7972547522485831,0.8260191692085647,0.8108450975838183,0.748761512050377,0.7818377553572733,6.571492795253282,4.200536277350978,6.254699657755501,8.485997313167065,8.27855474832719,8.95542834871959,8.662608743297225,27.300302756739764,26.566937790198725,30.451531291415474,31.7701743571793,24.65953186625795,20.161650472463503,23.48526585848537,-10.769323040361508,-10.700073090546729,-10.88278693212417,-10.715542041921534,-11.001289173540883,-10.601114824180122,-10.800456283514762,12.146670583356268,11.069703161942721,13.205290949252335,14.379758131612096,11.53420726978228,10.780645883308914,11.43949511048717,2.3634880821312225,2.6609374356899105,2.355742686266293,2.0568030342949553,2.229224767290344,2.1487985064070583,2.1788320227888613,1,9.512121157686227,1.4343177449145639
sub-074,FTD,53,F,412,0.44315383797190017,0.560847589168582,0.40043372660987925,0.33034999553554756,0.4141997575225124,0.36434468137333176,0.38273332806215327,0.12752646621689875,0.14268046635416406,0.13281481494906297,0.11175449740377828,0.12280368649818657,0.10518304984253296,0.11209004534722934,0.2702257133702948,0.1910758864585075,0.2582366823359564,0.29353419133526704,0.32740771331119695,0.43284369827175917,0.37646432461453144,0.0838114914338965,0.05984042879871983,0.11399800006400085,0.11199077253771272,0.08820964758327697,0.05947465128015521,0.0771195167959335,0.07528249100700997,0.04555562922002611,0.09451677604110109,0.15237054318769458,0.04737919508482727,0.03815391923222148,0.05159278518015285,-0.2985662410905733,-0.10849604594425154,-0.28230965526571344,-0.39223822913652684,-0.42453716574358213,-0.6118964397685689,-0.5222962293478065,0.22392747947474786,0.4740091839159725,0.15726906906920254,0.042446758658757425,0.11149196669861346,-0.019756159665037226,0.03831198764067277,0.7595875518451233,0.7082660097146088,0.7737206921389913,0.8302909211829146,0.7786374598498239,0.7480316381784885,0.7657415381684557,5.497971506014761,2.816628123438219,5.922031048006912,8.539255679855787,5.698976582034036,7.862508070333471,7.023370943949205,25.721806416996024,21.81544325679314,28.78876284926626,33.91587041635513,23.886784506952285,21.158047695648165,24.151198349834573,-10.563554707313472,-10.4566902639696,-10.75941565783553,-10.496542686408574,-10.777065288299857,-10.457547003564159,-10.597871948868368,11.587165639900283,9.561248000976478,12.38265509324875,15.71111683845145,10.885951485394942,10.288562030766585,11.086028270543496,2.6028249395149117,3.0979251474993057,2.437191638556742,2.086009242639282,2.4334810790136197,2.4060713475099824,2.4090742464690678,1,9.476707308911994,1.2414535699295985
sub-075,FTD,71,F,184,0.1673836179465563,0.24722212284470688,0.12037842450377066,0.13649925086270323,0.12434538875383343,0.08478271892399823,0.09984052108312645,0.14020117306583949,0.09137065527648384,0.14237949529647795,0.20679626318616479,0.18341561136102635,0.10982866429919574,0.1438642704349446,0.36556103903344406,0.19744516415874228,0.35721980474414144,0.43456328748522344,0.4742131782201973,0.6654957468451654,0.5747679516935714,0.17894229797234992,0.20706823518428227,0.22531056435688646,0.13783261439975483,0.16822687740182118,0.10924161615476517,0.13769936884651068,0.14791187198181022,0.2568938225357847,0.15471171109872325,0.08430858406615374,0.0497989442631219,0.03065125377687541,0.043827887941847096,-0.3975168512167834,-0.32478689061934973,-0.39832450906779254,-0.3195075209421798,-0.41309085414824614,-0.7835178826833004,-0.6126410091015458,-0.26151895441560785,-0.11259700218617093,-0.3453577394708341,-0.24568556114212564,-0.32041180851837536,-0.6003151150286108,-0.47786425565275004,0.8602053654590023,0.8952336318891312,0.905369453958722,0.8274245917401846,0.8448312894767245,0.7584829616150242,0.8010968680606929,11.199499841418987,12.956521086865552,11.646373093171976,9.11777109928738,9.996405347929608,10.347714829223811,10.212196323182761,31.94885754581441,38.12764152071553,34.108374489946144,30.33110484353864,24.81753681069017,21.01632472470081,23.59447763631649,-10.224889535400353,-10.07000489195994,-10.485179297422098,-10.171291324977538,-10.53733888667393,-10.015073538344442,-10.264014773654747,16.45247773241727,19.8232774682724,17.525720239040712,14.379696038020251,13.135316463296354,12.166120189464555,12.868383988471823,1.8038323838113792,1.7902951916501084,1.689975544247769,1.916039155670315,1.8464850479142771,1.733605275849023,1.8108002579290718,1,10.916807436179846,1.537574540151132
sub-076,FTD,44,M,337,0.22634219103405473,0.2514712638281343,0.17969910994621197,0.19777913455352902,0.24238458324440082,0.24141758253207313,0.22320422822710384,0.12335584454798552,0.10203708588201062,0.12483524821269103,0.15850285834716438,0.1158667070771397,0.13669207298975042,0.13873401516894499,0.13320341912996314,0.1026865467151827,0.12723532935683657,0.16823682527445183,0.1523040155106911,0.15024690038131527,0.15988314943726872,0.23577471826433977,0.22115827753210746,0.2848160727883921,0.23300883447306084,0.24761846664749457,0.20113637404889956,0.22885920762067696,0.2813238270236568,0.3226468260425649,0.28341423969586826,0.2424723473517938,0.24182622752027408,0.2705070700479615,0.24931939954600552,-0.04151318957889162,-0.014927156607830085,-0.010187888164735454,-0.04666508280762398,-0.12188225351920819,-0.05069487473090161,-0.07989860763246379,-0.027068988290174012,0.026640311253233382,-0.13238375385881415,-0.054654232195732615,-0.04823904014214287,0.029846177249930928,-0.03287914529403117,0.9342249178283716,0.9213025856092321,0.9597480248056286,0.9433661609096343,0.9266841038014489,0.9341971550073322,0.9335343676574842,13.144082189554876,14.179258607400609,15.061550018452627,11.690632210184674,12.03008963695475,11.222651771388785,11.718442936074027,36.528283678438044,36.81727959045079,37.645726507839406,36.57657257839901,34.7241053650509,36.450323412450096,35.44092205597913,-10.462237087633666,-10.362151396455586,-10.518914654192065,-10.528051243974819,-10.580799834034542,-10.418048224635735,-10.516583176554779,19.456072797811803,20.147241387807444,20.331056882331893,18.81497299585324,18.194166297314094,18.899565960710653,18.476678627620323,1.5656730620144181,1.5401097913089496,1.4976740192607252,1.607456513891203,1.603626172922444,1.6166465034984885,1.6071336786844068,1,8.135745076809407,0.29224092423603487
sub-077,FTD,61,M,298,0.43587179250693286,0.43557111348955174,0.39120592288018424,0.39455588585003576,0.5105801334365618,0.4744922754272406,0.4820552437507066,0.07411884825875606,0.06426804617537919,0.09098812530875973,0.07273319410383074,0.08898258551780791,0.06376844239684241,0.07962740538957873,0.11272327224026443,0.07038653095241833,0.09584563089434996,0.13032674045901083,0.1371887934891003,0.21431311045585075,0.16994862331043475,0.15267082667530732,0.15053135314876004,0.15151584290495493,0.17994644514778227,0.12467932082392634,0.149327481505873,0.13957182450790248,0.2246152603187392,0.27924295623389056,0.27044447801175114,0.22243773443934045,0.138569166732603,0.09809869021419358,0.12879690304137734,-0.140501913732685,-0.008946268692966481,-0.02425948132764888,-0.23038453022367367,-0.18679684585005576,-0.5261026888212206,-0.3249035572981838,0.2810648850216685,0.3379792440030251,0.2863392758904646,0.17350650083071187,0.3600519660837443,0.17058918907252563,0.26265507218217665,0.8377867363445798,0.8395445593506737,0.8779316242507244,0.861478047073442,0.8040946794834408,0.7745724877980189,0.801065403771651,7.646993328062655,9.449017589971803,8.950135616597036,9.157323860701384,2.9266177992524374,3.445097206516931,3.6308472126273057,38.16246427845091,39.64808456333859,39.531434192091744,38.71983573571156,36.00974118603869,33.023680134979806,35.25271077202988,-10.749666845338604,-10.542589616734556,-11.069658054744004,-10.74842003052392,-10.981681460083124,-10.648922038857279,-10.833449983111029,18.044498426199873,19.761249488374382,19.567107762879857,18.442203082136455,14.914632022766535,13.651345996845961,14.728119938901104,1.9223779860962535,1.8405303059702451,1.7917287764542216,1.8355740738067379,2.1658918132236202,2.2131557648883122,2.14945392893066,1,10.370002710411267,0.727776681771692
sub-078,FTD,62,M,401,0.5197791139094605,0.5871186918173512,0.4516188080361016,0.33995132380550747,0.64245283857825,0.561976043246604,0.5455464952715869,0.0821240185156911,0.07659295900063945,0.09393547760640235,0.08617418288237441,0.06716442551860007,0.09810459894457499,0.08527636359615423,0.10661556291860795,0.07914676329505078,0.11542898263702224,0.15474537175049022,0.08637049718076369,0.12364421296643842,0.12038574663946004,0.16643895889816362,0.12725073796282788,0.19494893681888226,0.23856566719595343,0.13941012083845303,0.15712260578474707,0.1706091856197374,0.12504234575807685,0.1298908479241307,0.1440677949015919,0.1805634543656746,0.06460211788393337,0.05915253905763532,0.07818220887306136,-0.10855976962061938,-0.028665535985879332,-0.10348114444507868,-0.2610924637034414,-0.09767688559506121,-0.10706646297821372,-0.139552220165868,0.35630826762220746,0.5125745849755566,0.24366833641145988,0.025510656959961922,0.5347179123308128,0.3723168079631905,0.3591726075059632,0.7700221449636429,0.7349018462137821,0.8219448122147313,0.8780643671110915,0.6767173674317236,0.7389319117145051,0.743300056722908,4.243360818422289,2.0653025672665093,4.877518008674726,10.065128675812149,2.491264604297163,1.8999375184968361,3.6363618782301748,32.18165351374352,32.85582851267365,34.378055945447706,37.244513129592605,25.883237821142004,25.849341677135904,28.21658981112309,-10.664380933409266,-10.473589555141873,-10.933992108765901,-10.683269912884922,-10.78997843983151,-10.701559775725512,-10.772083252484574,14.06764048825661,13.72175479199714,15.294746392649705,17.62378022799229,10.843164484642456,11.162016094524972,12.138900228548875,2.326142634815863,2.448021344667885,2.0329216738449976,1.8447299398196382,2.8433210752098987,2.5264563211914792,2.5120318855689305,1,12.873668465065924,0.35746143098257477
sub-079,FTD,60,F,325,0.2689787502352864,0.2871096594236334,0.28013430365215103,0.240125347819368,0.30403118282835884,0.19391539389300272,0.2558147340938474,0.06849750496678508,0.06114310280317742,0.08711977779283349,0.07523827891873308,0.07361653842373499,0.045144405211018285,0.06453434775707262,0.2999392533038082,0.17826581829429639,0.20321692462269478,0.32205996515342467,0.43373597283011295,0.6259432658700802,0.48285191043887515,0.18330817304932392,0.22032537900971588,0.22350667456686368,0.17736479948843842,0.12932011083447503,0.08631904035568685,0.12529532800153417,0.1792763184447962,0.25315604046917717,0.20602231936545654,0.18521160862003558,0.05929619508331796,0.048677894670211094,0.0715036797086703,-0.5978975256077675,-0.4566075763021668,-0.371768047334002,-0.6134936106460567,-0.7702176039411045,-1.1419342780114343,-0.8768194707461393,-0.15634273758446596,-0.06370786780735757,-0.0870837558403058,-0.19794775205942203,-0.17399885329490172,-0.47475905190501966,-0.2843910742641402,0.8675222906858873,0.9010802905228618,0.9127520404883297,0.8907210986362093,0.7988062771583935,0.738901070943409,0.796040904573808,11.333242046227125,12.63370129351907,11.203904451673052,11.116499474583346,9.642824893897794,9.944751944317975,9.764630930751549,35.350614696118015,39.44781096566099,37.579528161611755,38.42899036338139,26.836657341489897,24.281242251892508,28.693911924490976,-10.422524014602764,-10.221889354271157,-10.774901269257498,-10.436995953475517,-10.675830053257672,-10.187276508053415,-10.464921841159478,17.32261780373624,19.840985481809646,18.409246428959758,18.158645078053535,12.553488646051036,12.360027180537244,13.301661648666341,1.832998797043109,1.6893983848737222,1.7888022161540265,1.814651641294297,2.121195335237971,2.0062946151749195,2.0457545859117148,1,10.25366812134869,1.417949722731965
sub-080,FTD,71,F,370,0.1340986732433768,0.24466093074725612,0.0942098343378996,0.08303905409025439,0.053688471752281586,0.02969857088090241,0.04722821112947322,0.06152636117510067,0.0468973261530344,0.08919986779211618,0.07737331012770957,0.05920401657178979,0.04300734282655799,0.05357911552370871,0.5909835847700662,0.5400102201321892,0.47122001919455375,0.577075118571551,0.6962353839400842,0.8189749430079071,0.7363991448108045,0.1490888118102853,0.09785476266263346,0.24549113664131458,0.18701303612158277,0.16156419943225728,0.08924296652496994,0.13500589237602217,0.06430256900117128,0.07057676030488695,0.09987914203411631,0.0754994810889024,0.02930792830358756,0.01907617675966221,0.027787636159991625,-0.9968447291258503,-1.0624522682908188,-0.7359473747655613,-0.8807845171335845,-1.0702153877589085,-1.2806288096238378,-1.1412285842262315,-0.6422355689256303,-0.38734085065351626,-0.611593382125278,-0.7034262634471647,-0.8828807078328819,-1.0969812656746094,-0.9457591363725919,0.6925726128513753,0.673903569891751,0.8121562216569935,0.7468075915602121,0.6514007696099112,0.5318266574461561,0.6153383470041881,9.15378431008848,8.293491597612544,9.736756725036509,9.680950449511686,9.606495188783013,9.556951584443988,9.587436055280246,26.079465585758825,26.985571804421856,30.90932661155216,28.201399210866168,21.009048725825238,19.02506032143384,20.62098469996669,-10.219446593818992,-10.125159995683015,-10.636334397137219,-10.251626927316043,-10.308085525390386,-9.726798917966356,-10.04792619549932,13.26261888553492,12.745814001035198,15.381066287896493,14.322398674303692,12.225375474333399,11.330070417006336,12.023883336857486,1.8583784793390992,2.142011608065405,1.6932741102891196,1.7614418256376991,1.6366787492851003,1.6397419848557968,1.6681412789396646,1,9.681016730609711,2.1813205379690164
sub-081,FTD,61,F,390,0.46273928631394956,0.5688143235253965,0.5232091985146247,0.37921394022036414,0.3847079757430057,0.2848694458164588,0.33388453296775966,0.21770465892952728,0.20361911704519536,0.18875549950579748,0.25524127396430996,0.23175941506445863,0.21427243038832125,0.23808960636898377,0.2097624513267208,0.1331058891528393,0.17220945155643821,0.23629766823859666,0.2640762922493643,0.39984872338301325,0.31310613125640735,0.07026182422036265,0.05365501332670032,0.08458707158714009,0.07312846739880993,0.09023697523086986,0.0712017784253591,0.08029192140063855,0.03953177920943974,0.04080565694986869,0.031238778835999594,0.0561186501779192,0.029219341712301606,0.029807621986846847,0.03462780800621063,0.049452966060875764,0.17876404333340182,0.050416137351131624,0.06510402648880959,-0.06015698114609976,-0.2714677613737536,-0.11093028891295405,0.4178934532418146,0.6268348686389821,0.48695247045667406,0.3281248307980471,0.24253475091087476,0.02558527191338418,0.1671299472689294,0.764389648789269,0.7332071651878743,0.7220064812447594,0.8016036678997773,0.8035577641773622,0.8039228814077584,0.8039857911414536,4.60705591759709,2.692953900528008,4.112261125153807,5.837581472247736,5.954485965708245,7.56640898453578,6.658365705828936,21.409695217371706,20.84755893587052,19.062169967406035,26.080142888358594,20.093003216830468,19.532602736412414,21.031080903117907,-10.83461242572683,-10.740880747654442,-10.920261101403904,-10.842016211237759,-10.999570252823903,-10.771955973797107,-10.89367738791896,9.746444720781227,9.189533252336119,8.842732656114848,11.16438893920956,9.674738743196158,10.322873486859605,10.215952953542518,2.7452332486203734,3.0494421687467566,3.002539327299195,2.5611034720728014,2.3838798189620474,2.204832607742432,2.355947252597678,1,10.808370449554081,0.8992127253366853
sub-082,FTD,63,M,352,0.2847596419479354,0.34396180053632375,0.2168666178327865,0.23240809033495533,0.2566839807595324,0.3262082180698641,0.26602453899119777,0.10836476828271151,0.1096260154146442,0.1082602434215131,0.10885294080207422,0.11313153445107264,0.0959806963214778,0.10475348185918502,0.3879470801179473,0.31666311890994425,0.3302824163486274,0.45602478870109747,0.45115723934301794,0.492967283996032,0.5040149392708512,0.11457681576867047,0.11386665900731353,0.16172020027963055,0.09624302058371657,0.12918582938783882,0.0611013576081349,0.08975153730406975,0.10435169388273524,0.11588240613177415,0.18287052211744279,0.10647115957815621,0.04984141605853821,0.023742444004491443,0.03545550257469617,-0.5429185653124926,-0.46024167507570557,-0.48471377320214676,-0.6044124134849835,-0.5999982866651814,-0.7109875909327517,-0.6809753521717129,-0.10877632110604613,0.021201107114527266,-0.18999809779252766,-0.20397838288766235,-0.19743654491844734,-0.11847019556649638,-0.2067677752602469,0.8210881716480918,0.8230861158664526,0.8907441891025916,0.8002935958462717,0.8276743354578997,0.7413212465910082,0.7718860695729728,8.515523926700027,7.416020606851402,10.191404535332753,8.805842257257545,9.006359909609555,8.533073997741809,8.806429457125244,29.27749449438685,32.246889242020984,35.32139950339933,28.65068813681438,24.785993008084528,17.809620308747093,20.9175660962878,-10.62735227106675,-10.645577776205313,-10.73096031721171,-10.5234570971048,-10.791328897506524,-10.369976342128584,-10.549399905078973,13.9013320504188,14.319877443340875,17.336827688246228,14.062199335884241,12.03001412278276,9.76842203897359,10.883688949377923,2.046807105398904,2.1490848912520293,1.7883365905394764,2.001837189220436,1.9836980347884083,2.26114406547479,2.1071929698654395,1,9.256998827775218,1.460209675323842
sub-083,FTD,68,F,422,0.4726954068359814,0.5946757974776108,0.4855784050377583,0.3505459113777794,0.3868367476795846,0.39952652193861293,0.3964215003621415,0.08843302844280099,0.08039014223152088,0.09710881605872833,0.0787165685314441,0.11175273761874542,0.08802280481718744,0.09274120585130842,0.13700270984238064,0.08644197506523398,0.14116663014799966,0.15155779517019813,0.1866883995532256,0.20408069588206282,0.17986680323089296,0.13730740044781542,0.10253916688657246,0.1329297634708035,0.189842361283301,0.15213528858205044,0.13825091950536028,0.1526664436332774,0.1645614544310215,0.1359529183390619,0.14321638528470973,0.2293373636372773,0.16258682656639434,0.17011905785677667,0.17830404692237983,-0.16964447172724506,-0.02816080388534587,-0.1594140843767472,-0.28550653318726005,-0.22465303514907606,-0.3659459221468626,-0.2924694434438314,0.3234301786921818,0.5726361620332663,0.3255670265860265,0.09067063820324017,0.1637916191627762,0.15298088542961014,0.16173312261631917,0.8011238388599476,0.7438579361234623,0.7876556162893631,0.8571782089239175,0.8539233805934145,0.8304487795653837,0.8340286802361395,5.354867322487988,2.577483300600606,3.8752202149602404,9.133836024431334,7.1713446058060555,7.012528731521645,7.074845346641685,36.529038893103746,35.873736505351175,33.84145491861323,38.6086792440027,37.011690138538555,37.9707156420234,37.433993874303766,-11.019054219653288,-10.769950238865533,-11.338425869092006,-10.862582064303616,-11.436885974029794,-11.098057357386935,-11.168521293934855,15.744962659140858,14.26792942912836,14.850631053006927,18.28247628744079,16.234895185170426,16.446150327741286,16.58291705203078,2.1616749849887897,2.4136955132750004,2.2384214557779045,1.859465973271841,2.0090781032357987,1.9977967758667647,2.00491624901983,1,12.22225544135664,0.5631522588053279
sub-084,FTD,71,F,273,0.5650978783881699,0.6904397929160291,0.5011938121817172,0.43042203937074736,0.5302714146764047,0.5438486504528346,0.4965440240908004,0.2517961896997097,0.17224976221956884,0.3015199023782441,0.3646325910727888,0.25995269390170883,0.21771555781324403,0.27447677092363215,0.07697852929613924,0.041135674178105895,0.07949225293096919,0.09116747486936055,0.1058985035045699,0.12690008429792243,0.12005417861905188,0.06575970241584729,0.04991130259894684,0.08310393235844088,0.06705200578123595,0.07429043898486747,0.07983204527680088,0.07578779504583417,0.04036770020013378,0.04626346808734919,0.03469010015062877,0.04672588890586668,0.02958694893244937,0.03170366215919802,0.033137231320681304,0.5455813856117957,0.627910319321954,0.5775722978694179,0.6519417091656238,0.38872297618300994,0.23201071627533038,0.3525339121760686,0.7895310316307945,0.994207845841931,0.6938735506352528,0.7237160201791719,0.6437224195862129,0.5669913443552463,0.5970351367902168,0.7223828074746841,0.6668377638197706,0.7525515812151968,0.7616831092025266,0.7503627229873414,0.7509668229314419,0.7603402902261235,2.8551624140979452,1.4752245851948598,3.3971066075925624,4.681017150323985,3.178270053749157,2.7356575930879217,3.6853136307099037,21.64690585857957,21.34854658002562,21.74144738144028,24.19297109548677,19.87899792380799,20.10908247757027,20.619663882230434,-10.374511403751985,-10.199702196084408,-10.598523833503549,-10.338258302701542,-10.54304242126725,-10.470034661789118,-10.510234743925428,9.29952980476458,9.005079619365466,9.44798692416886,10.22277298104112,8.831714010199008,8.96265711385032,9.181102426070378,3.095201760567035,3.4970997387321345,2.820231236570967,2.815145117047576,2.925460318362461,2.9157400733290704,2.8637519735541033,1,6.509950551588446,0.7255983372432286
sub-085,FTD,64,M,85,0.4726399511862003,0.4694801780501563,0.36056170274243154,0.4969651781947269,0.529592478698131,0.5177372845430579,0.5434661338045362,0.2992574007060623,0.22534531406525288,0.39073619994531156,0.31553122068923983,0.3426917427066891,0.3230323521227267,0.30831643291712824,0.059264524268453356,0.05836624542664594,0.07568956305165768,0.04829900123482603,0.057349330757562746,0.06257477837356339,0.05513218447816386,0.07010237823907003,0.08515917268718688,0.09291887143286966,0.06081440064248847,0.03926473124122634,0.04801128356989019,0.0459221881519128,0.09873574560021399,0.161649089770758,0.08009366282772949,0.07839019923871875,0.031101716596390747,0.04864430139076209,0.04716306064825893,0.7016670588915804,0.5900480403615891,0.7293407123180534,0.8130160475721094,0.7772916697244022,0.7146882499965499,0.7527413774751631,0.7893430772161538,0.6913406121912687,0.6616246061459973,0.8840824180012682,0.9568065455909355,0.8832555272760854,0.9329760401131215,0.7685042411950924,0.8139517291209055,0.7966311137170309,0.7316476627980522,0.7008349329822372,0.742464843785202,0.7106283840746519,3.8805491709363165,3.978806168766089,5.485314420836762,3.5242593965580626,2.927328017618916,3.2719130824140565,2.7245829427972135,29.333019754463354,36.75660651580362,28.37916723931532,29.243027797582844,16.900343579009284,23.610243039436575,21.692869154338798,-10.538591005816345,-10.402451354692639,-10.729356779123712,-10.421659251404428,-10.694159080580848,-10.729442521465375,-10.605874020540202,12.466434438848172,15.676923613698147,12.251131618740585,11.521917629944985,8.25498290947248,9.758887468904561,9.383714502618748,2.7307291076168254,2.227896106379086,2.533679866412515,2.913923414609126,3.552780478931924,3.1867528027981287,3.3370087920153417,0,,0.8020150453222765
sub-087,FTD,73,M,278,0.5224327331604856,0.5368912978467433,0.46009050803957835,0.5068911112377433,0.5564783298153119,0.54535594330319,0.5050631907122437,0.15511922812618914,0.1816573299459936,0.14834284446789014,0.121261963255499,0.15216957923036653,0.144539450329436,0.14162265271186944,0.1671115274745645,0.14373643998426497,0.1486089404348362,0.21695485918691165,0.15131569738330877,0.2006852959623946,0.21836538308857084,0.1077324572879305,0.09293690403171072,0.17529363457056313,0.0954575858203735,0.10452739509389868,0.08753246398691251,0.10068812971732748,0.04760405395083032,0.04477802819128762,0.06766407248713258,0.05943448049947216,0.035508998477113925,0.021886846418067266,0.034260643769988386,-0.009470035958407414,0.09275704391767972,0.005322769549463642,-0.1588948188749961,0.016270289430832557,-0.12921494603720154,-0.14663517479670812,0.4074236358663496,0.48813495533909457,0.27720655387842313,0.3438553362573513,0.44821670601998936,0.386206634681169,0.3217952357552485,0.7804986789669864,0.7727712670219625,0.8264306024003805,0.7779445773612246,0.7720387263907087,0.7564448677004199,0.7755803562445701,3.5893353629686957,3.160423628920344,4.389195262523727,4.511751157826257,2.948235497966385,3.007554790593723,4.074940721838343,23.707919336253127,23.216857335386567,26.403181390375053,26.593111148967786,22.010943822934284,18.158822902652105,21.298989282485895,-10.472912892534374,-10.478819320872503,-10.774848758921204,-10.186098636196956,-10.632226603798452,-10.333994539549401,-10.402887288289252,10.398366783010138,10.070977803525675,11.85989409651028,11.389504538694474,9.476056911327268,8.753126537111179,9.79898473013717,2.5704493286383836,2.7360390439059232,2.1729787927832995,2.5243625178681555,2.5975078885950036,2.6386769105901453,2.517833972682563,1,10.562867647838857,0.9246513007749151
sub-088,FTD,55,M,362,0.2325888114429939,0.2801824079308689,0.18615228911252393,0.24578592875979802,0.18309425157233825,0.18351361240351158,0.2126246760894453,0.181223525799196,0.22567756977724865,0.16984118280683044,0.13380504145352093,0.1858757337762326,0.13056654309035526,0.1481895691169364,0.3610308975987569,0.2920986928667129,0.36545059811009833,0.3475688357943089,0.41692253531535656,0.5387507304278949,0.46831355515363055,0.15090784459076267,0.12471738939541979,0.21288352845553624,0.14247908780124663,0.18011473525037122,0.12265808956692179,0.14039844865518888,0.07424892056829051,0.07732394002974993,0.06567240151501097,0.13036110619112506,0.033992744085701694,0.024511024511316048,0.030473750984798837,-0.29219129696319923,-0.10204645460528841,-0.33489386809405713,-0.38509174332628715,-0.3529015934311574,-0.616778051091488,-0.5088195233709575,-0.09121887138101221,0.08908892761976608,-0.212754472403246,-0.11018617073163378,-0.21030464527516105,-0.32342950680791926,-0.230109602745002,0.8490483559704144,0.8508973395188196,0.8757609938368379,0.8533095330193781,0.8486526922629847,0.7945790982145793,0.8097322398928589,9.036146419363604,7.371029069644899,10.013708649791253,10.367615546870484,9.77443854694955,9.627337351344908,9.445866612173146,26.048996390351174,27.673161468495675,26.606839671625973,29.094674762355275,22.058182929707588,19.422517141890406,20.634947796608376,-10.338574943681698,-10.28712808792945,-10.562623106088006,-10.254437443682345,-10.461353808666347,-10.166673397726832,-10.268674388738992,13.077499092279236,12.798815466566737,13.626737831306741,14.9693456318411,11.97616066084491,11.097348241759512,11.3579847242875,1.9460204613917584,2.1363871147320355,1.7653159833338254,1.9201540999939337,1.7949915942322308,1.8290699153226264,1.8986730211830734,1,9.828274008633342,1.3072387602387217
