participant_id,group,age,sex,n_epochs,rel_delta__global,rel_delta__frontal,rel_delta__central,rel_delta__temporal,rel_delta__parietal,rel_delta__occipital,rel_delta__posterior,rel_theta__global,rel_theta__frontal,rel_theta__central,rel_theta__temporal,rel_theta__parietal,rel_theta__occipital,rel_theta__posterior,rel_alpha__global,rel_alpha__frontal,rel_alpha__central,rel_alpha__temporal,rel_alpha__parietal,rel_alpha__occipital,rel_alpha__posterior,rel_beta__global,rel_beta__frontal,rel_beta__central,rel_beta__temporal,rel_beta__parietal,rel_beta__occipital,rel_beta__posterior,rel_gamma__global,rel_gamma__frontal,rel_gamma__central,rel_gamma__temporal,rel_gamma__parietal,rel_gamma__occipital,rel_gamma__posterior,logTAR__global,logTAR__frontal,logTAR__central,logTAR__temporal,logTAR__parietal,logTAR__occipital,logTAR__posterior,logSlowFast__global,logSlowFast__frontal,logSlowFast__central,logSlowFast__temporal,logSlowFast__parietal,logSlowFast__occipital,logSlowFast__posterior,entropy__global,entropy__frontal,entropy__central,entropy__temporal,entropy__parietal,entropy__occipital,entropy__posterior,SEF50__global,SEF50__frontal,SEF50__central,SEF50__temporal,SEF50__parietal,SEF50__occipital,SEF50__posterior,SEF95__global,SEF95__frontal,SEF95__central,SEF95__temporal,SEF95__parietal,SEF95__occipital,SEF95__posterior,hjorth_logActivity__global,hjorth_logActivity__frontal,hjorth_logActivity__central,hjorth_logActivity__temporal,hjorth_logActivity__parietal,hjorth_logActivity__occipital,hjorth_logActivity__posterior,hjorth_mobility__global,hjorth_mobility__frontal,hjorth_mobility__central,hjorth_mobility__temporal,hjorth_mobility__parietal,hjorth_mobility__occipital,hjorth_mobility__posterior,hjorth_complexity__global,hjorth_complexity__frontal,hjorth_complexity__central,hjorth_complexity__temporal,hjorth_complexity__parietal,hjorth_complexity__occipital,hjorth_complexity__posterior,alpha_present,alpha_iaf,alpha_height
sub-001,AD,57,F,286,0.5216361687344224,0.6163181937164371,0.4129254624451506,0.4693556968731615,0.4809624592212404,0.5188866487235724,0.4891609959654645,0.24343486507649703,0.19547559792124533,0.2625536967525966,0.22473495525616355,0.3443276841753377,0.2686746435981343,0.28852465575267294,0.07292394788371626,0.05786541805793809,0.08094783001552482,0.08777950016256204,0.07512778550811285,0.08057611808194054,0.08263290651150149,0.0674041473669291,0.052664940176377927,0.09612293667824312,0.09080683977753728,0.0460811609244716,0.06109228340935703,0.06277084581517839,0.09460087093843536,0.07767585012800163,0.1474500741084853,0.1273230079305755,0.05350091017083718,0.07077030618699565,0.07691059595518257,0.5231142477631916,0.533039469321997,0.5118028414598768,0.410613699797907,0.6609005664860484,0.5236646996086287,0.5389816231343427,0.7565948414491844,0.8912564676314322,0.5873049685303012,0.5911642123668783,0.8386746028351048,0.7469555752753736,0.7377825338434322,0.7737841974061657,0.7123398398636215,0.8481222629016211,0.8231995574587971,0.7709163828362464,0.782803352311503,0.7899527594195532,3.4385593097831917,2.26151090088005,4.78194233331216,4.08149396449582,3.9137223378738475,3.544540354089494,3.8717538340084596,29.63319843146751,27.025431658785028,34.3297281260263,35.2361771834337,24.437953235783635,28.302497883611487,28.24776678073378,-10.539913123007453,-10.324684573719145,-10.850429486600584,-10.621674483718259,-10.659868581879964,-10.483982590396444,-10.58083032161646,11.932532415690748,10.706470763675526,14.59646642354011,14.184179125940998,9.744337083737319,11.00684676339962,11.22246859506421,2.7674481631989725,3.150996499731992,2.155835759983391,2.3454665928273153,2.9976891051992407,2.841049317899687,2.7846322749443684,1,6.406356020165344,0.30748997132363876
sub-002,AD,78,F,381,0.18544827245134277,0.22551077421398694,0.20278592905561021,0.17922178271202682,0.12344500205871534,0.12468091644325993,0.12719528757912474,0.19148660044286947,0.17122645189359226,0.1900734270210387,0.22029212695584297,0.20899558569238033,0.18064234959787245,0.20198086656972183,0.4724689261629016,0.4470621680034728,0.37524991585398554,0.4672004092476746,0.5400257992718123,0.6164228193513642,0.5675635447662973,0.10817016967523348,0.10194251136688803,0.16884487718744512,0.0959836497298989,0.1066787686306404,0.06556505394368395,0.08609888567442432,0.04242603126765283,0.05425809452206017,0.06304585088192034,0.037302031354557036,0.02085484434645136,0.012688860663819699,0.017161415410431844,-0.38876229566364917,-0.41707217180782225,-0.2946987920966,-0.3192143945187902,-0.41329930069027704,-0.5330632792593937,-0.44970688792511637,-0.18977885607680567,-0.14552526261227874,-0.14156799859917904,-0.1492149742741623,-0.2890979242521236,-0.34913188076139967,-0.29851081743568936,0.7562389294079295,0.7587526893204554,0.845796351066745,0.7601704922345538,0.7228383724122733,0.6553423470661008,0.6971419949582695,8.214038541164365,8.113170527496505,8.393940802505465,8.172504360118232,8.288174915636226,8.269086997374709,8.273198840284708,22.947794852789553,25.034148886367195,27.193063590805636,21.83602488459092,19.690508282567507,16.387122419974027,18.025958347548322,-10.397700670044175,-10.324952041118209,-10.71461247261574,-10.349800100663911,-10.43720579054096,-10.213496625443035,-10.317351148564658,11.363023227391544,11.761138012835401,13.027024405950804,11.020988179647903,10.461403743405578,9.510119031965388,9.997942904425738,2.0337336170373708,2.1924130584034134,1.9645949159609726,2.054244166189498,1.8599721338461048,1.8016847503534634,1.8531285399855062,1,8.476435086083134,1.7997051770914272
sub-003,AD,70,M,142,0.3718893882486305,0.4851863745489637,0.27141704017056245,0.25570072530647814,0.24796236142710995,0.5443263244311511,0.3279874886623171,0.23799481137735165,0.22487929607813423,0.281843457139412,0.24486522788913212,0.27482896925892647,0.1491340764355988,0.22283620420634004,0.32306043888125824,0.203149152355441,0.3867194415574806,0.4416480925782422,0.4281206847009919,0.25249576158371695,0.40048491543969394,0.040615063030889687,0.046385641419597834,0.03820837016786719,0.038409285075656774,0.03552134432574642,0.03608021193312566,0.03437924395114298,0.026440298461869887,0.04039953559786315,0.021811690964677444,0.019376669150491077,0.01356664028722492,0.01796362561640722,0.014312147740505961,-0.1176823651948199,0.03959241151941947,-0.14581946898759837,-0.25203035172773935,-0.2024076168792299,-0.2301545774130361,-0.2558620148960046,0.2385444162424596,0.45497433378664187,0.11806671775987991,0.018126643751343485,0.05297539616461094,0.3809453276606966,0.10888358439647512,0.7461525498705596,0.7598032316180294,0.754848011044167,0.7422663652556046,0.7413806623498084,0.700262172505041,0.7196222606468519,5.55878255356921,3.775741260790437,7.106966981201066,7.601210399687972,7.390558121653815,2.6446313924827054,6.19408893924293,16.196677003438737,20.39579979102635,14.612490530723512,14.254878050024068,12.66605611549891,13.055556194694034,12.554588302809606,-10.419093160433542,-10.544634979612056,-10.39230591904566,-10.327702016885654,-10.286875805408553,-10.400985975023818,-10.270638631623697,8.813578934362194,9.202867261793449,8.799932985700197,9.026346461817479,8.49568082060928,7.522850827064609,8.253245250561195,2.56751671639731,2.909482208296376,2.3294760255956746,2.2685825822604104,2.1253720793973674,2.988783754726748,2.36464101622494,1,8.820269082949984,1.5468156053011146
sub-004,AD,67,F,334,0.5467660038679851,0.4981816203371862,0.5208776145142776,0.497621455133199,0.6293294059004396,0.7300879246772338,0.6367131829646823,0.22087740229799885,0.2000835067574607,0.23321926721009087,0.26862166272622073,0.23697744442008636,0.15550465528216906,0.22188454172845767,0.05140908536588907,0.054886487152320244,0.05175583910257375,0.0522127909317704,0.05093160126518448,0.03782686352764717,0.0475270806213232,0.07349226536896049,0.09607384628663584,0.08538748523121274,0.07196267077169574,0.039261918433181976,0.031018611961915583,0.04002165358878799,0.10745524309916625,0.15077453946639693,0.10875979394184498,0.10958142043711412,0.04349962998110734,0.0455619445510333,0.05385354109674836,0.6310815032778706,0.5660508043316544,0.6470121241014338,0.7139460437494616,0.668164207543115,0.613439881013234,0.6633031374214846,0.8088619106334474,0.6735651733626102,0.7433965915925237,0.8122246596724774,0.9852134514162526,1.1093456603904968,0.9976203340988606,0.7686682009397673,0.8102270139397846,0.7751148933190164,0.7859006243876034,0.7121481555156791,0.6638575381112939,0.7109298939966754,3.85387974582344,5.271783320406061,3.9227294795073995,3.8305425829077997,2.103650706230704,1.459960519478718,2.136622988379856,30.792809723301815,36.23582256478742,30.879100278882955,33.092143480938454,21.180963528060072,21.431930722319834,24.1899375759502,-10.41410361102003,-10.313192181294951,-10.566742867306859,-10.415187461740054,-10.58198709206987,-10.284341807612744,-10.482895424657027,12.809761498413234,15.200801648981251,13.03535627314644,13.26436735432735,9.103977184221149,8.752193568785259,9.706410307335329,2.760062202382186,2.3496009807621414,2.6170285131079716,2.609582732439208,3.4205146617771653,3.721507262757153,3.3413489231773914,1,6.716389220727176,0.5387964205814022
sub-005,AD,70,M,354,0.5658027366916031,0.6930706378189418,0.4474468244374879,0.44604756455654887,0.5604579888288753,0.5454264171912919,0.5146487621177428,0.1615158158852973,0.11743200840099566,0.19870582298074466,0.2230679288154774,0.1674531502038692,0.12801390409896374,0.16976584374599626,0.11136575997171966,0.06754475150493527,0.128758915064082,0.13615753493389954,0.14077351504877214,0.1449543744269831,0.15198397690924767,0.09538753714494455,0.06270594683030224,0.14224733676935358,0.10605050777696416,0.09383228630788276,0.12049033880113255,0.11032002999812958,0.06592815030643531,0.059246655444824804,0.08284110074833216,0.08867646391711015,0.03748305961060062,0.06111496548162902,0.053281387228883856,0.19330315697924633,0.2819169537291344,0.18719845818277647,0.23421107799748533,0.08789641529922904,-0.03139381296710908,0.052092075029025055,0.5957267095876753,0.8539368505529804,0.3775400327265384,0.45328791438340693,0.508969524568382,0.43428459943829,0.434040037857211,0.7206375442338829,0.6393544510631665,0.8065144304451279,0.7925924624487921,0.725121880328529,0.725676700442736,0.7497393473908939,3.0208468238465698,1.5108161116580547,4.572593905951698,4.460506015909084,2.667244446822764,3.6294188747593594,3.6971825704620707,25.204716536184904,22.23953978972612,29.41106961661323,30.48188660079423,20.785282132725456,25.348117004118674,24.421969481385215,-10.485575622876917,-10.265857078529395,-10.774073632428097,-10.482274959898334,-10.727926555109265,-10.464918441375142,-10.604246502668287,10.660942282146891,9.188740406662962,12.659497418290002,12.639837535832081,9.38277065148568,10.775283080747403,10.55468456109448,2.9878384709257038,3.5932290304168606,2.3781083687793987,2.4757646618553055,2.9443137061718914,2.873001431197632,2.776220928779302,1,7.923583217968902,0.42390864926002614
sub-006,AD,61,F,307,0.21196930554221682,0.2345774110190301,0.2505196227969932,0.25688198279988583,0.09035341052776374,0.16761394849754785,0.14782161928165566,0.044417338880791774,0.0485973090950252,0.04940419708861755,0.05685388616156564,0.021375094006548273,0.03199742856905359,0.034125748602739314,0.5536330499929775,0.521226733172768,0.4472122009284741,0.4271128006141147,0.804453149576427,0.7034967818430167,0.6906348675805241,0.11517775123697727,0.09952445635765371,0.18506886601161798,0.1531659389958272,0.06519494484652338,0.0641254452206297,0.0882272117970987,0.0748025543470368,0.09607409035552308,0.06779511317429722,0.1059853914286068,0.01862340104273791,0.03276639586975243,0.03919055273798259,-1.1059991354371819,-1.0359078575240515,-0.9530343986574569,-0.8670510019422809,-1.581673402219046,-1.3451505801197319,-1.3372906668924347,-0.44043879492022914,-0.3455098251701968,-0.33190579981043694,-0.26785821317867087,-0.8924989634525599,-0.602560592394651,-0.6646231913210345,0.7703097665315902,0.7860128580437904,0.8145728648606867,0.8400457174030237,0.6412569927387954,0.7030615576915697,0.711402100840027,10.742819335862283,10.799620403154327,10.712762746684312,10.531344268878035,11.038239615942997,10.568920197954506,10.685329796679772,27.27332795282013,30.372486250703528,27.19209609342035,32.807789186012094,17.02349608805037,20.853947030098595,21.79357009512452,-10.228660421694315,-10.183813779815262,-10.449889872045349,-10.348979972096428,-10.056204326595228,-10.071824534588847,-10.136913205234988,13.742943271111073,14.482446728226746,13.557983811930216,14.997268780060528,11.785879434260977,11.859065097353717,12.41334936875123,1.8164458427637462,1.9057019775800883,1.8021795662736253,1.9161325902120703,1.4825772164225068,1.8268782302569369,1.7082502456462514,1,11.31240663164411,1.8859412750468767
sub-007,AD,79,F,373,0.565803522345803,0.632309879752996,0.48102670549607623,0.531925150392253,0.5444989093542476,0.5599101600896506,0.5306307778675763,0.24819123515365757,0.21037454038479816,0.261771821431849,0.26642437770833505,0.28315043001056367,0.2712737100326645,0.2823054081612292,0.07634551903585542,0.054482495468583296,0.10484199051101921,0.08439329293616528,0.08674744812698414,0.07842295287124945,0.08676810296964461,0.05219903613720669,0.04517447960876026,0.07849506221286061,0.05333730144495111,0.047007210923851885,0.0428521520778317,0.04911187620732617,0.057460687327477514,0.05765860478486249,0.07386442034819508,0.06391987751829595,0.038596001584353105,0.047541024928603515,0.051183834794224115,0.52152764339267,0.5817063379179402,0.40092098596377745,0.50388660626123,0.5145183451361199,0.5376082203452681,0.5143861498424128,0.8192460858530384,0.9404111847368034,0.6125194715365846,0.77023408874806,0.7975054301100754,0.8358931390589436,0.7823033381687593,0.7517427952394482,0.7164905101223061,0.8059506886785588,0.7699964937443418,0.7537405648405834,0.7543099015792909,0.7657686607540259,3.092109872270393,2.321592653574668,4.0246191939429385,3.521650469404799,3.320012889590521,3.1892204349476057,3.478799829550298,24.502976983309352,24.07695006777313,28.276512484242588,26.712021208903643,19.845308785969,22.90218178110824,23.26235118282917,-10.36842187528561,-10.25278213149567,-10.51717644911202,-10.379844754967024,-10.43708300540675,-10.424191663266257,-10.423218190735847,9.949420352588339,9.675231600977629,11.282419134736896,10.565066015375695,8.792771096459534,9.413265368621499,9.688898076563799,3.094359185991364,3.303054690703997,2.6096484224019814,2.980729271907566,3.18885422451045,3.176508335270195,3.0747105842191,1,6.688284983161461,0.3526723674598493
sub-008,AD,62,M,331,0.857098853450244,0.860188901242514,0.76853419363639,0.8868789168363104,0.8707197430935508,0.8991392146609869,0.887381920923174,0.06523092261906079,0.06380284849231291,0.09190255723800574,0.057664587345925465,0.05829396795578948,0.05575983267543861,0.057211288752525784,0.027968898201358002,0.024607491941872756,0.04945289418165749,0.01847022980304565,0.02814173885707133,0.026245901952161848,0.025073712766721767,0.030114305204206448,0.02531177205673018,0.0656716642339539,0.020119370929735658,0.03065858350011334,0.012760583780833445,0.02133863904064497,0.0195870205251307,0.026088986266570174,0.024438690709992553,0.016866895084983045,0.01218596659347484,0.006094466930578848,0.008994438516933406,0.39821642789754264,0.4405698939257154,0.27125391669362825,0.4919003301809671,0.35039175204067075,0.3247922728232686,0.3767509426070962,1.242430822567795,1.2814322324623588,0.8770967367257096,1.3948894702235397,1.214114003007582,1.3914849507287772,1.329549342236188,0.5695015797097868,0.5787879918553117,0.6381224844601446,0.5337482924734845,0.5617978962199595,0.5171298797822569,0.5365037464924773,1.234838156805237,1.302703390378974,1.3340380817115713,1.095493729186098,1.2586660485811922,1.0914569695120004,1.164523507568312,12.203913230850993,13.4851831403658,18.842836734293662,9.483450977489175,9.796755558938672,6.812744306977294,8.009859169244772,-9.884674677914711,-9.711722795312397,-10.171283543958035,-9.884216925542434,-10.09095613381249,-9.751586288855714,-9.920178686844125,6.138477030248088,6.764664164566229,7.608412003793774,5.515551508851136,5.448277277040721,4.023070272421012,4.694161015026801,4.841574485951614,4.597241880120864,3.5431941749173443,5.545576124182645,4.7564723983862445,6.363958927796631,5.637550979190357,1,8.47089930798544,0.38951091519277625
sub-009,AD,77,F,295,0.2202421619196643,0.31416163724402085,0.17983027150588857,0.1791409060709161,0.14540829618093987,0.1465951442106636,0.15533414650720254,0.16538827513453888,0.18300804599228407,0.1891416519174268,0.15982521659539184,0.13381089563217374,0.1265811982899405,0.14071435404932311,0.4128436567054775,0.3348939933191559,0.3783136070634989,0.3929145641724172,0.5460471356451122,0.5775155196772392,0.5315221794204658,0.1342589202545494,0.10992996628035771,0.1857140050814111,0.14968922913580668,0.13496153411969167,0.11031309336369993,0.12588018760455916,0.06726698598576981,0.0580063571641814,0.06700046443177458,0.11843008402546819,0.03977213842208236,0.038995044458456626,0.04654913241844949,-0.4026569019374273,-0.28990392289429584,-0.3112804995741882,-0.37675091761808865,-0.6197219499896262,-0.6605713286936252,-0.5829425464067466,-0.1617513064001821,0.049340797526698635,-0.19581853395276896,-0.20898299273861465,-0.3902437623887633,-0.41227077215564745,-0.35275464885508384,0.8337873560459494,0.8157270264684395,0.8687217646925642,0.8729244253995614,0.8150553408142849,0.7944207807375843,0.8188080341881724,9.001228311318712,6.787826495269831,9.125612941293225,11.255516481455686,10.095074843554835,10.41221158389989,10.083447090851504,26.288892898343946,26.154521486488303,27.706071780400404,29.93107255203949,22.871301639212252,22.475452098060487,24.21159435497822,-10.339259123314134,-10.214493160012895,-10.546195151476148,-10.33188742175862,-10.445618550544728,-10.320740214890584,-10.375907144411613,13.065251794794492,12.017394729818955,13.52671843814816,15.368189823851464,12.470823011020114,12.326318674725995,12.68461230503371,1.9814252031105912,2.1877084174918813,1.8612838941581442,1.8734733459430926,1.8434947910894266,1.8624452485714869,1.8922579210512063,1,11.142253338592518,1.3116077483557849
sub-010,AD,69,M,632,0.34762212758710104,0.46553226803423564,0.33445922142654533,0.22707517064148458,0.323260984747542,0.23231662341353534,0.25917942607105576,0.07452605451770562,0.07578539870219222,0.08602347769699341,0.07353784759681016,0.07200472418762037,0.05863062443998971,0.0648571712467466,0.2818964646385869,0.2084229702974953,0.2035321268597765,0.3676942296643819,0.29338067951833385,0.46777834912941285,0.39768136446277375,0.18623654085045882,0.14582221904487905,0.20395891492858934,0.20555243226930683,0.22427681775549724,0.20541090785753865,0.21246824993003943,0.1097188124061476,0.10443714392119795,0.17202625908809557,0.12614031982801624,0.0870767937910067,0.035863495159523195,0.06581378828938432,-0.5604541343702555,-0.44455126816747537,-0.3742058853416354,-0.6919410151857435,-0.6144559236850194,-0.901510094019794,-0.7809890827709839,-0.05263692670517037,0.18618324858579666,-0.016486958679876845,-0.282449738898134,-0.1318212140065041,-0.36433043692356737,-0.28699246639758297,0.8350238233217393,0.7898172509999641,0.8764093795272164,0.8777751696248032,0.8542226216169987,0.8168676020907193,0.840124786070574,8.228821074900283,4.639746385735137,10.767602062508743,10.681047621090016,9.06344766239261,10.826018031947655,10.014560893337906,31.066997456624605,32.714313864479884,31.138234616033056,33.837902594502154,29.286215575074134,22.323896836589046,26.983921547111926,-10.730037427842637,-10.709646819339682,-10.846717707137488,-10.606760834884383,-10.876633823284694,-10.65304273141414,-10.736631885483604,14.819596483581234,13.95807420819699,16.604690864438595,16.414312018525543,14.391309044031004,12.610282965576781,13.827781648067475,1.9949409426354952,2.2278013383133586,1.8973722152834955,1.8237999734887298,1.928397933489083,1.7683791008041223,1.864654786034119,1,10.96029297715036,1.079019921079011
sub-011,AD,71,M,326,0.3218878800178678,0.4421136652381161,0.2216963298481629,0.2663863075616187,0.2548472553494694,0.2629490389166515,0.25526860999809076,0.2675637430917406,0.20982127466223746,0.31710709925510394,0.3634497049823674,0.23185987755233337,0.25713122287781354,0.2816298308078223,0.27287468761414535,0.18958115477876156,0.2848131630425208,0.24115416892013922,0.4213903429259374,0.3871618938157495,0.3673900457910202,0.07847089176567827,0.07724886977190883,0.10185192035850958,0.07279282773898177,0.06882426471712011,0.07350249448085447,0.06963327411809701,0.059202797510568006,0.0812350355489758,0.07453148749570222,0.05621699079689341,0.023078259455139843,0.019255349908930845,0.02607823928496981,0.0015819273426319641,0.04439847508245124,0.04663604656192777,0.18073977870041746,-0.26314885462665577,-0.17707669833731854,-0.11890819959847586,0.23806919367828597,0.39742574351036575,0.14363473063071916,0.3034640804055414,-0.0030830880552729666,0.05291161298318441,0.09269786377125604,0.7773919398734579,0.757650503290366,0.8296925360164628,0.7924098006323523,0.7589159751813491,0.7657142992201462,0.7656691939858266,6.45458559706914,4.841618825289961,7.4992474281086485,6.961723813708788,7.8151178287238805,7.477901770975599,7.46851930461699,24.773949229423106,27.822621488981063,28.789841750542113,25.302055753304543,18.063407754444963,17.08935670399611,18.511765750096608,-10.2645921993524,-10.257802294822767,-10.639268774701076,-10.010943735158701,-10.376247234181362,-10.066156378327054,-10.177533502709622,11.310621781113797,11.814734899711976,12.8481717821112,11.44869327960717,9.629149782620608,9.485965865277116,9.78325266298523,2.403718525382358,2.6092648627143156,2.203357910064861,2.451367662489411,2.232566090767244,2.1462776454053207,2.2795275451726718,1,10.232118999416526,1.1691995670325053
sub-012,AD,63,M,383,0.631952957532962,0.6413838291541142,0.6289262999023331,0.5742508875334503,0.6787159957846013,0.6487444759264376,0.6278323637737442,0.06448481761527733,0.06896729023985955,0.05513442332151184,0.07557031506279101,0.04736374928903431,0.066332362464225,0.0634488915698491,0.16457462611828969,0.13259413141648993,0.15610292152094904,0.21946935946688095,0.14576502326138094,0.20763885205878044,0.19590930600181447,0.10457545440174087,0.11150085573596494,0.12929662797571304,0.08955537193455096,0.10984948198813639,0.06538391292578477,0.09411073653697886,0.03441214433173017,0.04555389345357159,0.0305397272794929,0.04115406600232677,0.018305749676847193,0.01190039662477239,0.01869870211761359,-0.39120254772485524,-0.2662876272485348,-0.44420656044496215,-0.44567673214194925,-0.4875013239175485,-0.4955022171885886,-0.47972405108692967,0.4376845065934981,0.5077615041319402,0.3929738575831285,0.3442404189423278,0.45648917738050815,0.4181621578463304,0.38717632539047386,0.600468691717911,0.6192747938995818,0.5848933844410121,0.626185076440996,0.5298342679718164,0.6125291611703827,0.5934604089618526,1.3203612977968724,1.277783970687255,0.7859577154403263,2.4252797456682673,0.6473982541323587,1.0705949859693298,1.7159090770341787,20.523581803777052,22.287013588976574,20.348393946929153,21.547070077695764,18.282074891234426,15.929636161827066,17.92278034854259,-10.235068622243583,-10.176149418353878,-10.427928142847932,-10.213781469513492,-10.287764306469303,-10.115527334072627,-10.25543090543781,8.626820530806336,9.368172911542548,8.51194869025644,9.353542133831517,7.20828022397851,6.878762213245812,7.605499002134005,3.056700808549459,3.120608713618366,2.9626895648290748,2.9609493158694806,3.140745737057344,3.0394755989869893,2.995637600614161,1,8.48419871290539,1.0076127979870417
sub-013,AD,64,F,379,0.524091413102991,0.5513701219760873,0.52580222638777,0.46092871250616185,0.5367546737738035,0.5333802223074262,0.5275573329453895,0.24372075579435623,0.24395134863323684,0.23342062459340804,0.2507820041754424,0.2742978225842755,0.19837578071264544,0.25215298034792333,0.10963046178603199,0.07569638399988023,0.12710625560687214,0.11301220249811936,0.10913263251955352,0.1961693057818458,0.14128156914129683,0.06357053157497472,0.059505252321574165,0.06706073220766066,0.08276407513862759,0.05191069257879444,0.0516663793798124,0.051645911230362704,0.0589868377416459,0.06947689306922127,0.046610161204289464,0.09251300568164886,0.027904178543573206,0.020408311818269884,0.027362206335027752,0.37453532071666285,0.5097830804226805,0.26271826172233537,0.3616298263516896,0.41211638978677084,0.03833313536187715,0.2779682034862693,0.6653109266819629,0.7769752569986627,0.6030052519154104,0.5640623819745239,0.7165559329861293,0.4935738626819701,0.6284418431882367,0.7645825919080934,0.7578059176242007,0.7662174495089943,0.8058321713423019,0.7453502801826115,0.7321979742201724,0.7431306645499054,3.371489420904274,3.009186352995499,3.421719214741053,4.126663329859856,3.2701040542170596,3.205935699949474,3.3092990444398294,24.103614957404684,28.453369875873626,22.527038160305324,28.09468176774981,16.55618144751278,14.58335458255999,16.509078709425076,-10.465084836083946,-10.338583280198023,-10.769367894495486,-10.414299975662287,-10.645819672095618,-10.281883160893171,-10.469369557190983,10.297109985746657,10.99995869249978,9.704617543561056,12.224032604493315,8.141421066709736,8.105566316451178,8.298983774171624,2.9204610838029375,2.9046280968495197,2.950091024854698,2.6237943042406138,3.2867003525823346,2.9754062825178123,3.1512194910041105,1,11.312618024257551,0.7671619383829249
sub-014,AD,77,M,434,0.6650247593113164,0.6971159430843491,0.633513573999301,0.6035729452969688,0.707568046061505,0.659061091977138,0.668697265598959,0.14190402256815682,0.12939317374382303,0.15595681892646399,0.13761130371319347,0.16238843083317622,0.14247162422826165,0.15246426682606495,0.05126380987941732,0.04184674608526838,0.06059962399512208,0.05927686146057417,0.05081068526688481,0.05487339574186653,0.0547219694891745,0.06438815044672892,0.06015851307111885,0.07490058495467022,0.08243712525791651,0.042850234106638165,0.05963215438721313,0.0555635289167633,0.07741925779438036,0.07148562401544054,0.07502939812444227,0.11710176427134703,0.03638260373179538,0.08396173366552095,0.06855296916903797,0.43732989808894657,0.47905708693648646,0.3805663098613357,0.3665358889653297,0.5063076931744289,0.41455144508298325,0.44690385969540214,0.8590456906327111,0.9324575837114116,0.7676446882649263,0.720674455337228,0.97208613579886,0.8463873712506775,0.8783449455985638,0.7152103174108766,0.6928281347662255,0.714674581350028,0.7665418469439214,0.686629744923411,0.734559360423538,0.7216806878211031,1.8682560902552974,1.692970662034811,1.973703303618094,2.156156926722233,1.751024352341856,1.9236302029190968,1.937296700426721,27.880684873512553,25.648085852791002,29.253676859037427,35.46077794467304,19.122599142615815,31.612235921774776,26.897425287063452,-10.289939730220276,-10.052026993613895,-10.731923248734233,-10.305309886478026,-10.468328163794418,-10.161336067694961,-10.330083133017379,10.873454357602386,10.282872784806269,11.031598228226457,13.472410241701049,8.2268997618997,11.475194181809396,10.406475055180703,3.0870053210786197,3.304307201643227,2.9009391580365445,2.504206840628153,3.6824559757540443,2.8779689625534015,3.1524429133584846,0,,0.04764676858660266
sub-015,AD,61,M,434,0.260374440818254,0.34256543377561616,0.27710218503212275,0.17972520086212956,0.2088405536645669,0.18621365978946286,0.1852722263980487,0.13182110702157065,0.13193027611918223,0.13971370747743656,0.14821259934026912,0.11654546837235401,0.10973058783255947,0.11636311894887943,0.45593498691244455,0.3481136072803311,0.43668433394585277,0.5082928719926864,0.5573496430265409,0.6053480407431014,0.5941822609374672,0.09048101086567009,0.09399422741534466,0.09632226274075438,0.09587771810271688,0.08274404708787157,0.070234906321787,0.0729447936743697,0.061388454382060476,0.08339645540952569,0.05017751080383349,0.06789160970219765,0.0345202878486666,0.028472805313089163,0.03123760004123486,-0.5245472931692379,-0.4131235453689525,-0.49165343310689485,-0.517949470942323,-0.6811913381771028,-0.742100777505784,-0.7082351018738763,-0.1455679954605194,0.034210106942974924,-0.1077267077601477,-0.26788135708719846,-0.29784155804138396,-0.3585162182986523,-0.3487617969683984,0.7871065098583773,0.7926591024261701,0.7940427392361841,0.7869425027893744,0.7802699260315925,0.7678509816825752,0.7600201079497034,8.185706599148304,7.0752006700102,8.3626197035134,8.733137278084087,9.25258600758459,9.111927224058022,9.086642386435672,24.54324230985593,27.062289695205155,24.588184993019652,25.077450236967895,21.348171613307755,19.383352626986415,20.10647834482192,-10.513559331070242,-10.45935039092719,-10.77179772793243,-10.438550601615699,-10.589272709975917,-10.352380416828206,-10.433624732523809,11.932302493397726,12.365160883125071,11.37190650482323,12.641194502063192,11.23940758150811,10.879450462717255,10.993615036374404,2.1524041851980313,2.309662670541089,2.1914267130345224,2.054309509839413,1.989328032128278,1.9842692750644635,2.0119400051260365,1,9.000646120096054,1.4716816587903985
sub-016,AD,68,F,409,0.6658528970486153,0.6551741276645365,0.6244202651106346,0.6535391035670963,0.7540954616272192,0.6576412778949933,0.700653353500991,0.19646618780556876,0.22309726876081482,0.2252035714848748,0.1748212246390118,0.13071773067672687,0.20206394096962516,0.16593659281081946,0.053443911466436,0.044744161129489354,0.059125106385471186,0.0647980861436446,0.04523259928057031,0.06497986419157775,0.05757586967736302,0.04246568612299692,0.03417416456358102,0.048479887426977,0.05374977287798151,0.038707704870241076,0.04553350799414701,0.04319747107635367,0.041771317556383206,0.042810277881578436,0.0427711695920423,0.05309181277226614,0.031246503545242638,0.029781408949656283,0.03263671293447314,0.5310052976643904,0.6097145567167098,0.5694838155882039,0.43462462448893,0.4600324651820302,0.49702570917001365,0.462947404375044,0.9717968506793119,1.07058636922311,0.9067522397681103,0.8477923818556803,1.0234898490291358,0.8940698922653487,0.9419713397937713,0.6640302533696446,0.6498476897717299,0.6833173150652132,0.6864088426917856,0.6272502601333818,0.6951514446291054,0.6573077493702809,1.896730231505779,2.2558426070481175,2.039740893650063,1.6384029785456722,1.283511581409323,1.8618034049560632,1.4659188689463456,19.7938424672247,19.71717961177991,20.934582539874217,23.465556957354472,16.138282668752733,16.490963069755555,17.070050879507246,-10.60865510371968,-10.406954123040148,-10.844948413347531,-10.63482539427626,-10.7881937767541,-10.638519980991498,-10.708367911549711,8.095613352917132,8.211376699671444,8.2985456504538,8.854267479583072,6.9476561457298835,7.590670750421047,7.295276640450131,3.706979908761617,3.7753493039104873,3.4996365225272235,3.4877798623303438,4.109741156111142,3.612960326930424,3.8845178341821587,1,7.4591882884907275,0.2929194174257095
sub-017,AD,61,F,385,0.6605499284370125,0.7210900366512406,0.579221968107027,0.6801091137220233,0.6137468751987473,0.60173769946957,0.6265090814854324,0.20520511797079963,0.18851324590569038,0.22691883543643607,0.1983008784290309,0.22379135550902066,0.2169852167764333,0.21781343690029148,0.07424106054968693,0.04912902933174239,0.07652117578970537,0.05926782012041522,0.10785410063678087,0.13823991768036764,0.10676677430851018,0.037736254204382265,0.024258382471454974,0.08063466808462356,0.0324390287374076,0.03839315870096985,0.030170278638333853,0.03314085661520459,0.022267638838118345,0.01700930563987136,0.03670335258220818,0.029883158991122562,0.016214509954481416,0.012866887435295009,0.0157698506905613,0.468141781973262,0.5650908521492964,0.48065880094750496,0.5396895609330896,0.31622234829486534,0.1948281004937168,0.32268367922029856,0.9324796281463923,1.1278896343527869,0.7348417713073583,0.9876358969315838,0.7639460947725678,0.6874891541729161,0.7920839867449063,0.6743148759237008,0.6205629677917177,0.7383886731999407,0.6758153928596434,0.709671474499245,0.7102999267360803,0.6988183039666614,1.9817533322313308,1.7409021334299275,2.5222935448092745,1.6064124158765987,2.2973915558784204,2.291146706408157,2.100848080335793,13.98165808583441,10.607423710242518,20.88653953062077,16.0239476919985,13.501626011051556,12.069625133072567,12.657646273177901,-10.150358691783191,-9.944400922356156,-10.380078114460094,-10.107167311526913,-10.406529360519233,-10.228758508170946,-10.285675470502188,7.127241873630243,6.232525348479489,8.963823674387259,7.558085507752639,7.0773581139493205,6.71701538179896,6.859639251167777,3.8763909794672666,4.547648595490109,3.078097315574889,3.883787633101486,3.409961239286213,3.4092811222290296,3.5859676599032966,1,10.18220584895277,0.5554542875643147
sub-018,AD,73,F,406,0.3035476800273744,0.3274253640520518,0.21274454080246732,0.2915136838342531,0.33878476760296855,0.327392855801216,0.31287780496091205,0.3146539781990219,0.2807813404148548,0.2711477462091984,0.3866419018393822,0.32372466710767744,0.34088567778463763,0.359062116164961,0.19840204791319205,0.1907328307615118,0.22620092435384234,0.18343059615239143,0.19932955570987587,0.212097635109673,0.20167823647451266,0.12787350808312914,0.1302368754378143,0.23726246015338245,0.08055847675703016,0.10833045853926655,0.07946293120434308,0.09005169545275657,0.05552278577728266,0.07082358933376745,0.052644328481109344,0.05785534141694335,0.02983055104021225,0.04016090010012999,0.03633014694685797,0.20794144541741252,0.17155826130650362,0.08878689134798579,0.3589024723665002,0.21074756718286172,0.20788318436338438,0.25602118677276514,0.290254518468325,0.28536144947395675,0.01907506770920603,0.43340590139703866,0.33475071977735243,0.3611023682663238,0.3686675857341412,0.8386417308013125,0.8496085052494123,0.883904377022966,0.8129423870920238,0.8191052736508485,0.8130674240447555,0.8124969295345765,6.408432967209163,6.118834445075611,8.047200840857782,6.327467880985569,5.873938009483058,5.927548593240018,6.021163435671335,25.155713698371464,27.494717004610457,25.048142179396397,25.61205015850418,21.09239660223194,22.312862128941457,21.895515356940674,-10.113339195524706,-10.09224311612079,-10.189529171622233,-10.044206895601683,-10.16746235396919,-10.129970371471426,-10.120598179916472,11.598542740819902,12.356224874755958,12.849819583596487,11.295106489276916,9.871937583801952,10.266520246491709,10.155254890168896,2.2739655365488214,2.2288701827516415,1.8476101909962417,2.5298575346984213,2.2804030229805496,2.549892067221033,2.4344572241562465,1,8.002637147096422,0.6713060450575927
sub-019,AD,62,F,443,0.450058317229333,0.519304343897088,0.39159808535173557,0.3589454238628134,0.4670639920988025,0.45210484613742097,0.45735533955806096,0.05407552157042498,0.050416935177676744,0.05598174121278435,0.050732518796115726,0.05847040761315243,0.06411492096603202,0.061015505719909435,0.17328200733446905,0.1112582109155743,0.14376971450758458,0.1648653168483678,0.2535947808952684,0.33099795467193094,0.2643893118635351,0.1449196335992078,0.12729770948778096,0.16639564630325968,0.19522229253146584,0.12781956222120414,0.0994271381356127,0.1267997056171298,0.1776645202665653,0.1917228005218799,0.24225481262463575,0.23023444796123702,0.09305125717157285,0.05335514008900347,0.09044013724136467,-0.48173866739160875,-0.3587145892797031,-0.4103358430984336,-0.5198430716885529,-0.6361472527060285,-0.7116054906575224,-0.6305770060851367,0.18813027618316172,0.36063185776826057,0.13973741120938285,0.013663330187537175,0.13920830780905516,0.07928088264839289,0.12307447720727811,0.8010216894966707,0.7666596292207511,0.8596383520208702,0.86459024219917,0.7740812243326638,0.7466374990171011,0.7774850134143485,7.668100861430107,7.285030094637055,9.509899857869195,10.755602989013848,4.0656228155404515,5.474862864214138,4.918028443769389,33.89704022914182,34.10647729601362,37.50127762310541,37.893743065725964,30.472376476021594,24.90124436065716,29.98507029202429,-10.605943476276671,-10.459045815530882,-10.871703086634843,-10.556817116714276,-10.826771455078452,-10.488456624271787,-10.68564155435912,15.913918160164686,15.800186935206273,18.481141680991126,18.862210678108177,12.926828747086704,11.045191250009436,12.925316252005187,2.157461560830606,2.353303649766518,1.8964775869897215,1.8354806719006607,2.256851146238781,2.3583676100638673,2.243047516391082,1,10.458758056855318,0.9718174465231151
sub-020,AD,71,M,415,0.6239436284926123,0.7072320658705685,0.5772766453333226,0.5082253812311611,0.6838180442293527,0.5440594433264914,0.5841797270880212,0.1371023125882157,0.10263510772524984,0.137162494798825,0.1761240915482628,0.1417771406234693,0.17259145631970774,0.16402570229684257,0.09123059296658394,0.06444637992806448,0.07983055681329304,0.11849436179306178,0.08302273388975552,0.15985964379362527,0.1266634035376126,0.06716674442253986,0.054710989789170286,0.08223050395515628,0.0881362111287274,0.0473729999916217,0.07591792957441096,0.06958656445212277,0.08055672153004799,0.07097545668694667,0.12349979909940272,0.10901995429878678,0.044009081265800394,0.0475715269857644,0.05554460262540041,0.19987542178206477,0.2177038848477484,0.23947076769974707,0.1980509894614371,0.2321768931562568,0.0332794397556158,0.1321447300341885,0.7053664377187241,0.8504319369307456,0.6444939248768111,0.5346648294097056,0.8036743567730982,0.4828872977759937,0.6021451789919983,0.6665297003150314,0.6147750579764243,0.681823371975257,0.7641476284298623,0.6005098986451433,0.7285242872849886,0.6868641412091941,1.477851767726014,0.9075413648876859,1.0945437423297364,2.8301028665143253,0.7959502238973922,2.367250333920886,1.986304449898751,27.595860159701218,26.976601332675756,31.84089901836786,33.98789305383035,19.668750701212616,22.502306165765024,23.7338589454697,-10.501225056620482,-10.285449582608665,-10.756257791977115,-10.501922872246762,-10.726144047967287,-10.535115994354125,-10.638107018362707,10.82471721328554,10.071934954453699,12.598777059719133,13.20981888891268,8.310665503777487,9.79923956255437,9.790849895722449,3.0373654229936893,3.268087582382445,2.6206251396095017,2.494366923420751,3.690935239775562,2.960590564182394,3.1726656532830844,1,11.981897669507857,0.43684610452465655
sub-021,AD,79,M,432,0.3641473788245602,0.452300894337332,0.3124290058632646,0.2997997275855024,0.3503368631058931,0.2825987100279188,0.2875716276180022,0.12274196818058017,0.12345288964976034,0.12627711188714988,0.12293832672026574,0.1242841840835958,0.11224498654470058,0.11959709355745018,0.15309024056265905,0.11497473620190564,0.15633440124906908,0.20759066173980606,0.17364069524939718,0.1418017404112799,0.1783085325227709,0.1497591330210085,0.1226225633463444,0.17872555377083144,0.1501375123060692,0.17858237723949685,0.1572958708597439,0.1729965227539493,0.2102612794111921,0.18664891646465773,0.22623392722968486,0.21953377164835672,0.1731558803216168,0.30605869215635706,0.24152622354782746,-0.09071831938171691,0.0173796653844773,-0.09876082540347177,-0.22655672798453597,-0.14529964959311317,-0.10344869450803199,-0.16871796893294405,0.20957818842208745,0.3937172561333794,0.11619152499036335,0.06220907143972547,0.12861470927278368,0.12135489926883149,0.060781363731001674,0.8727029081719377,0.8230135746650201,0.9102651799962289,0.8990853996789935,0.8844686431327645,0.9198585822543615,0.9118474353057883,7.446479206429849,5.375133169692839,8.874573383189269,8.78625182258983,7.363992291077459,9.998234210578875,9.117701176956645,37.23368027698752,36.300813856289885,37.14086340494921,38.326412811913784,35.83008524647224,40.557865533407096,38.40878239478726,-10.530251518792882,-10.315049098306442,-10.825628189730379,-10.488606395361987,-10.831993190233012,-10.471072723790769,-10.642688090693142,17.3054206613126,16.09370389089854,18.052870162604567,18.02870874360472,16.145694755920648,20.71826779932758,18.633700085817846,1.9164496958761577,2.119788221745746,1.7386220997463553,1.8355241148683192,1.9121815885411835,1.6397595725454435,1.7544282158878086,1,8.64034909951916,0.45400130099917035
sub-022,AD,68,F,343,0.5945363224035889,0.5942575201660374,0.4752690696747531,0.6500492277812316,0.614659538046436,0.6332023751087175,0.6144028406809484,0.1626501480408725,0.1292727609017746,0.20673731462588438,0.1551198052577936,0.20067122006500085,0.1713693306801622,0.18526111920494828,0.09949640254580465,0.07061642416865176,0.13101931515620455,0.11155658236203937,0.09859003555461866,0.13053114880454952,0.12454492051799239,0.07252914747158504,0.08807154924990566,0.10990883305679411,0.04545324050457665,0.05481547402214507,0.042783536977825866,0.0483592185315309,0.07078797953814886,0.11778174551363037,0.07706546748636459,0.03782114409435881,0.031263732311799346,0.022113608428744554,0.02743190106457976,0.23784511087284713,0.27999173296567753,0.20468362513793184,0.19223153636785079,0.30953827511568144,0.12376156479605499,0.1894528225142834,0.6590222930294123,0.669585238363191,0.4551447856919533,0.7368114410009949,0.7281071813711654,0.6686626169115808,0.6745604204529496,0.7184046168296069,0.7456440858441012,0.7988562467214121,0.655567847581969,0.7002988934569777,0.6552211539953892,0.678899605137625,2.126188516021703,2.1576683655138256,3.8326349016620465,1.4640529927182744,1.7747372094258946,1.3077874708393322,1.6667161826342682,25.11569428668559,32.21745257128004,29.1624838382878,19.768665145988365,18.617569375230158,14.630601611779284,16.854246141866287,-10.166154295212253,-10.201648550235529,-10.211282185113983,-10.002383210682881,-10.309449884095647,-10.086831353511826,-10.156562787955524,10.48757204285785,13.087165643711371,11.895851502229897,8.410938770881854,8.095235486061314,7.018346629959246,7.684212145919423,2.9971363594487808,2.632163747532303,2.430004646525964,3.474850937169662,3.363613018932849,3.6200939258728155,3.4555570481256903,1,8.995796166840877,0.6824157831893505
sub-023,AD,60,M,370,0.3168940042038882,0.3817583994359612,0.23027252131585,0.221194971469171,0.26730517042264007,0.4855821613649961,0.30984304739904067,0.22838966802828864,0.22113502478100946,0.26487740812676186,0.19965404086561714,0.28733484742839727,0.16810279447123613,0.2365413946698592,0.21445613373972416,0.152215844442368,0.22047468342996202,0.26191317730785485,0.2680184642280142,0.2480117388764173,0.29683309792671725,0.13023847368245314,0.1253690537172252,0.17982863080762634,0.13615116269843197,0.12602479373253564,0.06739134976590967,0.10493445032376277,0.11002172034564611,0.11952167762343659,0.1045467563197997,0.18108664765892502,0.051316724188413064,0.030911955521440816,0.05184800968062016,0.031838279631081136,0.13776150167168472,0.05876200736451098,-0.06583213608584307,0.02240080024272889,-0.16978153859479928,-0.10436985856834403,0.2073576575990664,0.3498652551615882,0.08924676598257524,0.036095954584952655,0.14846175241893853,0.3166146673533963,0.1345134829343974,0.8378186237059484,0.8278555834105203,0.8723349690373653,0.8926772306518351,0.8341495747637331,0.7167011062643702,0.8043332494198768,6.62826185342778,5.213655982348145,7.818296446761399,9.771654375122878,7.007167172656399,2.9391874899729395,6.252204373215737,30.9244309668797,33.678958143496885,32.73881755812845,35.96747856150885,24.62914223703513,17.918843867354987,24.408129131436617,-10.420499832173864,-10.351856817423215,-10.665361930284599,-10.361073043189046,-10.566556739758527,-10.193225453227692,-10.41167879001911,14.142244420714157,14.61862666748896,14.69110846988228,17.362118015051294,11.635630873920995,8.971783614765643,11.335277464365012,2.2361544641889095,2.2505397372808207,2.06399938048616,1.9201885534222263,2.3366569518050153,2.9252167240305518,2.4643303316137897,1,9.153687088704629,0.9087122556231897
sub-024,AD,69,F,370,0.4587163386322209,0.5028598013113507,0.38318085739841856,0.4076361571050166,0.48168397911243604,0.4852263434400559,0.44365382562010763,0.34973900095224186,0.3313674031186272,0.37417772976182134,0.39234428820902834,0.3430200106066654,0.3022494111603152,0.3545754560020805,0.11483373972344807,0.09976448738298276,0.13392968988126258,0.11987581905972827,0.1178966147533569,0.12425372646093127,0.12510590333792,0.05575048480986152,0.045958792101731316,0.08883635060153429,0.056141118794055124,0.04562039869601967,0.054806471803183515,0.053631399961488115,0.020960435882227388,0.02004951608530738,0.019875372356963232,0.02400261683217137,0.01177899683152174,0.033464047135514124,0.023033415078403754,0.4867110474196437,0.5233431767990484,0.4434920579314674,0.5186547373805939,0.46802615859664415,0.3874670321365914,0.45219502837082814,0.6887195165907192,0.7732035728203169,0.5336453144686275,0.6626135635760162,0.7107067143697189,0.6448677323311724,0.6557347152544535,0.7595969981638976,0.7382692605576003,0.7940704007121085,0.7711594348621764,0.7489574357775658,0.7753684461465611,0.7686366663945291,4.138950595292372,3.476130670785282,5.063987543987408,4.840972830672067,3.9827848505875587,3.901469054322466,4.404197052431051,15.852269521582224,15.030470170734501,17.557725803977505,16.412887785379908,13.470447046698082,18.621880010687192,16.28370251808465,-10.245039788742597,-10.101434284567945,-10.515932188718747,-10.211636506125668,-10.324275571049723,-10.289273345162828,-10.301564774513663,8.095526742868628,7.653912764660755,8.728424810079531,8.568703338017128,7.170985016385725,9.132287965207201,8.337715602881733,2.9568643760179367,3.1950760717161644,2.530393903425059,2.8881179228403284,2.8660677870756586,3.0365169397320955,2.878052563813636,1,7.366981702808491,0.6851001332747568
sub-025,AD,79,F,315,0.2284100301512429,0.30451927449467064,0.18204715048579026,0.22646943289580684,0.16646055658821296,0.12837739930284184,0.14962638553185661,0.05165492180396421,0.041348208010714635,0.0816034436521441,0.05816194704630273,0.04669586178006111,0.03723017685924549,0.050427596632744154,0.4984620184217874,0.43510110238189326,0.46442486360052476,0.384740752023503,0.6483975285960191,0.7738202243285311,0.6803508605664651,0.10180316457342556,0.08627968817517442,0.14474783950488676,0.12868477510411538,0.09746013236534083,0.04446964682086018,0.07855077001047064,0.11966986504958002,0.13275172693754683,0.1271767027566543,0.20194309293027207,0.040985920670366376,0.016102552688520948,0.04104438725846362,-0.957763818146192,-1.0054435580021615,-0.7539934271646823,-0.7081798510359478,-1.1430058915548005,-1.3178451392301391,-1.141066259153748,-0.3302383515395794,-0.17268639176300468,-0.3616619187871531,-0.23940908623605045,-0.5444257982089814,-0.6949122204891853,-0.5816538531327221,0.7255679650422991,0.7164284620620622,0.8073696664846975,0.7905821593921721,0.6784405152588416,0.5755164592849711,0.6560571439859303,9.500412837290076,8.939229844665856,9.13018070488542,11.26524578967835,9.127606278389147,9.04944544365669,9.083056764558766,28.846014690875844,30.17614918626835,33.58767270721733,34.545055045836534,22.392614349172288,15.360076735123807,21.777758390249215,-10.268075866145754,-10.12871592397094,-10.740224905614582,-10.176818614557929,-10.50343942107098,-9.877081275342162,-10.209919447146474,14.573592937493192,14.537341120542354,16.3099543944389,17.769428560234946,11.759411209924266,9.925533457272465,11.592796409970418,2.0179858302589095,2.1648644285119354,1.9005520235541686,1.8511324027440577,2.070707937293742,1.9346851409078862,2.0434359568745895,1,9.353704656703954,2.0726378699857992
sub-026,AD,61,F,309,0.4091129056050788,0.43220837469397905,0.2243529299655378,0.38420809226875735,0.5042195387122318,0.512568404265153,0.4768732156485004,0.21022996614692568,0.19073763841059205,0.17406055155376146,0.22841548483036633,0.26790360024612037,0.2098257465981665,0.2552925930611757,0.08439164801118773,0.060733945705765915,0.1103200082710279,0.09191306175827046,0.10146986042860623,0.08764091957011053,0.09709281291014113,0.10516231169291507,0.10380466841746587,0.16732291192092494,0.10753865432236115,0.06031425234311557,0.07919256658077953,0.07359078236200144,0.19110316854389278,0.2125153727721977,0.3239435982887478,0.18792470682024465,0.06609274826992574,0.1107723629857899,0.09715059601818098,0.3933183764621342,0.4819393808087205,0.1827104753748303,0.3823353404868852,0.41888337929691205,0.38267528057836897,0.4165246718826793,0.5083697305867682,0.5778685695530893,0.12101413445811549,0.48295175956219283,0.6789906140900445,0.6410618051918595,0.6344695719283175,0.8454969768618821,0.8392020347712076,0.9351949859593695,0.8715932210623509,0.7826546726708065,0.7750532284186875,0.8000701805966305,7.3900126408501,7.269404074739373,16.109815504630888,6.1374216934074175,3.4925217909328006,3.083856496327746,3.7622414483779645,36.090126379987346,37.37024518904358,37.81917119653436,38.635597445641274,28.967821024285513,34.608659225714945,32.8490006547037,-10.21376510072707,-9.993068859247112,-10.417591013671379,-10.318872778638177,-10.490461334317084,-10.055203370283216,-10.322291087959488,16.51524500378541,17.49990223678786,21.406997463591285,16.93888933255619,11.141462530922496,12.944701050320798,12.690334416675721,2.222954824771206,2.144614802896123,1.7198330484198188,2.0715101670839795,2.8653620875665307,2.5911059870425444,2.618320895439932,1,6.125937632830888,0.2572882081606114
sub-027,AD,67,F,368,0.6029273720472159,0.6318384778308135,0.5388991704379834,0.5379687459142979,0.6674364967403376,0.6309343694446274,0.6295126870584261,0.263896094195486,0.2776568588691684,0.24809060059123847,0.23313037498399086,0.2707821034715836,0.29064408275281284,0.28018691992435896,0.032662898315506374,0.024627938508507728,0.03834060941994976,0.038319262527584524,0.028313145377677665,0.047480591965923344,0.03726721737751626,0.042189047058826784,0.028179012134681308,0.08060167794243561,0.06584674866728446,0.018989777641346572,0.021088723877227666,0.025771813453111195,0.0583245883829648,0.03769771265682859,0.09406794160839264,0.12473486790684249,0.014478476769055107,0.009852231959409046,0.02726136218658787,0.9120481871622941,1.0373524521717015,0.8049761798964572,0.773784581418007,0.9914000877045607,0.7915906312032992,0.8924835403479465,1.1089337556978103,1.2681353036187981,0.8215081517768472,0.884280377331988,1.3084247589114695,1.1329369957669528,1.1795528586352764,0.7195592019823942,0.6877211385541733,0.7838290736375991,0.7809650962292055,0.6735441302826426,0.6807984355543637,0.6936855040248464,3.023767897933203,2.7954442401749326,3.513119147945243,3.4904735907710247,2.625015608343801,2.7535908737775547,2.813400282980446,20.598753212863414,18.613893735330727,30.20177884336606,30.61203132517372,9.203415839809736,10.207672773433764,13.758741947274682,-9.799602616662513,-9.59829770378522,-10.01961430660721,-9.892155802765846,-9.917445348799864,-9.812281806403316,-9.895753157937207,9.228821621862028,8.055814595627362,12.091883559569325,13.281690346693884,6.023371615381033,5.742190867180186,7.165868603048257,3.4776777045948117,3.7608175965443578,2.611985717901837,2.733262490238144,4.286347128214429,4.061052356094772,3.925004585707233,0,,0.0793037633889373
sub-028,AD,49,M,394,0.42661885898833773,0.49614805922101873,0.34887641391404456,0.3901062230786818,0.40748257718058895,0.40161002031632864,0.3863215280281502,0.3744643667241768,0.3334800068210245,0.41786199810969443,0.405079782853317,0.4019439072349891,0.3503630362824352,0.3957365069633753,0.10850570758945309,0.08703250965527372,0.12619975942459952,0.11638793995081781,0.11658769188412915,0.12923338144161775,0.12341307569864443,0.06303208987093241,0.05428343816987468,0.08600352133595245,0.06109949139360093,0.057052283189855446,0.0720301306033829,0.06487101407744575,0.027378976827100155,0.029055986132808433,0.02105830721570938,0.027326562723582894,0.016933540510437557,0.046763431356235785,0.029657875232384483,0.5427197574522221,0.5833559799244882,0.5173792060143466,0.5439177716356179,0.5423837188036411,0.4366118355621852,0.5086338379377886,0.6817963710932915,0.7793736265452911,0.5644099160946815,0.6565316559294954,0.6761096630514106,0.5754151518996213,0.6240145130526863,0.76583459152116,0.7412308500942869,0.7893429508369708,0.774369886962905,0.7645373222785445,0.8015604605219327,0.7828678511086454,4.437886436846093,3.606518570814475,5.138103827802268,4.8999248022338975,4.756548044522803,4.895278739231827,4.977957190963716,17.86226285924636,17.611419956695215,17.418113113958842,17.623196322759178,15.41193316368632,23.56006525242107,18.806842487726914,-10.42288100880559,-10.265650463006583,-10.647335479134126,-10.408356966914686,-10.512510749888117,-10.531109685767323,-10.50888814625638,8.653438386411242,8.345014651798733,8.749763436740055,8.861767074327009,7.867166789695234,10.351183901304266,9.02159945890506,2.9250570720222084,3.193457215672339,2.5940327786859463,2.8865800634925476,2.782858724959509,2.772444546904516,2.769403942346869,1,6.9834961641136415,0.6328745776185496
sub-029,AD,53,F,336,0.6041450875369402,0.7252097903085719,0.46942736640204513,0.5499499675694578,0.5494599186333601,0.5729132028289068,0.5511274613400665,0.2621680182987241,0.1752175924080819,0.3139909509626588,0.33011252860516627,0.3242648433467654,0.25972585173512375,0.3141180115014412,0.0625803334388816,0.03943382864884494,0.09530623398391143,0.05462328920835689,0.0758955123222138,0.09044556952251623,0.07635706177467491,0.042349603928242,0.03129963022585914,0.08349492734278581,0.0347076617606992,0.03429425236215625,0.04667343844898049,0.03687404909977139,0.028756956797212054,0.028839158408642068,0.03778052130859932,0.030606552856319955,0.016085473335504277,0.030241937464471978,0.021523416284045926,0.6373897707942637,0.6464841120772037,0.5362462523176422,0.7872388589876639,0.6369769264305012,0.4581959441777486,0.6186176962737203,0.9698383400315895,1.1675530170097272,0.6632069341963631,0.9952806230357867,0.9055076874689929,0.783395492196447,0.8909204045150061,0.663830277601608,0.5682593190190117,0.7650957761037446,0.6921370205713593,0.7084842236010114,0.7228359799488813,0.7120460872403287,2.3708706787545673,1.3006152118234195,3.9477945096067413,2.5623713154687753,2.8932073751149097,2.584872748766397,2.8787338129851734,15.841516653719182,14.03389888020169,21.216970960512267,16.39347836979482,12.654465709320732,17.781650385287172,14.209665369687249,-10.063755848403176,-9.775141885433529,-10.430327999705606,-10.11417159188256,-10.265223057973415,-10.12101419052916,-10.196533238848506,7.6093803247556595,6.83204326577279,9.21053576029376,8.003653654503719,6.861074682670799,8.262238681519726,7.383301286802691,3.8542504105901543,4.751748694522344,2.8676766766422257,3.5485481559318295,3.486671296283616,3.355640198525838,3.4736662014843884,1,6.193859287504833,0.5915920150718765
sub-030,AD,56,F,228,0.7172224760737879,0.7079940556872041,0.7019637496136518,0.7645974485550788,0.7343800084978085,0.651923793518422,0.7156331720795138,0.16387852756849974,0.17490346127070425,0.20638424768345862,0.14055227655634084,0.15911800733731274,0.11532596180944393,0.14111279452527634,0.04485125313056159,0.03437511818191622,0.05407077590667503,0.04681685983908684,0.054684215835430976,0.04900778381229569,0.05247986920856306,0.032245686069178305,0.0373281032143025,0.02374911716847408,0.02201113611195487,0.02559123960777185,0.05765284901885652,0.03468249979033506,0.041802057157972694,0.04539926164587295,0.013832109627740577,0.02602227893753887,0.026226528721675996,0.1260896118409827,0.0560916643963122,0.5633906292802999,0.7087531018859734,0.5755465559714058,0.48147163018849415,0.45845813668469737,0.35762482220080055,0.4194208044550372,1.0688288187858894,1.0991586711390253,1.069779390491572,1.1319409173158024,1.0507820101645136,0.86209449386363,1.0012849721535584,0.6697050777524092,0.6822281765691461,0.6617559913254404,0.6352101234799001,0.6570088042115807,0.725832180390544,0.6740360308632224,1.738558976691283,1.879809860424251,1.8173870625025845,1.554397011706433,1.6403710778034375,1.6415445332104117,1.6175600429942267,18.282287204232688,20.77894780789342,10.593589102165799,14.430625400924544,14.605306836031707,34.29581640343822,20.7840786323494,-9.634877690061916,-9.525182733036639,-9.77146042552323,-9.543183384204887,-9.87959569476405,-9.630247541119292,-9.741360604039828,8.245381860219686,8.896092928465126,6.188746308462328,6.973822601025013,7.2277663374317065,13.122388251567997,8.980779926976217,3.7886066275910024,3.6297006001551546,4.062350315112507,4.262728634127162,4.011698616360065,2.6512801961082904,3.6466578106088217,1,7.436333687535942,0.44152293864312675
sub-031,AD,67,F,523,0.3031992313075083,0.39437857929768644,0.2386258914047242,0.24983772678539226,0.2469551580840549,0.2720206420754733,0.23401829180036016,0.15080358560697996,0.14697724766662698,0.14748601060692068,0.1718474774053491,0.16052410031637568,0.11250357523747209,0.14069002496140465,0.3967277410760561,0.31923449191631476,0.38914112308498655,0.42797461660384384,0.4595307150815269,0.5226358280579726,0.5133225507676239,0.09057983703435228,0.0802746276106867,0.12029740063556826,0.08708098549061072,0.10005439599060757,0.07485758926845797,0.08369224981987437,0.05868960497510363,0.059135053508685406,0.10444957426779992,0.06325919371480447,0.03293563052743508,0.017982365360624218,0.028276882650736992,-0.4046997141977916,-0.32477286936255123,-0.40776487370826436,-0.36723649045008566,-0.4565266845971889,-0.6770319237517395,-0.5671606357132738,-0.02673090282327074,0.1390907101422944,-0.11622585075193625,-0.08310722037542495,-0.1383555457376436,-0.19267452683388275,-0.20447248212829194,0.7869485508636826,0.7729119817562583,0.8409016890838817,0.7864525810073164,0.8122539676344677,0.7181806499659245,0.7601706261962605,7.379871482912023,5.738080685334111,8.594775904482747,7.890163902583396,8.619515704938474,8.4237314696962,8.540734852859613,25.306922410288866,26.39746700925078,32.23680065458341,25.890805550703647,21.108878988565092,16.22449779923648,19.141260257034606,-10.587254938751403,-10.56694346615195,-10.80315879344649,-10.56005867016619,-10.693399397346449,-10.229665160084712,-10.471534358262934,11.799550177826015,11.423858842909265,14.489054080092743,12.228333313499604,11.044758270163507,9.35483558678111,10.419964943236442,2.2481344284264884,2.490828153051498,1.987490821684564,2.215478540949797,2.037322293108131,2.1712017802827606,2.1294559213043662,1,8.83073258090817,1.547259369262754
sub-032,AD,59,F,414,0.3670142161644507,0.48075453747064306,0.27131910570185735,0.3128879967197951,0.3123905806071266,0.30265364951196494,0.3022236441401063,0.30586101371824526,0.2772891618872682,0.3208166884598049,0.34684268495040865,0.2923911197577029,0.3216704814908119,0.316660176309484,0.17822339309800062,0.12150376069599046,0.19445439682591384,0.2010869678061677,0.2226955359698619,0.2399602371890402,0.22660359532056915,0.11373319512905793,0.08184337582805568,0.17503996116452172,0.10412316117595771,0.1413422493180638,0.11119390025206163,0.12475177767862952,0.035168181890245453,0.03860916411804273,0.038369847847902004,0.03505918934767055,0.031180514347244562,0.024521731556121286,0.029760806551210932,0.2459478579942093,0.34739770245920887,0.21709166507772867,0.24136546256866429,0.11993909648088415,0.13233562486250924,0.1482195257130968,0.3821855776491878,0.5887428803408709,0.2068013364644553,0.33745403610355496,0.22161208861777282,0.25263469664378446,0.24797384509359108,0.801819793343627,0.7502316061300895,0.8494662654177692,0.8195013275527218,0.8361798449817398,0.8240055946044369,0.8301583673346495,5.423660592573694,3.6279702627712433,6.736582623078706,6.2350100219427755,6.519209455241967,6.473171548384179,6.500634687844918,20.843415274505514,20.360469297634193,23.09537588292089,20.91524329745917,21.477261042416316,18.061360583158528,20.2596645789584,-10.311417595524913,-10.124738884279084,-10.544029943516925,-10.350133785148175,-10.499124113665657,-10.256882406439672,-10.374301000500894,10.01873119984757,9.321221245915947,11.096909115905886,10.206446784433517,10.452683651775734,9.81638931745663,10.223812629180804,2.4554973277350407,2.825371845396567,2.043717148227115,2.424722494895363,2.173141616884315,2.26369001713703,2.241002645565014,1,6.927704042237754,0.6124300616482738
sub-033,AD,72,F,342,0.2792463716001892,0.33491795752647285,0.2306507667097366,0.20257198772117652,0.26495887368989823,0.33206924281733674,0.26458402992379404,0.11607234853310311,0.11846014670401664,0.12838561533238213,0.11750986030364946,0.09498036468474429,0.11800810696743268,0.10694595542478529,0.22757804398413697,0.14923486164481578,0.2165946890057471,0.35566928204216813,0.24659062818002694,0.2335528622294486,0.27022166725180086,0.19997593060694566,0.17652381134931866,0.2732353482495538,0.18060495961901213,0.2282179495252876,0.16854813514308192,0.20105354790639576,0.17712730527562512,0.2208632227753762,0.15113358070257996,0.14364391031399393,0.16525218392004282,0.14782165284270002,0.15719479949322396,-0.27861038035142494,-0.11965014036479193,-0.2423039260111414,-0.4797054414258506,-0.4069409668278807,-0.29474489995153047,-0.3946910806354785,-0.03286906853365529,0.13633091793739366,-0.13627546757133804,-0.22482856279476468,-0.12389872135180828,0.050504045123645924,-0.10622349444844906,0.8934239725744632,0.874061340431702,0.9286076813562305,0.9026352937767812,0.9026856357660263,0.876102484709496,0.8973809512540203,9.613772736398039,8.815980144423069,10.72619481108888,10.14577365949904,10.244052481748236,8.727992232046873,9.886317856274514,33.86914257474516,33.26329160094453,33.783865553053346,35.25494791818676,33.62905986940786,33.70604988670782,34.07943399461202,-10.393419553386593,-10.277865463988983,-10.589619415703476,-10.322652298769203,-10.549262434400513,-10.411329260516823,-10.467515191169907,16.461296616122745,16.80835149947978,16.679460142446672,16.27967405762444,16.401140307135098,15.372838815365315,16.164973872224177,1.7823581758506397,1.7830664908176899,1.6862156287706922,1.8233567101685901,1.7385391184283019,1.9078244115834897,1.796697171819258,1,11.477235263610854,0.5987408096631448
sub-034,AD,75,F,445,0.5260447283252109,0.6063617908514544,0.4317383295370265,0.4367280875659757,0.546876891257917,0.5337796447850469,0.5079894678080155,0.220724877206926,0.1997691994408888,0.21733871116027392,0.28952355609974373,0.18865621461949353,0.20965463455354735,0.22030000704547376,0.09318666489977927,0.0692658722256208,0.10446179945943553,0.10860649145585655,0.0936867053846488,0.12840702358039063,0.11490975356585897,0.1093813265404934,0.07715462264963059,0.16982415995881497,0.10684814308136016,0.13213479765285716,0.10244670028075176,0.12205886103258645,0.05066240302759029,0.04744851483240552,0.07663699988444933,0.05829372179706331,0.038645391085083365,0.02571199680026276,0.03474191054806487,0.3952855174759488,0.4952570384119626,0.30912168260953315,0.44005799310243066,0.30994024829494476,0.2131038990180664,0.2852236211514643,0.6096664617302138,0.8175861800616506,0.377732198703804,0.5368037736164877,0.5213021325245495,0.5081207121457472,0.49200372983270985,0.7597804043245231,0.7122174404465024,0.8210758538105649,0.7984878705179694,0.760724719358621,0.7554761987304935,0.7707659097410472,3.4273789146249833,2.6707197820072714,4.683717280829328,4.71145515532693,2.618942734810606,2.8356801177981232,3.3672941412420307,23.45288001774439,21.53666540940338,28.104531826188005,25.463625193425745,22.985690805712284,19.861446900957944,21.937994637006312,-10.54345428221432,-10.380040890903231,-10.776183819459538,-10.56785460072284,-10.69902188413038,-10.484154806044168,-10.605042818469531,10.178859844161396,9.339373140076558,12.347354882102303,11.044048833793614,9.742414778014881,8.788610371502308,9.620906823201965,2.827542956285637,3.3751898141341914,2.2736868202515086,2.5184539674837394,2.5826722070902144,2.7270472592638155,2.5855405009477495,1,6.677729320649552,0.3385939686686186
sub-035,AD,57,F,361,0.6124387001247031,0.6653663011231907,0.5980564373314248,0.5074212453514024,0.6085173775335331,0.6646823842532706,0.603134235130202,0.15796301736124765,0.14764962175644386,0.18537403371240732,0.17122679572636743,0.16869971817356108,0.11031076950261168,0.14694242419350748,0.0777670025772196,0.07708040765785476,0.09567961167337573,0.07263133416373369,0.08093459520660318,0.05882111903365882,0.07254853229344767,0.07001633612395158,0.055679911693646944,0.06475989430084679,0.10404652797637978,0.06575914584555602,0.06640388607741192,0.07713440120952453,0.08181494381287814,0.05422375776886401,0.056130022981945436,0.14467409678211662,0.07608916324074652,0.09978184113304706,0.1002404071733182,0.3109171525375447,0.2836453240416236,0.3123227352166737,0.36903644298229327,0.3217446110040468,0.2717804096653249,0.3042976230093845,0.7273407301522121,0.8019333447897178,0.6964157788640154,0.5869529411099557,0.7272251344110265,0.7936029775495286,0.7056870428396753,0.7284497897082257,0.6910818103496192,0.7323924258868416,0.8010320371395411,0.7316274186741865,0.7033928248838517,0.7400401280611482,2.0713060244160437,1.5702342808563727,2.07688794830448,3.4039183080388424,1.919640320160185,1.378958230180429,1.9784403099090189,27.99207395879331,22.77268460128451,25.617779771144324,36.764006322933504,27.70001906814294,32.71559559924274,31.411778338626238,-10.491022363653462,-10.302402487564791,-10.626727923674062,-10.391277551430107,-10.841856804732068,-10.620871552761702,-10.71130887887424,11.29907206439304,9.509716120075025,10.115693434871668,15.019290726681344,11.084949742572375,12.217631971942541,12.382306088215534,2.881688160990517,3.243247403124028,2.9355474807073105,2.2409086477562123,2.917178427180323,2.763765461131938,2.7003657162390478,1,7.048754892621666,0.4832721598315537
sub-036,AD,58,F,397,0.22159249520131183,0.3046488982558922,0.1543885740156449,0.18947482713270922,0.16109377486617707,0.1866843829286881,0.16099570727673435,0.12842342950671967,0.12861794067637772,0.12195493668956026,0.14301574501407657,0.11525262298429044,0.12801695840758584,0.12585328276108562,0.37456588430513965,0.3013258991991143,0.4071495079529457,0.4211373817458042,0.4267695876657093,0.410581846782336,0.4248704659455874,0.2239046857965797,0.2062704911780366,0.26847410672279426,0.18899053428893686,0.26253230544711365,0.23065710911164383,0.2392852455352601,0.05151350519024931,0.05913677069057921,0.048032874619055255,0.05738151181847344,0.03435170903670989,0.04405970276974654,0.048995298481332925,-0.4605497113345994,-0.37112423686261475,-0.5181863582519078,-0.4690104544044388,-0.568215033730508,-0.5086644318770415,-0.5303368884015296,-0.24295419052050143,-0.07476865586821349,-0.393759375942433,-0.2694192004616309,-0.4029206526668605,-0.31251607056881425,-0.3687200725487108,0.8521975366040685,0.8439398462078265,0.8610135044683475,0.8592816228044435,0.8504816070349047,0.8562812231474923,0.858541952148449,9.361867356591626,7.937034277665215,10.669824175197492,9.345179547708602,10.828951240378132,10.21959769701155,10.370198809688414,24.507604267510082,25.5913286371996,23.71141353777252,25.519638587577184,22.05640430226519,23.56158637593626,24.402522070614275,-10.106997869177984,-10.131095815571593,-10.11421016303938,-10.05056370727976,-10.104479598946156,-10.128482345152449,-10.107320182987602,12.615270574274941,12.308519868554257,13.017859730733534,12.853732043252817,12.606265317461697,12.621599256873578,13.024204376329967,1.826047166866389,2.0149070097914654,1.5800046105351953,1.8780335316360104,1.6044870635283173,1.7624689765932744,1.704638505637742,1,11.80348597522051,0.9544808828401639
sub-037,CN,57,M,363,0.4286567125075128,0.5851723916774342,0.3528095879713282,0.3481790284974336,0.3256116693363965,0.3101454549938987,0.30048075494238263,0.14333518254573102,0.11149725627906719,0.14988426884664674,0.18752547698987093,0.15743674705148517,0.1354113593807695,0.1675557839604353,0.2881018570968001,0.14710412690240174,0.329732784425827,0.329390600400716,0.3941094853632416,0.4775585927761601,0.4261644817270983,0.09914870225153825,0.0976192986944241,0.1363486270849639,0.09182960730601979,0.10271963326584621,0.05798352082087435,0.08479653195435803,0.04075754559841784,0.058606926446672966,0.031224731671234084,0.04307528680595937,0.020122464983031014,0.0189010720282977,0.021002447415725958,-0.2513777461455102,-0.08103157922429707,-0.34117052125648845,-0.23043441288787614,-0.39160591277907014,-0.5444445842682167,-0.4069112873563506,0.19679755262264814,0.48436720482919954,0.032598577889661466,0.11127371955426017,-0.011296523370982525,-0.08020898787357976,-0.03784841322603398,0.719464286164684,0.7109054755604783,0.7564882632910259,0.7327410014801098,0.7156575288000188,0.673040863006038,0.700704920513888,5.454399046330885,3.1491211241682855,7.080087035214312,6.40536845708185,6.248403908579299,7.991393675700303,7.209436405200912,21.57889146793075,24.50904999345169,20.724557267876566,22.561594967850255,17.67185816387629,16.49998088493142,17.321299188946444,-10.404284784171697,-10.42700316308661,-10.44087033549303,-10.277561310256374,-10.600726437808813,-10.228676598362476,-10.397726383744821,10.176819926358196,10.548986578703943,10.275078988498242,10.611581708017896,9.373014173395653,9.063033116062414,9.363757751841833,2.5298205013069666,2.85595062580377,2.2480327951398684,2.446754185786948,2.287129773638253,2.34121534736191,2.315122745975053,1,8.523766996528602,1.5853445967146804
sub-038,CN,62,M,409,0.43940374421010225,0.504947117807265,0.3706985660537507,0.41537692281395433,0.46953585379482216,0.31591518226977594,0.39764797457977696,0.07467239875152051,0.08233149781136788,0.07454891816121172,0.07176245000024754,0.05827863904721847,0.0784613099865169,0.06548606023175595,0.2510790370309373,0.1812454378528478,0.22190022835899603,0.2705681013234265,0.263413231008971,0.48178542761013365,0.35527101898866104,0.16903628600703355,0.1550426123675818,0.25358849497870256,0.16885070012076805,0.16580807700476252,0.09639931556354855,0.14131631955369586,0.06580853400040645,0.07643333416093745,0.07926379244733939,0.07344182574160354,0.04296419914422587,0.027438764570025267,0.04027862664611026,-0.49501291253914276,-0.3452302069861287,-0.47954225883424156,-0.5464713362328435,-0.5947972310595929,-0.7898650373639672,-0.6985575658995696,0.09837484304366187,0.2509241952711468,-0.029069864727233385,0.048023813861894804,0.11340678655462906,-0.16622668499910914,-0.021313305738877804,0.7589722996864289,0.7603431694906316,0.8055686221183339,0.771297336195617,0.7157463763037487,0.724468583779506,0.7229047362523848,5.610776768820726,3.499868701053353,7.897452660781778,5.107922867448643,6.5826776687792234,9.116797620871374,7.047657547077804,26.396486261294204,28.29890952454116,26.655189209764558,27.752206966759857,23.49167115035449,20.995731672702615,22.95995343205829,-10.493595820862394,-10.491696415776795,-10.55474976865069,-10.51485610618073,-10.519193388760629,-10.32759589449552,-10.424234667645354,11.97096934690119,12.430897759075254,12.964992381034236,12.360422556121303,10.670594371541178,10.041841397692197,10.555727264900673,2.2013710561686004,2.2924910988972234,1.9256139903841618,2.2078253445971363,2.326133259484741,2.0960346234637903,2.251169380897337,1,9.917299498021142,1.254622614239297
sub-039,CN,70,M,407,0.23368080449924536,0.37846946137924986,0.15339010475804707,0.16789708571413378,0.13641137870231088,0.12482813129665196,0.12144332239180508,0.0876295040135276,0.08336020665962847,0.09272934108420822,0.10066475531629848,0.07487586559422414,0.08798224416956721,0.0862767153931501,0.4815353744448842,0.24866044068839172,0.6079792169798414,0.5721468464066651,0.6519634899563617,0.6700667615993936,0.668250777559155,0.10859697824509916,0.13705999344232675,0.10608331560075472,0.09164397603111589,0.08893591095648785,0.07614452438220262,0.0806041231284573,0.08855733879724377,0.15244989783040305,0.039818021577148865,0.06764733653178688,0.0478133547906155,0.040978338552184634,0.043425061527432966,-0.7020336211769285,-0.4777557229748285,-0.8190019244855057,-0.7399653750341832,-0.9380165376742521,-0.8817159274609172,-0.8918746938914286,-0.2750512955577999,0.0776969267821763,-0.4700806553715687,-0.4043322355812191,-0.5505034881854362,-0.5453858650387702,-0.5597778491649696,0.7690146597022423,0.8256929636451618,0.7472916430606492,0.7476888084011863,0.7277892882438975,0.7077148806540428,0.7125669165089769,8.352690144688124,7.339156608049597,9.026503330533245,8.800107266006053,9.057911334926596,8.93667171616171,8.96597801191985,28.12645840096796,35.31725648441262,22.236801923950804,26.563021420757988,23.586530996815668,21.729914891085777,22.35839181086947,-10.232611104984382,-10.229364575584691,-10.161550739162335,-10.269274447777175,-10.327244389163512,-10.13528789476211,-10.223393250145536,13.328509485236598,15.612926502591037,11.48077170993597,12.630832980283815,11.962717021145181,11.5486982934897,11.727757974867776,2.0226554945788564,2.0564503844174977,1.924868585480928,2.0865761036450787,1.924735842557542,2.0700920036900268,2.0015026389811186,1,9.093843329327038,1.8045432265064605
sub-040,CN,61,M,470,0.5273778033764283,0.640330483580429,0.48019607595566366,0.4730897187016285,0.4421995648206674,0.4391595409768121,0.45153946292406805,0.06064470169076249,0.05365530178153893,0.05907232868964133,0.07305751449785422,0.06088295393819127,0.0622831568894001,0.06305960208634738,0.29970750785013767,0.21872844461037172,0.2781154873391683,0.3066621332649977,0.4111019815636225,0.4345212985558252,0.409731928888395,0.0688424583644454,0.051631279657240826,0.10268695423300206,0.08250784648819884,0.06887706190950227,0.05093215847173428,0.06035002017478415,0.0434275287182263,0.035654490370419206,0.07992915378252465,0.06468278704732097,0.016938437768016696,0.013103845106228638,0.0153189859264056,-0.6732014482500961,-0.5974923600885271,-0.6778438432420063,-0.6004787428915491,-0.8307219076358591,-0.8403843859661702,-0.8077130674756646,0.22079485659199993,0.4332606148752726,0.1497971271656108,0.15595165234286912,0.020427838232774335,0.013898232777229277,0.04152487550375018,0.614485863571228,0.5601307183697056,0.6396588998493494,0.6862128921642184,0.6162391286635224,0.6208853625349522,0.6179035321057181,2.3757128967412156,0.8647445897127426,1.5500283023102943,3.895607066774115,3.1203651173496003,4.745862192008878,4.0030396788941465,20.24664762133359,17.867965886393996,27.326610967659107,24.55491361374356,16.848813776263146,14.432307456919595,15.620684139777653,-10.070547355145456,-10.005064896563441,-10.227785101321684,-10.15736587743038,-10.118779541172037,-9.81789401730845,-9.999116408178553,9.177998283377676,8.210141866773695,11.203642633253422,10.671721606312678,8.255546417702806,7.923260369320293,8.045139045814043,2.8503173703777387,3.467459736067998,2.5397133388046913,2.533859818368711,2.3935590305984817,2.474277751508347,2.508003210698117,1,8.922560642440116,1.562028788719239
sub-041,CN,77,F,404,0.255965095206469,0.3568742973583597,0.31738607916228373,0.14751493623507353,0.2168472747151867,0.08622846042084442,0.14641410799089946,0.0410751307367194,0.04829039143758167,0.04799926649511152,0.034692591472179235,0.03836728219009067,0.022262365995136695,0.03143284458937062,0.31419604330969536,0.24936267218699995,0.2251875475070744,0.3854234322339271,0.40472398385787606,0.39637889727232584,0.44264452691652006,0.2072448957394734,0.1708585736000079,0.22842380951928987,0.23193653519836477,0.2502008640267356,0.18901142120920228,0.22278098026841195,0.18151883500764257,0.17461406541705057,0.18100329731624024,0.2004325048604552,0.08986059521011068,0.30611885510249087,0.15672754023479776,-0.8720042491412278,-0.700629149263744,-0.6825605949441069,-1.0063310010411473,-1.0239604401870404,-1.2593947896395443,-1.1578429781263337,-0.28235489345658565,-0.016240199667696482,-0.10229783467769914,-0.5358135449442178,-0.4348984659292041,-0.7481092482018353,-0.6187172600413939,0.8556580460684606,0.8389263484701838,0.8687595786045955,0.8761919499931732,0.8328868518511797,0.8876556723347242,0.8420355673785525,10.648840373119429,8.719093230402644,10.0975858767741,12.723723906240346,10.979529662683504,13.58403611655822,11.683368160706001,35.85603639123244,36.45947453800217,36.42132523045984,36.99550084206589,28.94934966401863,40.977170807851095,33.528190377876975,-10.47432918390378,-10.43681028496952,-10.732978991180943,-10.44235553869289,-10.582168941600386,-10.119858273134842,-10.380232737069685,17.906006346162723,17.16889711927262,17.59055923878213,19.161292896851066,15.203486292324309,22.502266280729888,17.616275700623767,1.715625857568223,1.8413432186339505,1.7561960197229727,1.5986399878886566,1.6940399150533318,1.4811105037375245,1.6267843367246113,1,10.69497504202092,1.4649044600531376
sub-042,CN,74,M,444,0.49800515965057296,0.5859102650444152,0.467228752290242,0.3966959972175351,0.5583703047446026,0.3485725090376526,0.39577584611308675,0.05118728145327655,0.04756659771808878,0.06591783378013548,0.05106922425833853,0.0397997724854072,0.0590812238778254,0.04980137833258173,0.30634287786222825,0.24546106602758216,0.28933207800463645,0.3831409173460517,0.2631749481970282,0.45610123460002994,0.40506522630121633,0.10817384858004515,0.08037481525557658,0.12951894576571446,0.13063486206964975,0.1187192247971612,0.1127127281322979,0.1254985901826917,0.036290832453877125,0.04068725595433727,0.048002390159271296,0.03845899910842503,0.019935749775800895,0.023532304352193917,0.023858959070423593,-0.7462998446463838,-0.6947222584292367,-0.6427930818592401,-0.8041031672035486,-0.8018593641192476,-0.8831356162634882,-0.8852011194378537,0.13278615902481214,0.3039258551595143,0.10426496625127844,-0.05849890613033183,0.20338889392394133,-0.1467549603247506,-0.08485107521204453,0.6432832375804928,0.6029952121792139,0.6975201907051507,0.6866617713017577,0.5848131585352189,0.7038839479233624,0.6672577730727667,3.404987481475132,1.9939756425042743,3.739640616274284,5.519662463001295,0.8027412557219821,7.515568591251806,5.1596693787248995,20.793236555509594,20.75524206197463,23.18056552586079,21.148997264137638,19.054037462909182,19.24250104899972,19.585665992442,-10.104969958261256,-10.086337032290984,-10.34739311035464,-10.029872293937409,-10.101764958928099,-9.961553298664564,-10.052210350607277,9.46466329847036,9.018309717250082,10.342556258708356,10.45024338711158,8.18688582252507,9.655567429019818,9.520836152631432,2.722142994551469,3.101052808897971,2.5278232419609745,2.506428793238762,2.6911155487550698,2.1654078445444673,2.3149080096089603,1,9.519287355135294,1.4661022293074009
sub-043,CN,72,M,398,0.5666862703625783,0.560717803064318,0.6327988088035923,0.4371037050080584,0.6456758885724126,0.6290878016392567,0.6259135972306805,0.07532208445169941,0.08245963343774675,0.08404535652872679,0.05744854461627194,0.0777664861167169,0.06933623205832123,0.07211495903067078,0.15122623117511633,0.15268991783478653,0.10647371394770928,0.1701557583363841,0.13571203814010213,0.19864433893736688,0.1806094742428314,0.11736443572477159,0.11603807951852808,0.11705649830900622,0.1566510701686096,0.09972141770333698,0.07035984671474813,0.08452847774554227,0.08940097828583442,0.08809456614462063,0.05962562241096536,0.17864092187067618,0.04112416946743137,0.032571780650307205,0.036833491750275185,-0.2812076029137069,-0.25139953729462367,-0.09896944053231026,-0.45649199011707775,-0.19009108467298375,-0.4449990791069365,-0.3644418231862886,0.3867754765430494,0.391969824972583,0.5098997015430246,0.15579304651843917,0.5211343037112902,0.4443355388365784,0.4543594572975214,0.7330496101125173,0.7517204362207112,0.71632264505296,0.7874585377392309,0.6863096662501394,0.654084226863315,0.6662964337602545,3.8251440350058106,3.0443446836552526,1.5937846125982709,9.172810673240535,1.924250123248833,2.0609884895100983,2.408275555147053,26.38232415249023,28.795109182859154,25.889731118157886,29.775065434282702,22.062487083305758,18.370739137889302,20.000303503973868,-10.638473784536194,-10.725190764455707,-10.743240200271968,-10.481301942641178,-10.690841699948466,-10.413606541885875,-10.542593770766512,11.761257944022121,12.172322915868131,10.560214874142607,15.399918647871882,9.3519941600481,8.460669415641894,8.904399466479108,2.6783935044396734,2.5531287397436597,2.6942207879697264,2.3867761651191177,2.973589062610749,3.2335205969651355,3.1139558018730753,1,9.06185541603197,0.8152764525243121
sub-044,CN,64,F,429,0.26115345465807915,0.30613026226129314,0.3200169442429303,0.2190315067073421,0.22500015568823406,0.1539132380257952,0.18082524934048852,0.07117829190687622,0.08028049786169782,0.08349974363541422,0.07062577739378562,0.06321498083214494,0.03388838911047166,0.05157693980457651,0.5293968846232276,0.4975785103266523,0.4275571216026843,0.5529074420912782,0.5404304955233991,0.7299493079056971,0.6321167239847043,0.1108351678833051,0.08798577438998557,0.1342166646174767,0.12233340791146825,0.15236907558154678,0.07043845840497703,0.11716525492616683,0.027436200928512032,0.02802495516037115,0.0347095259014941,0.035101865896126024,0.018985292374675448,0.011810606553058937,0.018315831944063943,-0.8810506090368871,-0.7885083919721331,-0.7149870720477135,-0.9025785660472685,-0.932480974935662,-1.3338422113783617,-1.101048372982705,-0.3003268782856794,-0.18591166789025476,-0.14405702162504688,-0.39159912472981184,-0.38170002323489194,-0.6305806893485304,-0.5196576612780182,0.7435186734105002,0.7456321803742736,0.780482543798728,0.7562928762882922,0.7610735713017444,0.6287948408625015,0.7103281513882695,9.834383775490053,9.112281633959673,9.780085951734613,10.15839061313071,10.492527569306747,10.80795864047318,10.61153849515172,20.95147277322949,20.754138960085378,22.23849381778602,22.23570734546957,20.6537723215139,17.589691085492312,19.797369564157695,-10.248890261569452,-10.193381431369021,-10.511218489518017,-10.269762206542557,-10.334081407940877,-9.880148215844759,-10.151443602651085,11.394935339165757,10.950387915882532,11.488543175291682,12.082001640256564,11.632001258556144,11.080708085200943,11.561713118000577,1.856480984579318,2.0058977873521426,1.924086794745597,1.8646800134339392,1.6473401350296755,1.5294266762402347,1.6214606382728718,1,11.074287839352085,1.9737898826911966
sub-045,CN,70,F,385,0.4646508102620676,0.555584739976786,0.45558114413168543,0.3943048287464182,0.4240489189824113,0.3615813554069093,0.391856714912015,0.13385459109678005,0.11717100159567662,0.15909026974193516,0.13306450056338331,0.13543011072372765,0.1536105380092815,0.14153109631065589,0.2145304879453491,0.1447841499992399,0.19713541456367523,0.27077846757189333,0.25604136563981256,0.3099730050344584,0.2819551751823423,0.11827141169990474,0.10107973742198526,0.11372986584512768,0.138094001182817,0.13393183796722544,0.12211877208798302,0.13141737008511528,0.06869269899589847,0.08138037100631194,0.07446330571757617,0.0637582019354885,0.05054776668682313,0.05271632946136768,0.053239643509871586,-0.18769282978071208,-0.09174883534883782,-0.09914987064790233,-0.30543228404243017,-0.26497913855105876,-0.3049028773125304,-0.2934546755259838,0.26763864491979716,0.4420412756095888,0.2994990139474904,0.11291924057672718,0.16261788568935573,0.07640883149578886,0.11342597127576759,0.7969389043287256,0.7628123439971646,0.809291646976899,0.8200508202030912,0.8136856496841659,0.8265088017350355,0.8210303384560633,4.501557750108275,2.4016988069794927,4.281851705433819,6.106984968962405,5.882083225841186,6.898980466763074,6.434481574943355,27.553767101058025,29.57974339367181,28.369871776124004,26.85525167736111,24.575729156938944,25.102780827883258,25.09109570267906,-10.447368392286466,-10.471112479756934,-10.61678063025304,-10.188554067966626,-10.589651249818361,-10.414350091531807,-10.489936581411998,11.590986093437651,11.715024531623285,11.631404504856853,11.796467541239966,11.109424945982234,11.407602768237645,11.3236211990839,2.3599971791773258,2.5429232386237657,2.3544365588725964,2.1986557041228902,2.279452519120019,2.171596841766707,2.213275695097615,1,11.731934457186073,0.8402632365688945
sub-046,CN,63,M,332,0.18310557528550822,0.2424728034751268,0.1482928395501205,0.1853595892918328,0.11653944641465684,0.1228805455185527,0.11153396374504773,0.16413831773219748,0.16260684677417087,0.19720987289854666,0.1416339130015555,0.1831798494819756,0.13633764517238345,0.1622821963053747,0.4149861123789725,0.3494745054226881,0.3454342027439508,0.44300492687972615,0.4888861868171441,0.5817168605197356,0.5330563120478696,0.18225709584243874,0.17984171707909558,0.23811562396734054,0.1798736189708346,0.17379868029975942,0.12437770638401432,0.15549442303716374,0.055512898760883146,0.0656041272489185,0.07094746084004144,0.05012795185605125,0.037595836986463835,0.03468724240531476,0.037633104864544346,-0.4004812177055848,-0.34291380583657627,-0.23796931189628145,-0.48455914402291567,-0.4306850788168712,-0.6322733736594783,-0.5215037573543021,-0.2419270100706228,-0.11962606003308632,-0.22776177993169608,-0.2918344130591166,-0.34590596220340464,-0.4354449462342299,-0.4025691389335594,0.8359124708083098,0.8397426360640292,0.8850550157379317,0.8229386240801793,0.8263449258166847,0.7890920859625581,0.8118061377505994,8.729364194812167,8.013103583830935,9.427881643523902,8.838434036281205,9.226934520139855,9.22400498924926,9.26327918037093,25.10730437262262,26.66654359024516,26.5922964807537,24.712784350358756,22.897237758078735,21.526618915090694,22.60043523892671,-10.095308798002984,-10.119947406423506,-10.192290199684455,-10.087368474595504,-10.099772801471794,-9.872786207620706,-10.009812541738047,12.499526953606773,12.665415862181323,13.605309801937201,12.348181014298973,11.882265667401215,11.48882530902413,11.85917223570802,1.885228081509676,2.001711212839504,1.762940699729169,1.9017236705073528,1.7504378244453263,1.8301624021272074,1.7766116497583655,1,9.55861280269216,1.2516130594615937
sub-047,CN,70,F,375,0.2147822933786132,0.27919642784460097,0.1666593266703866,0.13055922911766918,0.16422599539756896,0.30579784830345036,0.18612495080690036,0.10405612479540849,0.1064171561152502,0.12347557502241047,0.10242280331149647,0.11115074223262138,0.059288056647464296,0.09037693887001177,0.5175789917183687,0.45470574456329194,0.5139679909316711,0.5682328317385273,0.5840822289745865,0.5419893220165408,0.589633987050095,0.12707748180556508,0.11508455392295938,0.15377327958455905,0.15984054755146831,0.11779763676998617,0.07740266878775595,0.11261958949782296,0.03650510830204443,0.04459611755389755,0.042123827790973005,0.03894458828083868,0.02274339662523692,0.015522104244788403,0.021244533775170004,-0.6997683968403907,-0.6274327779618757,-0.6188560464305125,-0.7433312508795369,-0.7189212444693505,-0.9584566090082776,-0.8259800053565077,-0.3220356842681411,-0.17354222216488457,-0.3656497534544014,-0.5025803661350422,-0.41386196989858465,-0.2775129056706811,-0.43306910019328393,0.786132402708662,0.7983846016319625,0.815542209606626,0.8102050091385296,0.7633296626288342,0.6851938933901707,0.7448536497120422,8.547560520549634,8.066452356326106,9.348036281254497,9.78021426648959,9.006227589784572,5.877417358542361,8.351083709065009,22.4205459058634,23.71465607860964,23.517587433931638,23.11208096948046,20.65125611059931,17.516462574811186,19.794480465494694,-10.402180395136828,-10.38877317539588,-10.687659665269992,-10.375688655771128,-10.455801223338336,-9.993438995459547,-10.25786889631076,11.6060987104387,11.628167738409678,12.237960160969477,12.488147305604008,10.983512273440219,9.750847401911216,10.870269280295984,1.919024389465336,2.0951151825126075,1.8577420694051152,1.7546501986659817,1.7652906767863197,1.9539790445074499,1.7877226019040164,1,10.71597423317303,1.5224815135800949
sub-048,CN,65,M,394,0.3688314185568683,0.4201993241298337,0.25627298108798807,0.3071176756803696,0.39875374561795845,0.43642540041617234,0.3823407497213172,0.06307244623379793,0.061196522252447254,0.0727372438251943,0.064969262330149,0.06391671765734151,0.05008094445341324,0.0590698205574363,0.33625950586682657,0.265163115297029,0.40083779474869347,0.3718929680500982,0.3301126666449576,0.4261827740045775,0.40640114744189576,0.13230589834505505,0.11549101814896412,0.17288909126639454,0.15036248728660762,0.14757624639899847,0.07126448968534389,0.11364385463062836,0.09953073099745212,0.13795002017172603,0.09726288907172964,0.10565760665277547,0.0596406236807435,0.0160463914404932,0.03854442764872216,-0.7071953048179932,-0.6168353196115648,-0.7326086345319339,-0.7315863811513916,-0.7143615084791374,-0.9258038003110693,-0.832402487987223,-0.033302605614288876,0.1037427586919512,-0.24047698596249792,-0.1419936401978758,-0.016480534027804472,-0.010050848376368188,-0.07319874806051999,0.7806986930491489,0.7929473007287137,0.8287537723295509,0.804943412460618,0.7577218558533021,0.6517217642208992,0.7166711668853046,7.225276561378132,5.9119492384143415,9.458920790712826,9.425415201384256,6.5630078568839245,5.0645816244784125,6.835890933150656,29.55266660619078,34.677206549660575,31.076933608825907,29.24680935720871,25.408077397575443,16.15897461098095,21.12950209526368,-10.272455584012691,-10.190906597859184,-10.670486984443343,-10.229454876747084,-10.409477431527682,-9.84129857816273,-10.141852098363412,13.657218653783104,15.189542693098307,14.661819496004014,14.222635659796353,11.653751738508724,8.6615496137336,10.435657916279903,2.1528862508406537,2.1783334782967922,1.9723380856738473,2.0137793785703177,2.2679580908139063,2.4402491870751772,2.295196851769144,1,9.625503092517555,1.5161335504206672
sub-049,CN,62,F,379,0.26151360049778954,0.355911827780454,0.23588954251451386,0.21673639573885345,0.2045171652457085,0.1446049543793713,0.16538203358968556,0.06645333330937989,0.0640172340215563,0.0847767945177702,0.07119917676984645,0.054922373614220886,0.05529924162598239,0.056031540832894446,0.48244917811905863,0.42823803281135253,0.42368534385923917,0.4545245064230098,0.5825726144789253,0.6659981269380566,0.6234644921640168,0.1289706409351294,0.09173923534222928,0.191501605151322,0.16376318425935177,0.1256198643222414,0.100925192456878,0.11834683241203077,0.060613247138642634,0.06009367004440797,0.06414671395715497,0.09377673680893857,0.03236798233890399,0.033172484599711526,0.036775101001372476,-0.8444909850062438,-0.8022761128704641,-0.6987543775396601,-0.7730938691128157,-1.0260635699290839,-1.0812833030839446,-1.0463403205699007,-0.28409694009550385,-0.0947961401995974,-0.28373806611951685,-0.34986776804616615,-0.43855957585000443,-0.5839524411620816,-0.5317262897040044,0.7847931689142699,0.761047767357115,0.83956071492769,0.8241793000954394,0.7651817718251142,0.7363955886155766,0.753536467730132,8.974509347152416,7.535839701860091,9.686933259272722,9.794946102005671,9.977757117160502,9.79547207277646,9.850772301894148,25.43572371894551,25.45409380464409,27.13342425865724,29.845120282190223,20.808540228365725,20.94685971881311,21.696753412522465,-10.34934530045482,-10.360965645726862,-10.664071569479164,-10.254413612992915,-10.449493563324543,-9.87622566908539,-10.167985674555565,12.49355677583186,11.696717446600404,13.119181142435558,14.42980670841276,11.662182705114652,11.718619119150432,11.942020042913711,2.005505131571671,2.2648167318598005,1.8901949594251397,1.8693638685871274,1.8101431074796561,1.8362053508901233,1.8343923837853169,1,9.9600512338073,1.6034370112888325
sub-050,CN,68,M,379,0.37804936343718665,0.513804170796549,0.30938397662003164,0.20308446294849566,0.4224473026354117,0.2892385100851947,0.3193989631001362,0.15600679742114557,0.13752506273512194,0.166358731193001,0.20533796847409883,0.08968384026370091,0.20598706179470527,0.18605834308172772,0.25822524467652946,0.2028863710331859,0.17842627716953371,0.2396302561900812,0.3878409337266429,0.4143761970864515,0.37865801453393155,0.09147310247455852,0.06290261688252866,0.13364120743999164,0.15170335557622527,0.06210760860984224,0.051805379192254364,0.06548466153650026,0.11624549199058001,0.08288177855261446,0.21218980757744244,0.20024395681109908,0.03792031476440234,0.03859285184139411,0.0504000177477043,-0.24031898124509427,-0.2025860713204875,-0.0671819850818564,-0.10317098745310782,-0.6383832650559973,-0.309289222093693,-0.36912461680617004,0.1952148550629499,0.42439708999001446,0.16453805981163092,0.005901905252542888,0.05670908492603233,0.025476780521392822,0.05656561154428357,0.7051777623037057,0.6328639407005727,0.7862861778072494,0.8205942626022993,0.6444118928438433,0.696929318251962,0.6850046268333462,6.399880120957744,3.375282929288922,8.263080143531685,10.826769384716865,4.913688044757741,7.5666798447194665,6.503448813048594,28.177681648808733,26.840482652386637,33.39142444297355,36.51501848556877,20.37642666679847,20.06447274453415,23.515087183040414,-10.304042087960337,-10.202674359037278,-10.548725409932484,-10.271203552954717,-10.459368285510962,-10.124491929918117,-10.302170311419925,12.986319558264539,11.060243318529498,16.865163055574026,17.468059495362407,9.505147775562351,10.167598951230504,10.67605788499811,2.553589962789278,3.033472284434281,2.0879883392108263,1.9291324555571008,2.74676032457306,2.53156374418812,2.5584873670149877,1,7.95094320190782,1.6227547318846351
sub-051,CN,75,F,356,0.5451471997243783,0.6286674081340266,0.6773989492937337,0.37736825304102395,0.6026778798979725,0.3037107190428948,0.44342322993205807,0.055030493119270794,0.053454857074304564,0.05290243452559316,0.06751656645981557,0.04522358169397491,0.05347552762402338,0.053275462649468565,0.2215374587275908,0.18348149201034528,0.1292982854294202,0.2735449643640273,0.25171092272161905,0.34381689492129086,0.30818754832352085,0.08878481924496753,0.06966419599903666,0.07787825613824752,0.13052863415262433,0.06442668519958096,0.12511641651857192,0.09437291454000762,0.08950002918379237,0.06473204678228682,0.06252207461300612,0.15104158198250878,0.035960930486852005,0.17388044189321883,0.10074084455494463,-0.5948901773468557,-0.5481701804411336,-0.41646315954735685,-0.5905802225188632,-0.7454818718884795,-0.8087830610596807,-0.7623817492780589,0.3015456069866049,0.4601509948007685,0.5480307127763017,0.04183003152521574,0.31174080033362855,-0.11916254814526976,0.08282660710282187,0.6005131214875866,0.5396933816114599,0.49008718971441906,0.7521224863386535,0.5183671044570742,0.7990214045574161,0.6623273953643327,2.8614476174181767,0.7610737034413884,0.5660376238606206,6.753716959761061,0.6266449418976091,9.223536635268356,5.238591606721824,27.003387179826788,23.77152599187394,24.352810936438754,35.7258620575107,18.75663073683476,37.21595061186399,28.484479557923862,-10.222192027651822,-10.112504726493496,-10.297247067386103,-10.358066691336838,-10.262441183204631,-10.1613919614053,-10.237219154078824,10.832244300930292,9.129339931116862,8.708760133700173,14.913933573276072,7.939518378752826,16.153346184697103,11.99008467461353,3.0257279868268196,3.497160467663529,3.390927150502486,2.2007205800778387,3.3472178388554,1.9956955938399348,2.6513288885361197,1,10.204210852436558,1.1779017744596665
sub-052,CN,73,F,367,0.32054048057815254,0.42078709531165254,0.2959047972211102,0.24658414051492158,0.28570794318899334,0.20679234025666737,0.24395285760210633,0.08606255181895629,0.07615149834744603,0.09638508526494406,0.0935656700283039,0.08894866526264718,0.0859320322160291,0.09165206935812793,0.3417723957113702,0.25541982431334614,0.3044537348673353,0.350878113857344,0.40317698613482816,0.5896660649433716,0.4713114476902778,0.15715791357624243,0.140435105360078,0.2010607470643371,0.17694170880409194,0.17134524903573142,0.08898489845574331,0.141000977758649,0.09446665831527871,0.10720647666747737,0.10219563558227372,0.13203036679533897,0.0508211563778003,0.028624664128188045,0.05208264759083912,-0.5799366906356799,-0.5246878327927165,-0.497093474072205,-0.5552019626357187,-0.6538522466175771,-0.8361686399583417,-0.7048717587868785,-0.08866217458245655,0.09996385231252831,-0.11204864842548938,-0.1878144512777361,-0.18822200089903993,-0.36612926508492005,-0.2642876195795724,0.83572709658024,0.8218501485239408,0.8778786714303788,0.8801240941068476,0.8303929058847311,0.7402763434921275,0.8072144979448878,8.50126959981373,6.792779230112175,9.166106085003626,9.799828694168454,9.389463990903243,9.55432139064061,9.45628359482383,29.93187532846694,32.28166797002369,30.190361709111627,34.24192617047011,24.91125094493889,20.230706403337052,24.935344077761112,-10.28854154095125,-10.245914688151498,-10.429456549868904,-10.28116582300922,-10.42215634750219,-10.040692238431586,-10.262468505710176,13.83969961095816,13.84927185752284,14.467003967060137,15.934575246292992,12.310671999849285,10.969030359822476,12.311537530372533,1.9664092995601532,2.1288681911145755,1.8436747794944013,1.874827999277503,1.8909668778015671,1.8782311924214807,1.9122663075467272,1,9.913264684255127,1.4166233230364291
sub-053,CN,70,M,345,0.3325986478530133,0.375491753489695,0.42554413681274966,0.29477172113773964,0.3064173555835521,0.15798033651976137,0.22902431978136642,0.16306846010415751,0.14882706851615518,0.16977550450681067,0.18755103939849851,0.15247403761800638,0.1697792391987306,0.17416844396610473,0.35429533330266755,0.31090272993311213,0.2806807882987008,0.32613230265617776,0.44436309720565176,0.5378156780405652,0.46306674463633285,0.08818252879939391,0.0940718387951035,0.08764524333408509,0.10256278407778992,0.06690054235408611,0.07153834112354315,0.07778284808439848,0.061855029940767844,0.07070660926593422,0.03635432704765398,0.08898215272979373,0.02984496723870413,0.06288640511740008,0.05595764353179766,-0.32610008089982806,-0.3259816408994244,-0.22168861968631406,-0.2263480712639904,-0.44765673854070714,-0.5003008455318685,-0.4186161469647764,0.05434683630781974,0.1207967631720228,0.2168562473594675,0.05214843205103613,-0.04466544320298873,-0.2690767965145827,-0.12927876431243637,0.7281984208993133,0.7348045749224369,0.679677171964305,0.7539499764527788,0.7170994290516873,0.7430041318854007,0.7382680425856011,6.050114084149266,5.815829106935331,3.725420462447385,6.386089923004017,6.968464676660685,8.307674370474226,7.666930595370805,25.706937586337123,27.800688540791253,20.641019427326814,30.115208329840485,18.875718698806324,27.407973328552547,24.947059373273394,-10.067542162557867,-10.010319605998513,-10.35754848380594,-9.91886218174006,-10.27678947877291,-9.816300615956559,-10.050761346864997,11.468395740940123,11.852102796158245,9.536155442797531,12.934480872051921,9.8903175553653,12.458728511029207,11.675292865714622,2.421945983039754,2.4310791415259194,2.6746028366608434,2.338830705503862,2.3910352312151315,2.223591330715257,2.2826063003663104,1,8.144470861313314,1.6264316792106186
sub-054,CN,78,M,399,0.21176304418414368,0.29922700436996097,0.138926536080614,0.13854191946754352,0.11405363748495399,0.30790030517106265,0.15952899797418096,0.14037729971524135,0.12398848287188939,0.21936726239335977,0.14853016832023858,0.12589642930710399,0.08466878305200704,0.11236680613071151,0.46595138239113554,0.3959870702278726,0.3900122531686894,0.5318023663117771,0.6091849871371656,0.4781827938358972,0.5925138363931813,0.13959493967312456,0.13040723144070826,0.2048727489552963,0.13086755438910005,0.1326656595874664,0.10168389525986016,0.11397899900398198,0.0423133340363549,0.050390211089568905,0.04682119940204066,0.05025799151134071,0.0181992864833096,0.027564222681173575,0.021611360497944165,-0.5265881117980564,-0.5091969846582847,-0.25746712975489267,-0.5472616692089216,-0.698642540389434,-0.6917097721432066,-0.7145671435302873,-0.2523969148464355,-0.09635349062907313,-0.22112684535457028,-0.37814204353554554,-0.499933343220776,-0.22265910390527108,-0.44749722973576284,0.7777264683061538,0.7741459397188203,0.8462059341240494,0.7844894638577345,0.7464570780021061,0.7209172139878859,0.731328702614418,8.711110420073167,8.138053349800343,9.511964548257133,9.543087430203384,9.8164796549518,6.193521101173719,8.733658956456805,23.40292184346461,24.717828653884805,24.233288338466235,25.42463880741572,19.10314161223632,19.96143468343169,19.437253156370627,-10.181882240699066,-10.138022339437942,-10.403399281469795,-10.111620199662482,-10.101447406232467,-10.264292667729933,-10.095883393945448,11.865535822144842,11.789949189889857,12.611005707982914,12.625040777438008,11.157505846458832,10.554919259222867,10.99717313557051,1.9328110820816364,2.1201189681962207,1.7908020525015658,1.862157638698697,1.6190832107694826,2.1021457187848047,1.7811995458031917,1,10.088968650040483,1.8127877478300896
sub-055,CN,67,M,401,0.2544803602639424,0.37262337610417673,0.1750498083899649,0.22412947491403754,0.21128007187656997,0.08562783591495635,0.16106743509515803,0.053599604571729555,0.05940712945974153,0.0660075587703962,0.05602048280767693,0.043737728071143955,0.02461239444467134,0.038165401457478564,0.3534566401564563,0.2803545560031899,0.26287306128414506,0.36603771778304184,0.3452197766483845,0.7323824430102919,0.48450605733708646,0.25003877547386577,0.18372997186309664,0.3879839564785175,0.26787845016008466,0.32793475884476825,0.12267849217578893,0.2559795000355976,0.08842461953400606,0.103884966569795,0.10808561507697718,0.08593387433515903,0.0718276645591332,0.034698834454291644,0.06028160607467945,-0.8143085721715596,-0.6828206227262575,-0.6012505822660027,-0.8155416853316996,-0.8929203823640215,-1.4737194384794803,-1.092504027099628,-0.3205100039905437,-0.034318154614261034,-0.4401501506936336,-0.36761574295953925,-0.4264147726847363,-0.8896526257736181,-0.5948603421115656,0.8076850147667685,0.787058929993883,0.8897005855969441,0.8314145002902866,0.8281085018116867,0.6787587536121911,0.7843881578616185,9.962782911499364,7.396883009844442,12.438094975821238,10.8901085868762,11.54257893518674,11.006119084524025,11.261171570127932,27.831497367003983,29.50548159174985,28.320705095883838,28.793313329123677,26.25351993606145,21.682075209248097,25.091107956640144,-10.309845627897795,-10.295905382640822,-10.4717853766368,-10.277305169760094,-10.432794882368649,-9.996383897757813,-10.243088123955532,14.137639349964847,13.604926333910198,15.83213664034684,14.464029276859401,14.260576518134373,12.623203364539702,13.787663529532093,1.7469337420996687,1.9646599872174666,1.5145404000897347,1.7387624462561146,1.614336575526214,1.5487202387495649,1.598636470600645,1,10.996756571828994,1.5995413030837842
sub-056,CN,64,F,429,0.14673269049638693,0.20227598155868307,0.12223932534011583,0.142974377305042,0.07667848255479921,0.10166915780782831,0.09208333670484334,0.08618210229387158,0.08198278495326461,0.09586180653001553,0.10812481980149821,0.06235798181381991,0.07821090233660431,0.07589169784600684,0.6573218970675608,0.5996643922688153,0.6344119418892885,0.6341898453265005,0.7843425739627078,0.7492211847699799,0.7580810081124714,0.08404955521666058,0.07977531160588339,0.1254207858812254,0.08959154613011434,0.06412426919760476,0.055756509059209536,0.060378952969093944,0.02571375492552003,0.03630152961335386,0.022066140359354284,0.025119411436845054,0.012496692471068223,0.01514224602637791,0.013565004367584446,-0.887232900627149,-0.8638452421410775,-0.8239616510682404,-0.7676955888243981,-1.1016886563610238,-0.9813875696714514,-1.0066340976986206,-0.5209191513752912,-0.39070579932730304,-0.5426103502223517,-0.46815926907050937,-0.7863382059059688,-0.6515202680862063,-0.6937727905124607,0.712185727626227,0.7181644325358968,0.7576383778769333,0.7236557243734609,0.6717309292482132,0.6608234891388767,0.6639527299106742,8.877574151327769,8.706530550092328,9.123811065922222,8.765147897217753,9.227417113689453,8.806959448437613,8.9509161256208,19.430351311759416,21.496580995576128,20.323179527158754,19.135931091365855,16.522435925023515,15.81001861619287,16.212008243600263,-10.289651925418537,-10.272928330773931,-10.51637998181573,-10.25841504368378,-10.258272538851754,-10.11763526539857,-10.159192529026473,10.788538385266992,10.996990365989928,11.169621232505653,10.750643105800698,10.41392763064851,10.12503887273902,10.191823830000203,1.8688971953999864,2.0624376925954455,1.7035540087857195,1.8850629717040912,1.6061428252297063,1.8013202377844886,1.7106753949152975,1,8.829443801109553,1.9234452007493772
sub-057,CN,64,M,387,0.3168088493650803,0.45313177430837037,0.28648373712115544,0.25417981971705284,0.219139880092474,0.15692779363441633,0.20143097536941365,0.12518017288963396,0.12508729176659703,0.13203364667213255,0.1414152670039237,0.11049496333148999,0.10478267225515173,0.11754668381922476,0.3585287636805072,0.2817760967662922,0.2976426447415313,0.33133477731803573,0.4540437695580822,0.6296077401973033,0.4805737514025747,0.1417600899256651,0.09391145941054482,0.19421713112599348,0.18464143255782128,0.17894621627372523,0.08900286014169068,0.16020189252256162,0.05772212413911357,0.04609337774819576,0.08962284033918744,0.0884287034031662,0.03737517074422845,0.019678933771437552,0.040246696886224904,-0.440032143977356,-0.34788859257478794,-0.35463575579327306,-0.3663261012504003,-0.6131271127469321,-0.7783987884620159,-0.6052631548187621,-0.05538963401907666,0.1944626269132471,-0.07427097667103676,-0.11445729905349314,-0.28400163907776926,-0.44049719564739787,-0.3054469277360502,0.8166463242545552,0.777553784963539,0.8776487051802055,0.8806770455777228,0.8205994108306589,0.7279755678741464,0.809067696446291,8.127332673749146,5.046376227661072,9.379806670291872,9.476349427176029,10.608847797927874,10.611663047121468,10.453072182951077,25.49225699508321,23.29317253885947,30.562574668893465,31.14113239876747,22.54811221336227,18.702042446363848,23.04423935596831,-10.394108099081805,-10.294575571427826,-10.6941385999145,-10.448022743766318,-10.524837101352135,-9.98850340184718,-10.362204259647566,12.452527309885907,10.899016078517093,14.238336190118682,14.399746016704848,12.511229126899485,11.228613160169338,12.48332556944892,2.090327926969988,2.474437525347829,1.9323122357856262,1.9635842121953657,1.7930568488962881,1.6823619160838859,1.7984461503006892,1,11.121318626141326,1.5135616202069375
sub-058,CN,62,M,362,0.24879094999958226,0.3723890339992944,0.16203467243413322,0.1805124840766634,0.2141646145594456,0.1348285073548058,0.15960372949840812,0.0670672501426831,0.05599718715941558,0.08044512958259957,0.07521010765177107,0.07246428484742527,0.06136438434895544,0.06837558433673951,0.379242569666749,0.26983740116350063,0.37506013312471853,0.4513007012719852,0.4507828157041489,0.5170076819745925,0.5172731378302319,0.17823210899141576,0.15839982564548347,0.25544741471011945,0.1581168580366243,0.18666816254084653,0.15939856370956001,0.16128207378429096,0.1266671211995698,0.14337655203230598,0.12701265014842886,0.1348598489629564,0.07592012234813338,0.12740086261208605,0.09346547455032948,-0.7368081555313308,-0.6705268223005622,-0.668056972770886,-0.7639202127230725,-0.7944255659888052,-0.9312693659099944,-0.8829907925313839,-0.26788307415337215,-0.018458238872450603,-0.41457969228848235,-0.3986882977309837,-0.3471995471918317,-0.5402399137210198,-0.48613797820010907,0.8123622310719035,0.7777188029764371,0.8711548046350107,0.8086954417741594,0.8283436171868357,0.8287868684844664,0.8035401588998833,7.768666796016486,5.103384646382323,9.425497639596829,9.333060139205003,9.23402494894277,9.285084138599078,9.179473899606284,30.853174426687655,30.85712727150243,31.296402345985584,31.80913653346561,26.92555672729229,34.15399992642617,29.575510107904755,-10.249858455079213,-10.112505909897468,-10.502644158347515,-10.183189116759872,-10.458656653124232,-10.17155518788401,-10.255812901757833,14.911986318413028,14.536100672568937,15.891962356350376,15.506023551256732,13.439611545714614,15.778109715321564,14.21661073535707,1.882393595438982,2.0055251410430635,1.6925402428616383,1.863080784962698,1.837361469592137,1.8423870244135443,1.8674160194431446,1,9.17385863085619,1.5162367164327453
sub-059,CN,77,M,383,0.30890449538298465,0.32171696836526553,0.2621283571250644,0.2859843248918192,0.28464681876374387,0.41645190324307413,0.32663021847375795,0.08325917731952502,0.07551143401608398,0.09869979134495514,0.08561121755655271,0.08125603830694744,0.08551598588823453,0.0840133925582932,0.22922010993943837,0.1728374118153638,0.2184499353756877,0.24427878241064088,0.36667205541285225,0.20641955206680013,0.2986009444617136,0.2323607771990383,0.230500501605246,0.3149467076556611,0.23175316860707293,0.19951834334876462,0.16547171405171845,0.19226768646494738,0.1462554401590134,0.19943368419804072,0.10577520849863141,0.15237250653391424,0.06790674416769121,0.12614084475017232,0.09848775804128733,-0.42266641082837475,-0.35626608140934934,-0.34356377084602324,-0.447139685607028,-0.6545113848532929,-0.37700751317380743,-0.5374424841906965,-0.0733446554780814,-0.021072999499737812,-0.1707758590770243,-0.11102161588395752,-0.18954232781584168,0.13950178331452306,-0.07491425241281749,0.8755150789030391,0.8880457780796072,0.9002797750373596,0.8941978791132621,0.832306958333267,0.8219571680177826,0.8391707039879519,9.857915570684597,10.982826768712085,10.344620332448363,10.015477384635151,9.43166151424238,5.51492669170494,8.263684733470336,33.54301571317889,36.410309834116994,29.753631164719703,35.38290776117119,27.239132802958267,34.96760338193063,30.901238802239252,-10.809336379915395,-10.727893700071075,-11.01427072561865,-10.783576962251889,-10.904690232858393,-10.695472296728147,-10.794298884791374,16.15433353472064,17.833141076459167,15.286913719012516,16.699626377885313,13.225100555757379,14.882900644313512,14.227063093729754,1.8504640486244575,1.8033550137829744,1.721179221939293,1.8447470673744286,1.9427501259661284,2.0822777570849467,1.9873429363346233,1,9.861892506448086,0.8921055900539514
sub-060,CN,71,F,360,0.4791713550380066,0.5982456640268291,0.34163527338087535,0.3692527194001922,0.3666925166128366,0.657270924976209,0.43853515959106726,0.059120774958473364,0.05448492111757795,0.0780329925474742,0.05897024193578484,0.06546231256916159,0.03776669664745072,0.05468422484861816,0.10773582647241374,0.07472828498741024,0.1152981085964625,0.1527686793936081,0.12457272424393646,0.09659774598417999,0.1353613796272357,0.25273969622014253,0.17671480499536338,0.35579202754688816,0.279068836485105,0.3604030967426764,0.1500949372030255,0.28307611922518044,0.1012323473109638,0.09582632487281949,0.10924159792829995,0.13993952278531027,0.08286934983138881,0.0582696951891343,0.08834311670789834,-0.245109056850626,-0.127193050967137,-0.173428243267337,-0.4010015899799862,-0.27557959212521205,-0.40784542864717155,-0.38725250934457695,0.1895424030037433,0.43124118447383925,-0.05007341238188193,-0.003067401095056309,-0.051538170807680785,0.44986085985158086,0.07560307357957949,0.7943325328956707,0.7357467642496498,0.8803471771176176,0.8670782725477872,0.8559108002629406,0.6325018764686869,0.7957925307801176,6.273232240335628,2.761707186304478,11.02296786788319,9.317415164687162,9.27493321039894,0.8480491843252734,7.257136115950924,30.135999643463887,30.449369243234308,28.29124749524327,34.99774486641071,28.03865457593942,25.2288614219914,29.127749782254693,-10.618725844318545,-10.541574053491242,-10.803917288086552,-10.637138787105354,-10.819860159947943,-10.272442587544372,-10.597587140193557,14.083672650048417,13.088423832582253,15.457003131033566,16.199804898363606,14.42268979350865,10.766257577881552,13.829563767778396,2.0854713558719107,2.374493085404061,1.6615266781439058,1.8496835925659714,1.7798333766403143,2.639844814560668,2.038237940829341,1,11.506178473814748,0.44116394275857473
sub-061,CN,63,F,370,0.43126265612676573,0.5606203356762803,0.35614792848745286,0.3857636898409237,0.3951828610896571,0.23630049428978073,0.3198177493861231,0.05325842313771093,0.04671753089990003,0.07166946121245417,0.0589131805153313,0.0543028120878247,0.035658890677522814,0.048360642003719874,0.33359079716405443,0.23403847704249606,0.2676159171961722,0.3489000387773541,0.4030231069050955,0.6462192897031713,0.5030917628589512,0.06879521709490286,0.056227289237958215,0.10146768182207104,0.08334769640745844,0.06431045959146477,0.04139644513350274,0.059046696482340774,0.11309290647656615,0.1023963671433654,0.20309901128184996,0.1230753944589329,0.08318076032595807,0.04042488019602171,0.06968314926886497,-0.737395562741743,-0.6205247163439159,-0.5547479352075424,-0.7196687312044587,-0.871030319869928,-1.2554164938177292,-1.0140348092687557,0.10326943154608553,0.3632827328325567,0.06987382786545776,0.02685508892604857,-0.016586622603591093,-0.42407095097103253,-0.19407969110266787,0.7287786689239063,0.6781202521787562,0.8331337762566919,0.769175330282622,0.7396519756941755,0.6524471836599188,0.7170333221252282,6.400423824012278,3.3972088460423655,8.703343710042828,6.683752493050116,8.663006918197109,9.496764438508228,8.998318498803878,32.315527985746314,31.724813359661287,37.4071963937913,35.224422878059144,32.295012119247986,20.958510580098284,28.676748768468894,-10.576362079738686,-10.374594121519223,-10.960208939878001,-10.593910480606944,-10.868373447121401,-10.233665790487276,-10.585979713606992,13.867065811438707,12.850952018607549,17.79955334670094,14.586906141931422,13.074882859395563,11.2733265505337,12.562406969732647,2.368091665279232,2.6582404045808383,1.981464847539882,2.21000184220143,2.3718301159198343,2.2430832745273372,2.300683441308976,1,9.971782350290619,1.731276769095631
sub-062,CN,67,M,422,0.5004427226221381,0.5763927325735556,0.4424642080790136,0.4169017737118287,0.4445547157298237,0.5724993677659556,0.49055943358282,0.07789603915483131,0.07698674784075007,0.08904396967014234,0.09745051076507905,0.05434280167514347,0.060577575980185434,0.06247062580480351,0.27781004310664026,0.18260436399344376,0.2865775871228013,0.35852895012684577,0.392523217814654,0.2643710278761552,0.3384380780694028,0.10157456027300901,0.09773152828719756,0.13327694441925905,0.09945282988770308,0.09465753286440586,0.08209059788749073,0.09160829077805721,0.04227663484338102,0.06628462730505284,0.04863729070878416,0.027665935508543217,0.013921731915972504,0.020461430490213255,0.016923571764916327,-0.5427779142262839,-0.3821334968160822,-0.5018397452817271,-0.5691007494747321,-0.858615542073727,-0.6400385163107635,-0.7307969660359872,0.20195388564971592,0.3892010219101099,0.10251582818909138,0.06113691880697196,0.010380175493027865,0.2647404938497934,0.11886747400842133,0.6367208673329121,0.6218108829818705,0.6902635929472867,0.67612402428611,0.5901940414039614,0.5995756491270264,0.6043509269882688,2.8778744235885676,1.6536373290351267,4.101925495387955,5.594695267996833,2.1507713197089484,0.9836406138294265,2.5403641738559997,21.32205105130685,25.128259167172974,23.64064811526714,18.135727544922453,17.416469462701993,16.753446445511095,16.757354288549678,-10.395877149866443,-10.356690320466543,-10.577110629406468,-10.353033201312808,-10.376663285665039,-10.375689526865425,-10.35605473150255,9.518319228918758,10.389634612239176,10.496688687423196,9.233499323004315,8.137493121658805,7.642040172259437,8.046638578427025,2.741961492231375,2.890906330043865,2.5997860276321707,2.7135381771295144,2.3873670370592657,3.0226560697483515,2.7200141570553193,1,9.05829420323295,1.5096224403349208
sub-063,CN,66,M,389,0.37903870626771785,0.4375582546938074,0.38164827834230536,0.318414086535006,0.39222249488745337,0.2717794852003443,0.32128307329859773,0.08853530717175462,0.09328348801125227,0.09705545589429321,0.07795406604806672,0.09136249452316003,0.07605815236997268,0.08294670839817271,0.2489930382547428,0.2005265156214071,0.19569811024062286,0.26960536196452667,0.23563987403696526,0.4773733583996964,0.34617869000089196,0.17022783547368284,0.14551828805805161,0.18696052182791267,0.19006202849626902,0.21127426720109596,0.1303741882607553,0.1840647326827523,0.1132051128321019,0.12311345361548194,0.13863763369486604,0.14396445695613141,0.06950086935132492,0.04441481576923186,0.0655267956195852,-0.4220801024792071,-0.3269876627144402,-0.309355130343655,-0.4972147440972257,-0.4065683288718993,-0.7969894770341432,-0.5999507373963716,0.052063912403247065,0.18991230463645356,0.08837091235782464,-0.056862545376431275,0.03564174545754564,-0.24237979436693324,-0.11978187112295087,0.849793147072723,0.8413254244502877,0.8694853693891176,0.8733335111018898,0.8494105783613518,0.8033849677853788,0.8372735836664047,7.343340004468204,5.527409507729714,7.480847553423101,9.147131537709368,7.4353738449476525,9.747201592419067,8.747425899173791,31.689165216400195,33.96299269822087,32.640433748349864,34.44101147679056,27.213203173775998,23.514116775258938,26.94647822148996,-10.671800513039697,-10.704170683840017,-10.793625120898248,-10.588909373151072,-10.776322385188783,-10.384767475004372,-10.613801452245974,14.517250424050621,14.64459220925558,15.272859429739663,16.155850060933364,12.987271149341225,11.955910305598312,13.020344953661663,1.9945754301943552,2.089999218120314,1.941624804351643,1.8824707299998464,1.993993180349781,1.9651008863734465,1.964731341508493,1,10.142675111465525,1.0691691495172133
sub-064,CN,66,M,405,0.2080566827359639,0.3089503740696334,0.141051579709375,0.16205724664923965,0.14443606915886562,0.14286621014709963,0.12385616130357295,0.06480036466493862,0.0580171328977425,0.07889915220812449,0.06824646201429252,0.06972156964873895,0.053119492360937944,0.061637684332749805,0.5761697080610919,0.4925185253851669,0.5609978837879628,0.616282354427085,0.630918566909299,0.7293580028322263,0.6996543884472112,0.11702564268342573,0.10161283510227001,0.17749879155409887,0.11161616292099358,0.13440807714900155,0.0650060537379617,0.09927256823295297,0.0339476018545797,0.03890113254518716,0.04155259274043822,0.04179777398838933,0.020515717134094846,0.009650240921773887,0.01557919768351304,-0.9436634157758008,-0.9191701220026667,-0.8552492279587959,-0.9458419138148975,-0.958195387782767,-1.1358562716186373,-1.0570363605876945,-0.4342102539050124,-0.2218204834850305,-0.5261958242617272,-0.540656835252332,-0.5637736374092664,-0.6323578568888573,-0.6549030351527562,0.7381090885684007,0.7302159308645252,0.801230745276318,0.7382990060570372,0.7549673504858236,0.6453854276166819,0.6943644603520841,8.497256487039829,7.1982267093593535,9.328880712674401,9.165805268566922,9.315654920181755,9.231729157702564,9.254102886244516,21.587100941231267,22.032800611108197,23.821509062981292,23.29220654481585,19.65907298607594,16.1573706396008,18.13717017679941,-9.865780475253045,-9.892829388260662,-10.033098564125554,-9.834229634350702,-9.88056199950838,-9.561061541839301,-9.703862705076622,11.2934159608729,10.889447477653244,12.559038145866195,11.925707771487382,11.08990490555154,9.849555336404858,10.591015812129458,1.9274408973859591,2.239001265408426,1.7893355804262876,1.8484128817885834,1.6694848193534482,1.5891277329903488,1.6305959095789564,1,9.637816379959002,1.8489301678265893
sub-065,CN,71,F,423,0.36981373473259127,0.38066398081132885,0.3769642345451545,0.30986943205270634,0.4080576855470383,0.3836348028762644,0.34891008221482933,0.05579198060064171,0.0502843476948453,0.06972540437232431,0.0556343241071352,0.06071237716204875,0.047103278258307665,0.05325486184026323,0.22818173101095857,0.15500226026963196,0.16819207847858433,0.32359314925408134,0.21817407049415874,0.39848301169311706,0.3474269527948627,0.18732222491136363,0.16317993452300245,0.21934690565563422,0.19057520560991947,0.2430343167638235,0.13370912097842028,0.1935145327225539,0.15889032874444492,0.25086947670119164,0.1657713769483026,0.12032788897615761,0.07002155003293077,0.03706978619389065,0.05689357042749081,-0.5650326428796855,-0.4665540976630422,-0.3849584926279109,-0.7028201139896282,-0.5536983011935185,-0.921245346824963,-0.7886191899663298,0.020227517475479486,0.13647748832992815,0.054949881766702596,-0.14200162250585355,0.007068191772365093,-0.09453365843458778,-0.13492414211534018,0.8445868700852315,0.8672498696023004,0.8738098919006482,0.8403919204250323,0.8283552606959321,0.7541691524567133,0.8024517359361909,9.161402561830391,10.464810833916557,8.54981923191245,9.427385658648115,7.785690700375305,7.048450202952913,8.290231697531867,33.0249666507196,38.66184800468708,34.97054802197432,31.828159844741688,27.383487067175405,21.233342842223482,25.205030161898296,-10.688405105843895,-10.656448119431628,-10.831572216426826,-10.552484556629281,-10.960810427526823,-10.448737008317263,-10.68765403314946,16.30295112947288,19.545322003273405,16.695552180239165,15.27649128878124,13.163773979791495,11.127436900926952,12.584081714045833,1.8797628404320308,1.7803837862601835,1.851546183994454,1.8729701338091367,1.9910577322167746,2.1165575902585347,1.9914016240371581,1,10.46503889553697,1.2100182587998418
sub-066,FTD,73,M,260,0.5946669352567515,0.6540904405430749,0.494285629956655,0.5501849387216649,0.6171493743684456,0.5924969591073979,0.5900197085877429,0.2197947052619145,0.1875273208901171,0.25664485126679065,0.23836388189701063,0.21940962484088267,0.24089459891724682,0.2395743490189721,0.12260948004586196,0.10971070934974117,0.14546299538909624,0.11703045085609051,0.12716959529871036,0.13779278996770358,0.13372741227232637,0.038631291528417426,0.031017342144826845,0.06122810208248891,0.05098339637186942,0.02806573641239205,0.022529021527011344,0.02771031909339167,0.02429758790705445,0.017654187072239723,0.042378421304969,0.04343733215336471,0.008205669079569516,0.006286630480641085,0.008968211027567393,0.2570316220716582,0.24676075542574677,0.24074750789650737,0.31144869575187695,0.23462016350878698,0.24218886707894371,0.250161662701625,0.7143484234522026,0.7949791194079306,0.5611121816480865,0.6739973717400892,0.7319952258339262,0.7162272501649694,0.7116337768444266,0.6933039154613192,0.6713513656917101,0.7555939119172405,0.7176711125254602,0.6664892240502187,0.6681904879594391,0.6751835776465878,2.2318997361959516,1.7970656124872832,3.6697128374143655,2.5374732110818767,1.6758483089036387,1.8200297085152894,1.9462762753740255,14.99304175210159,12.355959366972755,22.97078740261178,19.005325838313983,11.0040000991194,10.215205931335731,11.08492758360963,-10.036204975929046,-9.983548006318273,-10.231952458907186,-10.038922918762964,-10.036800652947457,-9.920553743904065,-10.004846455710872,7.72992974808584,7.034429241083542,9.888364652368013,9.239167647841473,6.278592047842808,6.085059917023907,6.44565462940338,3.257214493124234,3.693859638041857,2.7459333595026476,2.9843642545350715,3.250938295719638,3.0509929596301553,3.1511820538820614,1,7.91621808442581,1.06880589386434
sub-067,FTD,66,M,266,0.19963335709153518,0.1824223136472795,0.15296226244441927,0.13455574038607024,0.2298396883605284,0.4147243876245443,0.2536090536056704,0.04050773663767014,0.04410105870423136,0.04537815846606815,0.02900380149160114,0.03983013810029624,0.04464974476030775,0.03867750747329938,0.21924408015584754,0.1621909301566332,0.230696917202714,0.18172926218158847,0.3458675404673379,0.28684529506408013,0.30222975136677077,0.2909675242460228,0.28051040975959085,0.39218946634195234,0.30464778735718856,0.2751440266163612,0.17210923202680087,0.2513811203991102,0.24964730186892412,0.330775287732265,0.17877319554484603,0.3500634085835515,0.10931860645547588,0.08167134052426622,0.15410256715514878,-0.718095031385145,-0.5677312705092138,-0.7165131095409203,-0.7828415636992438,-0.929901252986643,-0.7995386801867969,-0.8871875606648648,-0.37951131925569226,-0.3461863427791762,-0.5162432460413636,-0.5269057108712251,-0.3745182902866298,-0.003751606967519458,-0.3147515505590391,0.9105040407031354,0.9426383613330431,0.9305623267956494,0.9506368271354803,0.8513865967469675,0.7763570824292483,0.8569570851577702,14.945937745815627,17.46108477015999,14.25520339530341,17.565050995820517,11.72344315481545,6.774540072869166,11.352543962665196,38.03888616588963,40.29473051436927,37.56606361948081,41.6526453287828,33.83237689086618,29.93491035257292,34.839949375677435,-10.160576642036071,-10.002458584371231,-10.483042326224659,-9.97168955221891,-10.415816334510644,-10.22520595850261,-10.297056755340218,20.196852854656733,22.56597386085344,19.166127888907578,23.6939064457933,15.875295985816871,12.939244902578647,16.87795588720841,1.6183342675920558,1.5006031801863726,1.5554640035525082,1.4365213684775235,1.7830878033266309,2.241193964198472,1.8305113305794602,1,11.793565769098558,1.0001909807898208
sub-068,FTD,78,M,268,0.3288161940049197,0.37913921416034174,0.31702954757562524,0.252573058591208,0.2721250856307464,0.407888526493567,0.297797726666901,0.09025270275448961,0.09473942115330065,0.10144445982736754,0.08665449183794346,0.07365499282245805,0.08985453948047376,0.08068839127749951,0.3786559563540885,0.2947874240788096,0.3611316132317209,0.4453795199395869,0.4955052170863598,0.3897613157317127,0.48989499460020314,0.11040637806676179,0.11239833156035636,0.13836882679554485,0.10918964481161382,0.1029855253730128,0.07505561329692564,0.08621917733542339,0.09186876881974054,0.11893560904719154,0.08202555256974169,0.10620328481964846,0.05572917908742298,0.037440004997320676,0.04539971011997312,-0.6125589088852145,-0.49468037012612703,-0.5534443254648074,-0.6898793981239013,-0.8282017639976781,-0.6357004085265632,-0.7800950855137413,-0.06626911015697762,0.06990135307079387,-0.07685834592859085,-0.2131416390024759,-0.24143243172159487,0.02950816224116442,-0.188359083477694,0.7994313206613576,0.81177744735608,0.8232481365582691,0.7917102125020961,0.7941901585311607,0.7437986128982803,0.7568283402581232,7.9779281618817235,7.2577157884584285,8.626238215112922,8.811186249922562,9.325142065281383,5.838869357835305,8.098766530598652,29.567596205643824,34.19255693041813,28.81275099672324,29.651818370834526,25.056781415697515,21.11027933685263,22.940867272222306,-10.687100122035975,-10.691953642237378,-10.85559486757917,-10.581264341016194,-10.771112937328475,-10.503023022117096,-10.59372125431402,13.195679867307172,14.414689717556447,13.026910953247134,13.848763931511348,11.890936321186112,9.833245953297988,10.949242977023674,2.1244689754055606,2.145152512920562,2.1026673600556802,2.0229517498208853,2.0194949545070204,2.445274499645035,2.17578873877688,1,8.729626856839436,1.5142836826412456
sub-069,FTD,70,M,305,0.32217581162615166,0.38778271156982613,0.18668669656369122,0.28964502090250116,0.28607428161219234,0.4149992108852214,0.3427443351906169,0.4054868261473392,0.34604381917519883,0.4981547362367937,0.44691178502332013,0.42675108710054027,0.35978917623388573,0.41620855716965427,0.18297349757310108,0.15828417303712733,0.20015569539905198,0.16805168491273378,0.2403947772028563,0.18732454258618453,0.19981717553032088,0.05964173924879907,0.0667885501387086,0.09215100922174603,0.05334141989035941,0.03826817575741815,0.030524980128646073,0.03330587820883456,0.029722125404608987,0.041100746079138835,0.02285186257871735,0.042050089271085514,0.008511678326992941,0.00736209016606299,0.00792405390057362,0.3470787988024943,0.3346144409082273,0.3969679468866752,0.4273607339821539,0.2607326343346818,0.2848257056485568,0.33045808155121426,0.48276433713709754,0.514580198354044,0.36972451540910534,0.5280049822152791,0.41502305849387344,0.5520991832782463,0.5228530946150618,0.7501277668300006,0.7642797767001669,0.7628620224223036,0.7522773575957282,0.7244526297309836,0.7157078730130342,0.7163983048127595,6.193017002348671,5.605931670115739,6.987544512444838,6.670130696479303,6.538357410824978,5.58378639904396,6.191661663001338,18.777544359711715,22.08113396682776,19.719422368290633,21.105031106331452,12.190603575910172,11.027601404399988,11.405779349794594,-9.855556954201743,-9.912959255251394,-9.953002601091482,-9.77631253552884,-9.78897827011905,-9.766837293663217,-9.75719021213591,9.251249321783696,9.952329640729237,9.780849164712347,9.928592436535151,7.703298022512776,6.970309160484801,7.334853905425135,2.4594094078526454,2.6734043170148345,2.1734746606991355,2.4263802202487623,2.251922059181913,2.516618744729117,2.3912815030822747,1,8.346140583388213,1.267815999244787
sub-070,FTD,67,F,228,0.39054140942643634,0.4776245866562116,0.35717372018879945,0.29493126427454597,0.3797779128123904,0.34316735820352784,0.3452352478004928,0.128231696191871,0.11486499088169934,0.15952440228155917,0.12390730345282622,0.12637696400633083,0.13950698939933928,0.136566911102255,0.1746197638524224,0.12750598036277433,0.15914017979169315,0.18831718531493274,0.23557643670777614,0.24390752994923293,0.23380443929232916,0.17809129862414616,0.15270337885605484,0.22199536499148617,0.1923516693262321,0.18243739311010163,0.16605303512835085,0.1698229686676011,0.12851583190512417,0.12730106324325993,0.10216633274646232,0.2004925776314627,0.07583129336340134,0.10736508731954889,0.11457043313732204,-0.1290884724769726,-0.051708760824834034,-0.006579531548465051,-0.19561601723401537,-0.2685373395354709,-0.24145248455038618,-0.230238349267003,0.16794102560317717,0.328359913888161,0.13451322078723024,0.023953623606313985,0.0840637670129552,0.0704073157087135,0.07781833374688467,0.8550596215236407,0.8267112856474333,0.8685019972279564,0.9019807910969236,0.8387566707840494,0.8647273204967147,0.8628234886412408,6.71369710682579,4.253282633591872,7.512005255312264,10.026751626711699,6.583844214238661,7.696355839523658,7.328000325636765,33.72286329912527,34.19554465724999,31.14112448723655,38.21937371063252,28.86199658056277,34.23936601835106,33.21708571224791,-10.700676670393296,-10.596530641648537,-10.828574552273011,-10.556779400163188,-10.9148429673975,-10.839886043134285,-10.838828811400143,15.020115419909285,14.58515121362677,14.307213631017262,18.01678282977667,13.025252525540488,14.610802347054522,14.754793756992427,2.056454971476384,2.1670387443900503,1.9841951422398862,1.8401550803977784,2.1398300966949595,2.085338604462643,2.0512596534627603,1,9.75971133522599,0.5273684974926738
sub-071,FTD,62,M,300,0.28189237629876196,0.4128500806558974,0.23937711917728496,0.2028292056484655,0.16881744396651477,0.2150520365299674,0.18450523552569628,0.09330622775375783,0.09071378859777611,0.10436247378410035,0.0984949719248514,0.08740820351338748,0.08426494377254831,0.09148100726056078,0.3644933215327675,0.26716517748711055,0.2837938986963729,0.3805332597633599,0.5467965336385108,0.5206562653273585,0.5071115988027947,0.16504813324229248,0.13276362528408514,0.24834512163788292,0.18107692899784025,0.1554205287931847,0.1354822436651986,0.1583700603657016,0.09525994117242027,0.09650732797513076,0.12412138670435828,0.1370656336654834,0.04155729008840207,0.044544510704927515,0.05853209804524677,-0.5735422465288476,-0.4650725513142087,-0.44135509461870176,-0.5857073508007311,-0.7977689242417035,-0.7907966825322512,-0.745607876783212,-0.15506396369352712,0.1066182368864266,-0.20046084207687676,-0.2702433021297732,-0.442762721603712,-0.340949534410571,-0.3854646733022112,0.8405151921834794,0.8206963195763208,0.8993995780031193,0.8924891258246405,0.7848940187590849,0.8010385604333443,0.8159524802406202,8.466998814370422,6.2727074807628584,10.15094581355242,9.988799748335786,9.330794389988842,9.281802751865516,9.540703019988852,30.98880704312354,32.55532125100218,33.50651227929571,35.90149017821584,23.198186427505977,23.590014114531826,26.14879811414084,-10.430453289517873,-10.342041932276237,-10.64344886376262,-10.407365956280188,-10.47111215569655,-10.40558604570384,-10.440692602678542,14.333318881941615,13.796324224790746,16.143064440230905,16.57203949036225,12.286937930524717,12.090312054819812,13.05501467942135,1.987457416911568,2.2077915449686114,1.7994918098639932,1.842115714435538,1.8630108187725465,1.9755896814438667,1.9001063695199705,1,9.34580197955379,1.303927544730449
sub-072,FTD,65,M,313,0.7008149445220156,0.7476744889194701,0.5898455949074811,0.6604171183768486,0.7068197278995997,0.7750490407766837,0.7282269550063761,0.17690659875422418,0.13957822136423,0.2153044868581886,0.22979259261895363,0.17862604514217736,0.14160793015186848,0.1732895894659343,0.056120710876829315,0.04622405563816747,0.08109599096281046,0.05771573946381409,0.058627080430003975,0.04634647257944252,0.05251378211786089,0.04168797874331944,0.03760196556446388,0.07178905383766813,0.03261556683237312,0.04343022110806009,0.026368872502572457,0.033257689809960224,0.024469767103611723,0.028921268513668757,0.04196487343385182,0.01945898270801104,0.012496925420158575,0.010627683989433048,0.012711983599868387,0.4988453121658207,0.4860053569113115,0.4231336962188991,0.603990818682383,0.4731882992436924,0.4855470858270524,0.5127051747008834,0.9722117864054622,1.037543029620766,0.7215172730980796,1.0047345325619517,0.9408276149960678,1.1016249699140843,1.0288142001230813,0.6463009506901733,0.6296704981058399,0.7263549655879897,0.6530479726461965,0.6337158688993573,0.5898100911627937,0.6169038307955528,1.426609021144118,1.2711153345489279,1.9518711662288115,1.5694186516149367,1.3023704182200548,1.0836823500447026,1.204962108198776,15.297322528145745,16.068476326911586,22.618019503358337,12.680069532093567,13.15057780494933,10.071861846545396,11.541516357469812,-10.075342840681671,-9.974468049496291,-10.33800262073217,-10.045294484672805,-10.124767872756243,-10.020374103660638,-10.041491080069616,7.297996889557378,7.481353841334234,9.587446099444406,6.971129901764424,6.227970932746278,5.480846654310409,6.0133848788042465,3.8848615906395243,4.019250377929631,3.042211916727459,3.9770174231149378,3.840709164736289,4.560392319896284,4.179271327249597,1,7.137916711767926,0.6551360583780301
sub-073,FTD,57,F,413,0.3572054607179828,0.46111211121497525,0.40595572369928495,0.2494214868128201,0.30370056429240355,0.21623208195525032,0.24780488738561285,0.14889127905749344,0.16396177655699068,0.13109171791647614,0.14334266458667666,0.15573197022058316,0.12368007171777805,0.13956334386655903,0.3420881496370784,0.2517023629472722,0.2657982088189284,0.4032485564823062,0.39786484073919137,0.5668874639349992,0.487264550193579,0.07998398472561921,0.06503841987817237,0.09592308569463348,0.09526835441953803,0.0928482979422866,0.058519601025323095,0.07878950424409137,0.0718311258618261,0.05818532940258964,0.10123126387067659,0.10871893769865877,0.04985432680553469,0.03468078136664994,0.04657771431015758,-0.3351825553321984,-0.17729796686233398,-0.29991677685759044,-0.4209792004715328,-0.405695750527415,-0.6633141996171419,-0.5387863969205722,0.08797901336246661,0.3066384458319659,0.17621088132438037,-0.0968195347544771,-0.028744891814552004,-0.2649938482242362,-0.16732329168097645,0.779929366001608,0.7577784907280607,0.7657074133659149,0.8234492263467176,0.8091049546740728,0.7479872547136471,0.7804087174400254,6.468376506086238,4.1133485168989585,5.9853210038574645,8.409179704780204,8.209054415948097,8.94293445940415,8.624199864234344,26.849257464263324,26.206510946122997,28.674001003474512,31.686798378861457,24.556850751318333,20.125283209158916,23.409015601118462,-10.749522808438892,-10.684539011049793,-10.827575748002182,-10.698747219580774,-10.995020043800915,-10.593192014629008,-10.789077704902523,11.902528321647909,10.86830532399515,12.638105239533111,14.112165410697852,11.449585579667058,10.679083371476132,11.298669935113384,2.427847592849395,2.708932364573625,2.562472306399038,2.1014397940036185,2.2437313793918694,2.171103739367968,2.207799916390368,1,9.508713216667092,1.4364305872582896
sub-074,FTD,53,F,431,0.46567477127132145,0.5735093819424674,0.43355913351464914,0.34026018179396816,0.4349390764127486,0.43335981179988514,0.41419478516753977,0.12351872154607531,0.13941512288481125,0.1253864692078196,0.11104774264217417,0.11987632228775795,0.09548525206316139,0.10793340063812853,0.2574343965863446,0.1857112369079918,0.2423034258606291,0.2886163682927273,0.3149967846602872,0.3824543860254732,0.35490007222886694,0.08043154180808391,0.057613246349875864,0.10797385884879213,0.10997845075737146,0.08467831676863317,0.05351812001135068,0.07346444960844048,0.07294056878817476,0.04375101191485387,0.09077711256810983,0.15009725651375896,0.04550949987057289,0.03518243010012978,0.049507292357024335,-0.2937544716194135,-0.1034429325494038,-0.28128245592743384,-0.3875082850759718,-0.4179246187758761,-0.6047900342546061,-0.5158296717657713,0.2587992776163952,0.49642514488064193,0.20348692477174704,0.05903854931335586,0.14290139534440247,0.08344555147257181,0.08600680939596925,0.7433523370601454,0.6965581150491814,0.7421791843217062,0.8256408578425998,0.7639022268454977,0.713489966963242,0.7483246689545052,4.858598143989451,2.6319220748810266,5.030429663039823,8.359986580176857,4.98856557452827,5.196489089110342,5.9102946805737115,25.079568405488715,21.316740684115082,27.998951599517216,33.76654014481076,23.28834378289298,19.183284094503193,23.261401331567583,-10.52865902981495,-10.431042646374427,-10.694244748711492,-10.488486755215323,-10.744102102149801,-10.379117734208926,-10.558667748393912,11.164520703673482,9.279110209605784,11.561300491041168,15.52874499548647,10.46326137146678,9.491728166542984,10.628348791382942,2.713534690793038,3.1891096425991425,2.6421441721307803,2.110243213519125,2.5356863247434327,2.62946364108729,2.5251019259518652,1,9.478666691206618,1.2340706179349556
sub-075,FTD,71,F,348,0.22196159182302222,0.33442501634279775,0.16514758545634575,0.19186741239813815,0.14334082572803644,0.0916801235460691,0.11826263650669087,0.1274800219581666,0.07206345007051176,0.13432042276011494,0.19318636388155244,0.17811267175802123,0.10381576381548246,0.13879717152830226,0.34481430281335873,0.16563193261795256,0.3394532915232767,0.41064904621575604,0.46526274748487123,0.6676519616203402,0.5653196615917611,0.1652433319043274,0.18596550603100828,0.20899203063081864,0.1260808946068437,0.1643983740399302,0.10668498576277063,0.13419339990235177,0.14050075150112493,0.2419140949377294,0.15208666962944398,0.07821628289770978,0.048885380989140526,0.030167165255337317,0.04342713047089381,-0.3952526459124511,-0.3164650230271531,-0.39528876745983393,-0.3094786141814784,-0.4172517360727614,-0.8095045719113994,-0.620981538509584,-0.1648495378568768,0.05323674392191121,-0.2584211169323077,-0.16355071952989414,-0.2929330008052264,-0.5982665977009295,-0.4483385799358089,0.8384649336328337,0.8506432090005268,0.8974367198027525,0.8118743301885698,0.8432332979485059,0.7534119510060482,0.7996240598139105,10.3703780498075,11.373051484499856,10.694916233867758,8.671718186554411,9.95890374014663,10.388744943291364,10.189402434634815,31.389389374265026,36.76970669928962,34.89304922079733,29.68919437131158,24.610095305660266,20.872120075694582,23.476282612535158,-10.150161349627227,-9.938707134978122,-10.443313920929972,-10.109604628580513,-10.513735820975056,-9.986273979016666,-10.234987733165866,15.95069837464105,18.932334502797833,17.399852514072556,13.769432916493608,13.003193815626874,12.12502847176123,12.759345517875195,1.903255217915565,1.9738779221584628,1.7280788815079955,2.013266162672191,1.8759523795389528,1.7397726257284463,1.8382082160616589,1,10.702128856683153,1.552708512772897
sub-076,FTD,44,M,371,0.24782367932282753,0.27862881903686915,0.1922654094165379,0.21233243409738295,0.26609107019052575,0.26692449933245804,0.2444991620592547,0.12010494226875948,0.09855325873027761,0.12414073490736088,0.15473164486874053,0.11234251997177631,0.13187237394105644,0.13481598757183283,0.1313136824967062,0.10113539938244369,0.12604643439531915,0.1673512962888971,0.1485544174998871,0.14690221545955207,0.15725741164727197,0.22918549071595243,0.21364563335550657,0.2795872676426312,0.22805042064965453,0.23899291727284333,0.19553132638475404,0.2224849499309935,0.27157220519575453,0.3080368894949031,0.277960153638151,0.237534204095325,0.23401907506496747,0.25876958488217977,0.24094248879064703,-0.04903334010047563,-0.029146378833842967,-0.00880852973848154,-0.054625935804373575,-0.12415701631082597,-0.05510421435335957,-0.08468644842556756,0.00516301747403345,0.06833494409025904,-0.10885522213533462,-0.035579925193654105,-0.012669478372280383,0.06332326283614187,-0.0034586199849593697,0.9244159456264525,0.9099010083624153,0.9526932219609833,0.9387659382363569,0.9163222295297984,0.9162429004739577,0.9229035500597275,12.378255220449203,13.061238125793622,14.531963770053457,11.31591226217155,11.358688761330361,10.411287832570945,11.106416984652693,36.531234570906136,36.90270999313015,37.60287248471363,36.58719789767243,34.64895190486799,36.335111067935415,35.37547042834539,-10.431069920239429,-10.319825659809974,-10.498033232085975,-10.511545749557335,-10.553409975662676,-10.375518122202005,-10.488701576305221,19.078937097862788,19.799634697659247,19.964766496960884,18.609643926236284,17.751219914995882,18.15791351748146,18.01053049407202,1.6045555944141785,1.5785319925178842,1.5281513490232772,1.6295205281588863,1.6511440511139546,1.690432016598481,1.6550864237956735,1,8.012171288298912,0.2836370378402595
sub-077,FTD,61,M,331,0.48152963222915335,0.4887237087751995,0.4125492765399286,0.4561533492066324,0.5411323711879661,0.5211693554586511,0.5312098201588891,0.07180265137003261,0.06083774731671578,0.09100562190980971,0.06857041440655001,0.08782676656881529,0.06380366087576723,0.07741250561748313,0.10086096915821278,0.06274109835482171,0.09125469418894631,0.11190921493007155,0.125819422222928,0.18915575828319078,0.14964263859634985,0.14020588592118996,0.1353857650562483,0.14653795094757374,0.16264206429532127,0.1168162218798211,0.13779035072270063,0.12655294419257143,0.2056008613214114,0.25231168049701447,0.2586524564137416,0.20072495716142513,0.1284052181404698,0.08808087465969032,0.11518209143470684,-0.10522857601291002,0.027441503876201038,-0.0032461503507812176,-0.19403352158236836,-0.15473178070252927,-0.47068279594464646,-0.2822395987848632,0.36377813930901914,0.44156710499136154,0.32418366099737084,0.27500369564260907,0.4140474836335502,0.2530533477343163,0.3466856540003658,0.8130774307966178,0.8079162346296781,0.8704547214664958,0.8277601764369997,0.7892440068090765,0.7514603260766377,0.7756780689374917,6.354498529975239,8.419686622622148,8.19601481997208,6.529472007065051,2.3668052248662605,1.9956587741996439,2.2410600949765236,37.47595356139934,38.84793692665141,39.39651721369784,37.94569814342875,35.49201564795357,31.829584010679213,34.34985770371946,-10.700101909325413,-10.47842322243028,-11.051948264419226,-10.689621732194771,-10.948083382276105,-10.597195925652905,-10.781736784328634,17.178301554397365,18.626311044771587,19.170620496526922,17.397091503791383,14.353237354219567,12.921806326371911,13.916489074429347,2.0329284047861087,1.9821534540915735,1.8276622572416958,1.963915358070282,2.2485847893299282,2.3330814701495286,2.2710204135564194,1,10.36687137185883,0.684455008780521
sub-078,FTD,62,M,420,0.5476928187151175,0.6092251603158128,0.4988766744668003,0.35989494887615414,0.6612403571915568,0.6108282714484292,0.5753320736340025,0.07830277830762986,0.07289075033022012,0.0884264079705891,0.08301561169490664,0.06540686803073893,0.09197763037490804,0.08161630481639699,0.09870269283229163,0.07389537507066535,0.10312241270514964,0.14734706899038003,0.08089640845161979,0.10831939944352759,0.11112793220553453,0.15518834965486508,0.11962607305564586,0.17503920880112242,0.23064483107499656,0.13000482443739306,0.13674235401869142,0.15766919773616322,0.12011336049009551,0.12436264122765549,0.13453529605633857,0.17909753936356185,0.06245154188869145,0.05213234471444406,0.07425449160790266,-0.09425919176923239,-0.01918972774005682,-0.08194350191267082,-0.25598696726747516,-0.07841788049633484,-0.07578226656905,-0.12081458094753035,0.40700596093787367,0.5541258593845609,0.3236405055169607,0.05948930647501818,0.575207490633124,0.4598655138886734,0.4136595171307758,0.7505416107962117,0.718099202562048,0.7891967977270419,0.8660357560087141,0.6622429361793767,0.7075669807197877,0.7235444786580602,3.4584683208019578,1.6306744188109652,2.878418865056299,9.270876325785137,1.9032999572673381,1.433757696724494,2.922272706856258,31.72572901009444,32.523853015357474,33.87810185191005,37.07057687943626,25.437355767190642,24.446599854622477,27.531209770118274,-10.619623569808887,-10.433037112386033,-10.869323947401845,-10.661125366722121,-10.745187027351205,-10.626776824259515,-10.724853967130793,13.631341299611249,13.378443499574123,14.498673933021825,17.40301446280007,10.4561039397912,10.43499436297776,11.675097976914383,2.413164742509855,2.517677856777023,2.1510721070459566,1.8749941175709322,2.954349763262318,2.705071514519766,2.6243055490339984,1,12.911959755026665,0.35339666060126085
sub-079,FTD,60,F,390,0.3167353345594102,0.3505581374122295,0.30706421160057246,0.27333256511250864,0.36667882039743716,0.2247525191495615,0.3015691024779506,0.0681201763807397,0.06029686475656844,0.08577230992479541,0.0764237903611065,0.0726298278934771,0.04565186151941561,0.06459912603924554,0.2777427704833428,0.16203213639572947,0.19126335046573484,0.3010726506387515,0.38860011782855497,0.5995033384877658,0.44786418310460696,0.17024455751977347,0.19816197535601537,0.21590764928098682,0.17014336238043404,0.11774410269293857,0.08299202997003764,0.11773309470820534,0.16715716105673403,0.22895088607945735,0.19999247872791082,0.17902763150719972,0.05434713118759194,0.04710025087321898,0.06823449366999149,-0.5650328014089373,-0.42101364813579983,-0.35239896131919535,-0.5778272819669336,-0.7278180937726247,-1.1182836983380078,-0.8407591196451296,-0.06419909033707313,0.05555213384317036,-0.037163507993189786,-0.12684074752285218,-0.0615359408069614,-0.4025931584073599,-0.1942152242535639,0.8491425286627932,0.8675100388462352,0.9021339355910536,0.8825437355052981,0.7833812002084845,0.737208711624807,0.7870413181845792,10.043004875323636,10.14312296830382,10.344351070061522,10.455273931310277,9.082285669239539,9.857112954939026,9.450071736304006,34.77158338570865,38.872424268953964,37.14792796448463,38.219828926693836,25.5169037359379,23.839651818871772,27.940856219678615,-10.391228253706135,-10.171726230987444,-10.75648051422921,-10.4252418401568,-10.637961110385422,-10.173480484516688,-10.441027815316072,16.669885747396155,18.74020674542831,18.037738705647744,17.790429561772644,12.006963444320526,12.125278642766677,12.928925482827964,1.9038571515069282,1.7851869200873252,1.8327694657350493,1.8508522793815942,2.224140063528045,2.05141986635235,2.1139793512761993,1,10.225412916764165,1.404666837912286
sub-080,FTD,71,F,431,0.21372846946049376,0.3996706948517259,0.15709532121558725,0.13232564297628022,0.06326530327365674,0.0363808052072232,0.055921630605072235,0.05690168846698763,0.039385233994424305,0.08496918824214193,0.07193802964833185,0.058919451786523545,0.043008702116235614,0.05319028611849793,0.532589385634689,0.4206555939189735,0.4342509950060138,0.5480695513880975,0.685953853725119,0.8108582089402449,0.726944754890725,0.1368483936465562,0.07871710144868815,0.22811372000897298,0.17499990786748065,0.16161780012550137,0.0899527886352027,0.13526002157185896,0.05993206279127313,0.06157137578618775,0.09557077552728434,0.07266686811980963,0.030243591089198833,0.01979949510109352,0.02868330681384578,-0.9748292631076272,-1.0162960976900832,-0.7176697897473474,-0.8759643104101607,-1.0661144539449918,-1.2762366712483364,-1.1386415196594015,-0.46576279200335524,-0.07321986622842307,-0.4429743927493213,-0.5926400824595729,-0.8425517831971895,-1.0549075633934817,-0.9061171166101177,0.683050280596578,0.646535963870359,0.8113968600434349,0.7418546810750054,0.6578010125996586,0.5385956210065839,0.6217566953671252,8.56101360581817,6.797769122721683,9.627278499941498,9.566163386469524,9.604324168781408,9.557706549723326,9.58639816789581,25.168819003638703,24.72036689417923,30.710958453923038,27.889955006930588,21.11226632177573,19.067749227531095,20.718245661029925,-10.17187997693694,-10.008721656672135,-10.613883800828246,-10.231818183225972,-10.318995604443662,-9.739378508188654,-10.05847993785743,12.592905186469395,11.326681260448774,14.998258454930193,13.918629884285638,12.206729241174264,11.344473547160558,12.019782924328714,2.0115493300827825,2.478884779311732,1.7558101643520934,1.8275146038394812,1.6582028296056623,1.6575732095797702,1.6875997170463233,1,9.68403009507143,2.174247198756131
sub-081,FTD,61,F,397,0.46850948647699775,0.5770784943744186,0.5256467777366516,0.3883510678942124,0.38526204221439536,0.28800002550601855,0.340162221414894,0.21420606655514907,0.1983409654417461,0.18738933966843022,0.2503250905179356,0.2308068996338656,0.21281971323848978,0.2347122242825063,0.20819920357370783,0.13111364857253457,0.1717817480622721,0.23322197997092348,0.2642762759812559,0.3984636679392147,0.3110511510336151,0.06972722655807741,0.05303029608506039,0.08409889541480282,0.07225595113491506,0.09022112709342918,0.07081067997184592,0.07961522336124825,0.0393580168360678,0.040436595526240314,0.031083239117843418,0.05584591048201336,0.029433655077053766,0.02990591334443045,0.034459179907736046,0.04696810959212846,0.17532533563031202,0.048553102374462614,0.06302679756874802,-0.06223118330713886,-0.2729781073193535,-0.11292507351333282,0.4236962774101038,0.6360196001484377,0.48936293354247984,0.33667021939723707,0.24198460848492145,0.028684283040877837,0.17292114339129186,0.7619953314912756,0.7297576992528951,0.7200379732543457,0.7982909406521086,0.8032571712157021,0.8032791037726974,0.8016796307706119,4.538166662391149,2.611243338677403,4.068091370913995,5.7091498053981695,5.9407105915165985,7.541729052902784,6.575657996416138,21.36428068012894,20.799763535221548,19.01375328058415,25.96190161823351,20.119775106368234,19.53739827105393,20.93834327469173,-10.821433262294027,-10.717840908697573,-10.913947109091742,-10.830133669917988,-10.995714674037627,-10.76641279682174,-10.884257223413359,9.692082169311918,9.119103521021893,8.801062413375421,11.076516351604832,9.667737044038779,10.301686395555652,10.14989999951155,2.765414875961074,3.076263199038299,3.0215732887493503,2.5863873217999487,2.3902274907361716,2.2140443121679785,2.3765368382790117,1,10.800820422099688,0.8970043223115951
sub-082,FTD,63,M,373,0.3066244421567438,0.3901482553582873,0.2228944711224851,0.23889165531621173,0.26620547519687454,0.3359800766235974,0.27443903581802614,0.10321016437394413,0.09880310111213589,0.10544244819721454,0.10674418616684356,0.1121251165454128,0.09484598821236553,0.10381784740703058,0.368281305508527,0.2799515365827336,0.31987000474133165,0.4462800844135483,0.44146637593317717,0.4842772844525791,0.4957293089230501,0.11354562783192619,0.1106920369464788,0.1624307257700999,0.09676714916982931,0.1286704956468281,0.061075204625572393,0.08965648033444454,0.10833846012885895,0.12040507000036467,0.18936235016886915,0.11131692493356668,0.051532536677707415,0.02382144608588562,0.03635732751744828,-0.5364177814193009,-0.44829534952377514,-0.4824857373357186,-0.6013016439141655,-0.5947299772419067,-0.7085083404553761,-0.6775479613797293,-0.07207327639608002,0.09641970500705689,-0.17862346657444442,-0.19093263955710843,-0.17961626365449168,-0.10294021882983828,-0.1918523685292193,0.8167369992267759,0.8098367689159005,0.8915466293549056,0.8028123683516297,0.8278112026586798,0.7399113167250816,0.7722051420777312,8.150367608894957,6.305640250810511,10.544151298418916,8.819997348878502,8.97394231423861,8.44161628992202,8.764924561894713,29.41025013473619,32.3986903861646,35.42572845713196,28.795147225721696,25.040536333716418,17.7122682907017,21.02118319605115,-10.597929295448974,-10.580791812568878,-10.717809262095633,-10.517280774151004,-10.784249285732647,-10.359907592729758,-10.54372812160357,13.87756010710261,14.176922681525193,17.451581133531135,14.158500685747278,12.02904652729628,9.679648769400927,10.860953021089982,2.07934555595587,2.2168460306636666,1.7885470998126882,2.0048080398964974,2.0063861733918418,2.2928056846581395,2.1298252392643215,1,9.26053057465704,1.4481833197359872
sub-083,FTD,68,F,431,0.4841912138673516,0.5926871747876403,0.4919841773276448,0.37826761743460985,0.4061417879845893,0.4216872371455278,0.41382337657629414,0.08260066295602997,0.07607049364992409,0.08560476879958599,0.07301968157749579,0.10652403225112549,0.08422700557649163,0.08883504487145506,0.1276712264574693,0.08239142143758794,0.12438337036899826,0.13923334089421074,0.1767331245794754,0.19436525210326874,0.1716481965392733,0.13342970617986713,0.10233866198282017,0.13009685065598928,0.18006857829038234,0.1472518732119763,0.13323664938615434,0.14834695359988354,0.1721071905392819,0.14651224814202715,0.1679308328477814,0.22941078180330152,0.16334918197283357,0.1664838557885574,0.17734642841309403,-0.16870107897504255,-0.031136046292241756,-0.16099229490280326,-0.27808676095575546,-0.22178727315131877,-0.363341214247364,-0.2900930513578592,0.3491244907429609,0.5768367796538617,0.3529849810234897,0.14283244369761872,0.19643524967204706,0.18795869983107016,0.19075399800345225,0.7941359294110928,0.7442310639545185,0.7847233737838161,0.8403515199958765,0.843919425202316,0.8158153670936144,0.8235675374632646,5.04930577365863,2.6832231724241007,3.8002387736325587,8.52610810979553,6.575848896954831,5.960776020800494,6.512467883221661,37.164706604779795,36.68748990508152,35.56468168382904,38.74673170870582,37.33065023450376,37.82203678271184,37.507195334238865,-10.982269883418658,-10.743075698523649,-11.269563529495416,-10.81480864528891,-11.412461299858242,-11.078144413036178,-11.148713023108346,16.037391504963228,14.76620198961481,15.950057932831902,18.08616390187082,16.230063176463094,16.23100286581475,16.50380111529545,2.1416381385312864,2.3522337282073593,2.1694527374179016,1.895542621253533,2.0233948758841462,2.0323876048613254,2.0262570889131775,1,12.222447787645944,0.5555550152514126
sub-084,FTD,71,F,311,0.5736092054307377,0.6856846512271108,0.47255127351679604,0.44731034269518155,0.5508729756071417,0.6196341132208504,0.5373552598719462,0.22935531287800232,0.1604354090301574,0.26861696254445594,0.3324771979404141,0.24412044410786624,0.1832910348761594,0.24983530030779338,0.07055855495722559,0.03932888768648873,0.07416765706460586,0.0855322773957988,0.0992571367278934,0.10145341971058608,0.10721626089445747,0.06827595360278271,0.053221113086696636,0.09748534598304008,0.07083797222084183,0.07192915980165344,0.06654996030427356,0.07023995864905087,0.058200973131251936,0.061329938969546756,0.08717876089110212,0.06384220974776407,0.03382028375544533,0.029071471888130404,0.03535322027675224,0.5366975307556228,0.616572410722528,0.5544465003322565,0.6368521891840877,0.38911049925348135,0.25158322690278573,0.35672153543231644,0.7871451468503359,0.9745486265097875,0.6352654169584804,0.7131537445560279,0.6694671795542693,0.6835523184127555,0.6502061258682437,0.7273208851043533,0.6753792036598026,0.7908336521825907,0.76872043849149,0.7436802611766143,0.7065094486602581,0.7414321944698488,2.735482016363942,1.4483963207898465,4.020199734494644,4.359899609633031,2.8522038082898415,1.8892874992501993,3.101370282664512,25.406751135626024,25.94761200038544,30.224594231494496,28.204997323868028,20.4151571844178,18.177872015493644,20.50768091330375,-10.33222904979951,-10.167349051500214,-10.54344328204155,-10.305265832542535,-10.512405481284743,-10.376149482770082,-10.461495301422305,10.40440943995512,10.137306656395348,12.547794420815066,11.24763204449393,9.081208651555,8.422547684646961,9.177270610205369,2.9667526022604207,3.2267664135800156,2.50860737843886,2.712967191925829,2.9915047084082906,3.214364759821556,2.99737265805815,1,6.513896807520814,0.6912499168066315
sub-085,FTD,64,M,229,0.4104232601435864,0.3552315271756332,0.29768001345533807,0.45467466776341786,0.5225540217244026,0.5160102379529075,0.5363184530736088,0.2172164419673429,0.1276986357823431,0.25683855822457824,0.2446952636891725,0.30175486879919516,0.2893303055375517,0.27690772151516085,0.047466720065295495,0.041044196466231656,0.060383567857686414,0.04210297825418863,0.05136350873509377,0.055452581590948916,0.05012053417971365,0.11670359237996972,0.15572140480865482,0.15218771867673697,0.09666554035686054,0.05477065198480702,0.05989057407338355,0.05831869008820382,0.20818998544380535,0.320304235767137,0.23291014178566027,0.16186154993636026,0.0695569487565011,0.07931630084520869,0.07833460114331274,0.6399267484059066,0.4879374813396572,0.6379916900833704,0.7689381910363364,0.7716007575907861,0.7192578715834045,0.7461409377084138,0.5867041906980779,0.3852324585201873,0.407940516791159,0.7150888706694256,0.8913847539373233,0.8462105593795097,0.8791254597178888,0.8266975566543748,0.8808508202296076,0.8866476639775144,0.7916822394241692,0.7309562190245206,0.7608786140615427,0.7344583855040907,7.813545422375756,12.611560253809923,9.705112724381479,3.945105419082127,2.9438222849759157,3.2246072720345973,2.7139586778001132,37.27247228606023,41.16899683414949,39.800372169585906,36.78508017337714,29.611806716761595,32.30856912177332,31.263067874044797,-10.363380354823546,-10.10277970385144,-10.534348898899632,-10.321466661933162,-10.64723194155829,-10.677079822790429,-10.561183208536947,17.213487549059614,21.456495334335447,18.914702578505082,15.757113764519476,11.134183873474415,11.842840838884081,11.607048056955465,2.1898738058494156,1.738804558983092,1.8647610226715479,2.3295194407409427,2.9691737297630065,2.8080441889949066,2.8832459804088364,0,,0.7656695382715988
sub-087,FTD,73,M,290,0.5318662892310533,0.551313201694654,0.4638396084730598,0.5070194922460681,0.5728014565387795,0.554132959753822,0.5150533239898376,0.152038639197065,0.17626183213181193,0.14745776948450415,0.12036852114808914,0.14858437265221205,0.1426504044095232,0.13926086607613167,0.1631603583281143,0.13874765565077227,0.14738221133899865,0.21565711699439538,0.14453447494966534,0.19521734591759587,0.21316678001609843,0.10523772257176778,0.08956120017977375,0.17368186290396756,0.09541270564061714,0.09966680369631888,0.08544575262092166,0.0977922188362601,0.04769699067199974,0.04411611034298786,0.06763854779946983,0.061542163970830656,0.034412892163024594,0.022553537298137104,0.034726811081672436,-0.006090444798348454,0.09605937773698647,0.006783871499385322,-0.16053428900723923,0.027188335902217364,-0.1239567807516885,-0.14065687680819014,0.4231405252101253,0.5110437036303986,0.2831247714026865,0.344265709217698,0.4775337347733712,0.40166284909031175,0.3398871961162734,0.7752875365266112,0.7641091597399198,0.8243545039399084,0.7788059833176635,0.7632314609944477,0.7518586238762256,0.7706620848944146,3.4639834669636107,2.987969071000664,4.308525661643756,4.503644984241913,2.760381719377514,2.839300147636245,3.9438699621623377,23.63191119912837,22.9361522027167,26.397545994716978,26.99978379575335,21.65053998218977,18.15492712534427,21.314496270960383,-10.459568430026081,-10.458744311253673,-10.771674420757613,-10.185098952076892,-10.605475580292138,-10.324372090131499,-10.388255695875676,10.337443958755538,9.937918694996606,11.819820912763817,11.51090183518425,9.287463622846213,8.740271701905954,9.761681643594086,2.6092123447766142,2.793354352585117,2.1849713862272515,2.524476622174474,2.6642694264351436,2.6879625779873817,2.565138579573674,1,10.563098346795291,0.92062314290777
sub-088,FTD,55,M,383,0.26985178757558914,0.31093721004701813,0.2056758847537531,0.280320345009787,0.23607477531073506,0.25204506668722704,0.2700435285903614,0.17152709848693576,0.21419178327543992,0.16526048809601188,0.12521847768459027,0.17416181180965476,0.1202657889341692,0.1382669899508586,0.3386065795556048,0.27715830593031415,0.35407959672289796,0.32149378802213013,0.38723050500587286,0.4917557063847293,0.431339772073377,0.14518779754334576,0.1211451053630315,0.2090669356249885,0.137092189032169,0.1696791348719325,0.11297272408145495,0.13123040838804736,0.07482673683852471,0.07656759538419633,0.06591709480234874,0.1358752002513235,0.03285377300180483,0.02296071391242011,0.029119300997355883,-0.28999863018334615,-0.10095215355662157,-0.3327548097594523,-0.3826015608873272,-0.35062193362377175,-0.6113862124441225,-0.5046550865067534,-0.03688931164132467,0.126601155157021,-0.1830009458872808,-0.05416036096705619,-0.1330094452784607,-0.21121619495943317,-0.14013866763340008,0.840311868131842,0.8402866175747494,0.8724737962402923,0.8467225551184199,0.8384871264702382,0.7820730914382399,0.7992711352044491,8.723228940036046,6.921405793071615,9.84969905300409,10.171015160014507,9.428990237109673,9.385690399392123,9.073912052657992,25.939992463525915,27.59966571666857,26.717670504612276,29.086186009776583,21.778875222652474,18.913907784705856,20.23642794912893,-10.312144677840928,-10.259870762416964,-10.553732463332816,-10.2211390664182,-10.436257766192156,-10.128563293905582,-10.237395746959136,12.858906281712569,12.550447576714715,13.534289908898437,14.909466321704688,11.650333289984587,10.637175716034005,10.982938907580087,2.0043644122574746,2.201490169096081,1.7952543041396198,1.9656980480617832,1.8609889734277083,1.9204853121351626,1.9784937832788596,1,9.844569659030807,1.284509689275236
