participant_id,group,age,sex,n_epochs,rel_delta__global,rel_delta__frontal,rel_delta__central,rel_delta__temporal,rel_delta__parietal,rel_delta__occipital,rel_delta__posterior,rel_theta__global,rel_theta__frontal,rel_theta__central,rel_theta__temporal,rel_theta__parietal,rel_theta__occipital,rel_theta__posterior,rel_alpha__global,rel_alpha__frontal,rel_alpha__central,rel_alpha__temporal,rel_alpha__parietal,rel_alpha__occipital,rel_alpha__posterior,rel_beta__global,rel_beta__frontal,rel_beta__central,rel_beta__temporal,rel_beta__parietal,rel_beta__occipital,rel_beta__posterior,rel_gamma__global,rel_gamma__frontal,rel_gamma__central,rel_gamma__temporal,rel_gamma__parietal,rel_gamma__occipital,rel_gamma__posterior,logTAR__global,logTAR__frontal,logTAR__central,logTAR__temporal,logTAR__parietal,logTAR__occipital,logTAR__posterior,logSlowFast__global,logSlowFast__frontal,logSlowFast__central,logSlowFast__temporal,logSlowFast__parietal,logSlowFast__occipital,logSlowFast__posterior,entropy__global,entropy__frontal,entropy__central,entropy__temporal,entropy__parietal,entropy__occipital,entropy__posterior,SEF50__global,SEF50__frontal,SEF50__central,SEF50__temporal,SEF50__parietal,SEF50__occipital,SEF50__posterior,SEF95__global,SEF95__frontal,SEF95__central,SEF95__temporal,SEF95__parietal,SEF95__occipital,SEF95__posterior,hjorth_logActivity__global,hjorth_logActivity__frontal,hjorth_logActivity__central,hjorth_logActivity__temporal,hjorth_logActivity__parietal,hjorth_logActivity__occipital,hjorth_logActivity__posterior,hjorth_mobility__global,hjorth_mobility__frontal,hjorth_mobility__central,hjorth_mobility__temporal,hjorth_mobility__parietal,hjorth_mobility__occipital,hjorth_mobility__posterior,hjorth_complexity__global,hjorth_complexity__frontal,hjorth_complexity__central,hjorth_complexity__temporal,hjorth_complexity__parietal,hjorth_complexity__occipital,hjorth_complexity__posterior,alpha_present,alpha_iaf,alpha_height
sub-001,AD,57,F,288,0.8965623375590608,0.8882221186339658,0.9104465800883631,0.8950144468301481,0.9056187438871511,0.8944379119686297,0.8988688231730675,0.06422960768174746,0.06970774060690019,0.055938238710494755,0.06263249537078108,0.06115669047103084,0.06529679633859972,0.06293332011679377,0.01810321940540938,0.01879125252603688,0.01635539324801019,0.018697645084488318,0.016905118183764337,0.018925143193621603,0.01820579084584725,0.01264811268309163,0.013069227664713854,0.01141365116750638,0.013730128394524393,0.011115736950616815,0.013160434696638409,0.012560161684760544,0.008456722670690775,0.010209660568383436,0.00584613678562591,0.009925284320058115,0.005203710507436412,0.00817971380251063,0.007431904179530731,0.5489064249256179,0.5678103047091181,0.5340410705998916,0.5254913338977784,0.558250095149461,0.5378555538918719,0.5393904610966046,1.495880424789396,1.4782222017819815,1.5415912011449056,1.4709988811484114,1.5378746546691646,1.475889783244397,1.4966703648095336,0.5085710959548229,0.5151003696195391,0.49607379854506056,0.5115466245479923,0.49979868719392956,0.5116721401979591,0.5070762254958838,0.897042186742522,0.9016362427856276,0.8824337721402333,0.9014321669755978,0.8896958642436035,0.9051151357773113,0.898040481572537,6.209212451041054,6.536898296616627,5.5833290673756615,6.4668870351567325,5.671432135657471,6.2924583718686655,6.116664341476642,-9.126808642426273,-9.088470408344044,-9.160735008101737,-9.144479136449732,-9.151468258397216,-9.137772501197553,-9.144255903994976,4.212518747749226,4.487082228741092,3.738552478423866,4.4810928889155806,3.6740153144668555,4.233102835856585,4.067748497313899,6.312715477592681,6.160595807343313,6.603895716270127,6.197535127221248,6.561278384696975,6.265880305535722,6.3470150944553865,0,,0.06524486749083813
sub-002,AD,78,F,385,0.8578766936189307,0.8631356636329536,0.8969011469701474,0.8380409909434389,0.858774199870655,0.8192587645164248,0.8364028368290458,0.06453914928957558,0.06236389174963275,0.0581511983045871,0.07043163713034355,0.0647903301738769,0.0695727301488702,0.06862947070485152,0.050368250485490616,0.04320544939509792,0.024388175660562037,0.06105752862644703,0.05407985460135809,0.08746220408354381,0.0713385821403242,0.01762715186747025,0.019058786651560994,0.014362476472061727,0.018997394204282796,0.01613159861305379,0.017016288424265013,0.01696639037274954,0.009588754738532596,0.01223620857075487,0.006197002592641574,0.011472449095487721,0.006224016741055394,0.006690012826896721,0.0066627199530287454,0.13975134803989597,0.16004288345659115,0.38007457002559325,0.08899647805587922,0.07879869299044283,-0.09881513635486999,-0.0068026884410522384,1.152236946922542,1.173731347679974,1.3935131584535636,1.0693442031247131,1.1193236644815765,0.9302476382321047,1.0181350469870492,0.5379359745236737,0.539244485505126,0.5110112840010186,0.5510311275906573,0.5342350303981425,0.5531043319269026,0.5459245231553318,0.9371420880299589,0.9366161571230968,0.8950886857872168,0.956652327737745,0.9304657529525139,0.9730569727686841,0.9553978800862355,8.38359005806575,8.681823122409384,6.674015479408602,8.948235346918725,8.438977169900625,8.691764955390482,8.609955293079938,-9.16321106235185,-9.147945910796807,-9.197847613903393,-9.160489057458722,-9.175216708388119,-9.152119806199028,-9.161869731546886,4.752208513713192,5.064847853127761,3.9913969464213808,5.121980931104339,4.332032291976282,4.68990767452299,4.560484657410808,5.359189375085225,5.384946460670271,6.168142934341295,5.037949198682362,5.318802278751293,4.758670233960075,5.009619203748662,1,8.472539902671231,1.0161118503491728
sub-003,AD,70,M,142,0.8020951463520859,0.811493837683523,0.8573558833072931,0.7651944309698542,0.8035543482018528,0.7579212492490592,0.7648472783758369,0.09825481683206283,0.10010226192631895,0.07858224390769729,0.10757837754881319,0.09284664208085043,0.11076275908203247,0.10527145218862365,0.07624372507854081,0.06447973494916677,0.04170930555226923,0.10393678069366352,0.08040358739422222,0.10759341511698989,0.10661694755436314,0.016384615991846527,0.01618200133945501,0.015668844645043117,0.01648276053132572,0.016784931204828605,0.01737066239699044,0.01690002618596293,0.007021695745463777,0.007742164101535941,0.006683722587697387,0.006807650256342968,0.006410491118246264,0.006351914154928658,0.0063642956952135515,0.13953536573507067,0.1946941187283658,0.2760554034183624,0.05469684065485258,0.07123361248495136,0.013829353769215031,0.012249301810994258,1.010245407450517,1.0560445375094756,1.2131156612252696,0.8908526247285391,0.9710537425921008,0.8432161343136111,0.8627857506606457,0.5814124870359646,0.5795608717174418,0.5510939667931124,0.595974740136774,0.5807399777889958,0.6052551786839064,0.5978333120992035,1.1312540591771238,1.1118360870074295,1.0320243320789826,1.2143946315256973,1.1097209818644478,1.2140800236901321,1.203144583501615,9.00374021425638,8.99008904710389,8.484620915107518,9.067406444094729,9.256185726564762,9.324197519874124,9.255560030987926,-9.246307764644408,-9.248126612094536,-9.287817587941985,-9.223942051739474,-9.253536787491834,-9.211564955161327,-9.222746148562837,4.759263091806471,4.760381522897901,4.3363165563187716,4.983504732027227,4.720157827153728,4.999943002755625,4.958834065865646,4.619710768202672,4.773649379489706,5.26620749375789,4.272187846889309,4.4743834196747345,4.024217405783842,4.128497000267001,1,8.789627074668509,1.0729593665974377
sub-004,AD,67,F,342,0.8908898757157212,0.881870110940558,0.9037687856322002,0.8835288046776901,0.9030419397364375,0.8996347335990611,0.9004813217064828,0.06080130636404708,0.05930801903973971,0.0594188103768929,0.06544894882905343,0.059915829282381344,0.06013448667234003,0.060482254271684396,0.017124316597160745,0.016973915727269716,0.01665406091618146,0.01784998453652529,0.016936761473928624,0.01718609996936736,0.017058317832272633,0.015853773170434668,0.019333097332219374,0.012362736114438883,0.016681734280136654,0.012128554388271375,0.012844600142022843,0.012613318712700102,0.015330728152636433,0.022514856960213023,0.007795606960286622,0.01649052767659484,0.007976915118981432,0.0102000796172088,0.009364787476860372,0.5505130491004503,0.5449801168338266,0.5522144560974569,0.5635485123839216,0.5486797430400198,0.5440052340618271,0.5496699348429929,1.4676728771806942,1.4257769603721429,1.5210678329825604,1.443015118047915,1.5202821556124395,1.5046177529257656,1.5104657441274671,0.516001354328651,0.5222209759905102,0.5034544568782781,0.5247936234442604,0.5061793617386984,0.5102014753414124,0.5087088843479012,0.8896640056580787,0.885381836434495,0.8773003813179462,0.9065074625043678,0.8885513653835865,0.8911790811699802,0.8896997874079988,7.8279744098090305,9.82939183739587,6.051023917009981,7.792191608669254,6.024419404110529,6.2653372632809665,6.207387715115225,-9.094779135123261,-9.024910492392634,-9.14903310047933,-9.12727995511219,-9.143502220474781,-9.11985216864121,-9.134083852065855,5.106303924536452,5.992153719923359,4.122280289552417,5.331475027406152,4.140320094740492,4.480498632112866,4.353489181962563,5.987685924059295,5.43053960811928,6.622119144229811,5.780077959204635,6.625634417454023,6.4443413892108,6.503820530958204,0,,0.07570310194156527
sub-005,AD,70,M,391,0.8930542062810057,0.8986026943112708,0.9023113004166009,0.8752226090268695,0.9001391230307799,0.8847846763552949,0.890199011392265,0.059056963256715805,0.054291822646833014,0.060147324444767926,0.06605478569254175,0.058610280598702456,0.06077379272459554,0.060936277379798086,0.021011864147777212,0.01838527176637563,0.01895768954448168,0.024860785903718572,0.020918033466727493,0.025729101897317874,0.023887593968353438,0.016095990665079354,0.01579816641229228,0.012811095781862286,0.019240797490482523,0.013967324763675112,0.018969103075959733,0.01669370156624917,0.010780975649421855,0.012922044863228094,0.005772589812287086,0.014621021886387803,0.006365238140114739,0.009743325946830961,0.008283415693333972,0.45256825422211944,0.47195961443916035,0.5014940800086382,0.42535281824504517,0.4473974428503959,0.3734968437944317,0.40905252204654907,1.4147944360757112,1.4497807115113004,1.4815359827409875,1.3296076008624167,1.4392435050970926,1.3259302189477515,1.3734550908886718,0.5121152550528714,0.5020363105635287,0.5059847344442734,0.5320637583106287,0.5084955948975084,0.5221198253959975,0.517458429402183,0.8930101935700653,0.8618445519964245,0.8991741127227111,0.926424522899824,0.9042001941034989,0.9092304008891725,0.9108193209920034,7.081761292404484,6.7895508495861705,6.010824361264379,8.601651156876532,6.315780978274553,7.820093981229525,7.182899911679341,-9.071727284118095,-8.985847078161399,-9.139647197108689,-9.117056874620186,-9.121437397849204,-9.105203783879803,-9.116911726230308,4.64714398836981,4.848952176711682,3.8738576819790143,5.316152853607816,4.023311217880518,4.6984762140173775,4.412061859131534,6.0807997769982585,6.079378139516995,6.564086733748291,5.572577214342626,6.420395359238925,5.867896825007892,6.094669292073932,0,,0.06952743933312178
sub-006,AD,61,F,307,0.8478248873159512,0.8350788661151262,0.9039476592169368,0.8538499352565909,0.8341778036670585,0.8166723332594188,0.8333883671581663,0.048848229962240024,0.04888729001070274,0.04977656830203911,0.05009703201836192,0.046847321623961186,0.04782277067809633,0.04802105421777858,0.07337728185085966,0.07963841226072119,0.023323730930096515,0.06460377418421961,0.09685176441303074,0.10887894328751256,0.09296490533779042,0.019441697993531314,0.021809752846392416,0.01679401241850696,0.020390108361422472,0.016138308335385803,0.01818329812248993,0.017960337227015972,0.010507902877417957,0.014585678767057847,0.006158029132420216,0.011059150179405026,0.005984801960563585,0.00844265465248237,0.0076653360592484525,-0.13325370077692972,-0.20740166319636505,0.33280058892120795,-0.10802426118520167,-0.3148894235230238,-0.3508225619204275,-0.2790694338943092,1.0105699345593957,0.9428014355216809,1.3782481204545565,1.0282758551094426,0.8926719196575487,0.8376775836013336,0.9052097528967645,0.5344723404896581,0.5463374433051664,0.4952980551288082,0.5343367343473853,0.5359335996309347,0.5497852322492849,0.5400953156422366,0.8997669617998092,0.9182915647191041,0.836982724010086,0.8953138355692198,0.9049113388471358,0.9302968951570507,0.9103530828442027,10.544422266378788,11.509445993423649,6.454618211247658,11.107895383422022,11.209427764540782,11.177090823089042,11.14078239051259,-9.095578594186216,-9.076874296046183,-9.133019867348452,-9.104175757113007,-9.097891996496909,-9.084217298613392,-9.095499069531442,5.131576758833798,5.725249351693882,3.9618187414582793,5.159478139971863,4.804991073263551,5.242435475966035,4.992219272862065,4.819282121911383,4.55046904530432,6.0655107142583775,4.9580850239383,4.332150890329082,4.343876044835225,4.487889242523187,1,11.294799280421708,1.1242746310147744
sub-007,AD,79,F,373,0.8896213324380695,0.886287630335375,0.9019675685680753,0.8817872823908952,0.8963113481391525,0.8884030121452151,0.8893737649306181,0.06767535225534096,0.07002736553753265,0.05958580820329123,0.07174781481172011,0.06433716149584912,0.06843998287222422,0.06782152932451307,0.020726831496084886,0.02019504822510012,0.019222310914035968,0.022796271145900132,0.02010493238462189,0.02163882318516895,0.021452650556606008,0.01361732363658834,0.01391160902953492,0.012739896770000593,0.014444208963318888,0.012746153508425043,0.013556449599940765,0.013531336239364524,0.008359160173916459,0.009578346872457498,0.006484415544597044,0.009224422688165668,0.006500404471951393,0.007961732197451126,0.007820718948898294,0.5138465492575826,0.5407149823358111,0.4914112783110056,0.49759029962352525,0.5045512160210193,0.4999154390266082,0.499729813235216,1.4461952750653735,1.448637188088245,1.4783552875292496,1.4084048601114705,1.46661725465731,1.43435642130941,1.4381779627677496,0.5169366378999231,0.520638506969528,0.5044905980688327,0.5242952729982495,0.510050946539446,0.5182604227470029,0.5168671841924339,0.9128093005811694,0.9179058568725365,0.8918754895617056,0.9238829791481118,0.9038950941906229,0.917596022542515,0.9141822602007256,6.5857063191766345,6.659487397485457,6.066392740180034,7.034744607286607,6.2687061722048325,6.683866557828409,6.64794956807175,-9.136278692025146,-9.099213939195698,-9.17139237104088,-9.14549300107222,-9.162654067566892,-9.155343126997831,-9.156792489804738,4.250114079841923,4.429350647583467,3.8864741118300223,4.449959115404835,3.9414687650604776,4.231523945810704,4.1922943281198055,6.193329837231059,6.129664698722663,6.4004162210623265,6.047977155291341,6.336216322506687,6.181903882229525,6.193179653550932,0,,0.07903816897649385
sub-008,AD,62,M,388,0.815455505704049,0.824898374968258,0.8236721250489082,0.8243656848124282,0.7638065270109826,0.8297336440848692,0.8013974294391205,0.1123286575830874,0.10725701408463892,0.10764906030003973,0.11041389287156556,0.13583525922019174,0.10566843271961568,0.11858593277283037,0.04301736062209913,0.04166295875032672,0.0418095728812072,0.04096868730725138,0.05183638029631057,0.04043826590301877,0.04533933131904756,0.019158753722654014,0.0180521367904449,0.018787011380282225,0.016956579114801917,0.026492573336906123,0.016993146293269642,0.02109624842055024,0.010039722368110423,0.008129515406331441,0.008082230389561877,0.007295155893952735,0.022029260135609508,0.007166510999226425,0.013581058048451208,0.41631305354404513,0.410691477226634,0.4107342053405856,0.4298511378228584,0.4164227452282665,0.41711613687621496,0.4166004526927648,1.1797169131964265,1.1936234555228094,1.1866540616820724,1.2079233910705325,1.0812987585783662,1.2118525685044945,1.1555358076911237,0.6100189632227947,0.6042843787662268,0.6054855845579464,0.6026988807660039,0.6452299316324516,0.5987137891171507,0.6188071024416965,1.498246870856476,1.4472386129445822,1.452550767773224,1.435565417038469,1.7977756180031197,1.4213897150890316,1.5835388555004546,9.97637722997105,9.25554871910434,9.3549555125092,8.963853607429364,14.328209574460308,8.928708322546797,11.254952748629984,-7.730797071393554,-7.74778658021061,-7.7639604458274,-7.726928186763573,-7.654821519119481,-7.743289826554163,-7.706175716986833,5.465364766593006,5.1222777126712105,5.165002266992775,4.976787443136637,7.583667523130675,4.916413716825872,6.071311198942913,4.70286786319717,4.7849332865889735,4.766087916956425,4.796782246581078,4.20520564880104,4.879473355513363,4.586068561392065,1,10.52763780026409,0.29357368783937865
sub-009,AD,77,F,295,0.8603250121238176,0.8483059535523739,0.8880321461299211,0.8488252451189675,0.8780626151029941,0.8572241456556519,0.8655306979628381,0.0626299184672585,0.06668554685244073,0.05989358887825028,0.06229283073499278,0.05823760284136712,0.05980236240600155,0.06003057410518476,0.04642774018156876,0.05121534355612929,0.02983421939589316,0.04892683037471043,0.041631104635129264,0.0567581824824962,0.04909577866014086,0.020848572636403058,0.023262337218509028,0.01628622995544887,0.02437554214455543,0.01623922535190396,0.019103992530907356,0.018377897027334205,0.009768756590952162,0.010530818820546961,0.005953815640486621,0.01557955162677432,0.005829452068606048,0.0071113169249435474,0.006965052244502667,0.14203546226285815,0.11544562610913611,0.30558295013528114,0.10987220741642052,0.16004564396608928,0.027089894130279367,0.09890062015709837,1.146322455506503,1.0905144908623667,1.3147912662918073,1.094747907692073,1.2179399864671854,1.0846699147708587,1.1453825769645571,0.5423368734005465,0.5540312336811047,0.5182643806889352,0.5528251941690694,0.5257123431408144,0.5414755053385618,0.5357578973952409,0.9523213804137264,0.9752618081213681,0.9186216160891876,0.9572160703361997,0.9288814157181066,0.9479500971222707,0.9404866058337621,10.136827100647427,10.305414024650583,7.464995113892292,12.724096411538042,8.670354957383841,10.579690439883237,9.69550108408917,-9.131848698848232,-9.104195599720104,-9.162205434065053,-9.134225022893379,-9.155368189132012,-9.143067559455503,-9.146888989747854,4.921379124674828,5.186170518952748,4.117123367559478,5.685235127330854,4.240319154914681,4.69487082970331,4.55247664703774,5.12198088839028,4.931752524707185,5.780265406848495,4.797473421720499,5.447614011521075,4.9609186322371706,5.192936893857178,1,11.199988971332912,0.6205874619650462
sub-010,AD,69,M,634,0.8905891098536536,0.8968748540512125,0.9048462892107048,0.8712704879572457,0.8972042123539792,0.8759178261689485,0.8832382188216803,0.05431225777085495,0.05389623056263097,0.05477066705210562,0.05466606856063698,0.054468079633820665,0.054139384703750196,0.05426852213717429,0.026391303873837656,0.02082054802021435,0.018655084022628315,0.036382294321977565,0.024475513481379274,0.04038498383074099,0.03454938231687996,0.018037000085496684,0.016597197126069767,0.01393768084875053,0.023006483012015737,0.016510394160884297,0.021576232332490626,0.019728390949251433,0.010670328416156881,0.011811170239872593,0.007790278865810536,0.014674666148123329,0.0073418003699363575,0.00798157296406931,0.008215485775013727,0.33510108457799015,0.4142351032947581,0.46780956962917086,0.18990745772628229,0.3496075976791335,0.1276967755442321,0.21428898975443952,1.3428057510910265,1.4070608771088602,1.4689868674941036,1.200149453946779,1.3674024017600432,1.1770587537089614,1.2503502659043881,0.5151705396941206,0.5095930037778621,0.5018195343191376,0.5336534438049946,0.5090297556746605,0.526963791270943,0.5209196404620087,0.8751012483470173,0.862789778636072,0.8603798668437018,0.9005464695407724,0.8710930668575262,0.895395294437026,0.8871054178416264,7.854672776229988,7.059096969281876,6.0114486635812945,10.252283925836444,6.867882217684058,10.088987808127392,8.721608754017678,-9.194122628450396,-9.18440084525613,-9.209977974070876,-9.190094470675215,-9.205885029852508,-9.194778564646807,-9.198326760880551,4.758508295031101,4.825009042024898,4.183066696482859,5.491357782547727,4.2594139870800936,4.67186056526843,4.583599663282771,5.933892949376752,6.091086585416372,6.521444231414925,5.299687301264177,6.161065363657632,5.430040974984644,5.723119492016863,1,10.954348666076795,0.38658672798682403
sub-011,AD,71,M,374,0.7268649235036291,0.7626761982744871,0.716294743206212,0.6967943696537466,0.7196839649843804,0.6882932777303903,0.7035291733223222,0.11154060488006834,0.09361460633801462,0.11347505937542353,0.1236088927800742,0.12889792590152174,0.12120736070203161,0.12597154876143463,0.07271503273034735,0.06165659789431177,0.07585201881507364,0.08287827572428494,0.06915231883314953,0.0917316603873039,0.08030480566936275,0.06288505191744494,0.05628407588005315,0.06682270515125086,0.06919360627782034,0.05970370787943962,0.07223689553386448,0.06584648481474863,0.025994386968510218,0.02576852161313343,0.027555473452039708,0.027524855564073768,0.022562082401508476,0.02653080564641023,0.02434798743213155,0.18647994977895865,0.18100583298119893,0.17478957160374123,0.1736020749813469,0.2716770973979186,0.12113495400072732,0.19930543806807904,0.8046485260045254,0.8874667220063905,0.7654897026443787,0.7322978895705978,0.8209164587274049,0.6938224488217534,0.7575686486237573,0.623406552573618,0.5847125817649041,0.6469854915450678,0.6491330016033335,0.6373630543747423,0.651079391185825,0.6448736589013071,1.1024918666286108,0.9823642955296076,1.179894493977031,1.165051977671145,1.1814400703590067,1.1632918967718313,1.1794116866237052,17.42541050369062,16.327400233834066,18.323030850292437,18.354981011799318,17.16850265916918,18.448236678850574,17.710176802636713,-8.395694502631203,-8.357440307578974,-8.480933309544557,-8.428899498881604,-8.314553891050409,-8.457026899814368,-8.386562533669416,7.683442531396482,7.356339867175089,7.916923334763517,8.043953152920569,7.515422103631219,8.009090049720518,7.7706699230360305,3.231039025485583,3.499920796171943,3.0380777613670844,3.0618017178851877,3.228364301302017,2.9218814257372117,3.0915137019897756,1,10.707512055499906,0.19335196847550407
sub-012,AD,63,M,438,0.8150292564468287,0.815511124430399,0.842990346662084,0.8058528756429723,0.8127157914952555,0.7932240422165222,0.8064153363838719,0.0901056426093665,0.08470892563927021,0.07243199889941454,0.09467697290365476,0.10037348564614208,0.11096019242589164,0.10311114674942279,0.03474611424325894,0.03406589343043488,0.02935784245873947,0.036631179918965126,0.03264263447732471,0.04459438306241135,0.03663695623192722,0.03832194966837242,0.043242886470635726,0.03577982912782257,0.039575075160231454,0.03663725515584144,0.024932642456354077,0.0324213470371351,0.02179703703217377,0.022471170029260468,0.01943998285193935,0.023263896374176994,0.017630833225436612,0.026288739838821254,0.0214152135976436,0.4125576761634195,0.3960301284952434,0.39200583046844434,0.41933036380717986,0.4744146523281571,0.3949010220098703,0.4507095473169906,1.1009103367352402,1.0681934696898965,1.153554243449837,1.0968246249008005,1.1212542908522662,1.114109003815389,1.132642070667169,0.5745151376916611,0.5671148882412853,0.5426798767261408,0.5863287571575939,0.577846055537379,0.6195452865158133,0.5943655706106492,0.9952090711712088,0.900235538970982,0.8524731998984946,1.0280215709301843,1.0219401874514877,1.435998566842705,1.173684500070446,14.031277061001196,15.0630542809383,12.659742887953925,14.557373842925003,12.76513979444718,13.324370386775648,13.058662764487647,-8.030205053376177,-8.179996284882966,-8.164098108172889,-7.884954999731416,-8.08910922123072,-7.5072400164150395,-7.772333070502811,6.32734549469469,6.160448581454594,5.6927772932095015,6.808648756106102,5.673412592302573,7.881629824028169,6.748503707577335,4.286039612200021,4.185211261513111,4.5579369005566015,4.221099443575969,4.375316908164829,4.227057300370236,4.330636930549891,0,,0.1441496139552907
sub-013,AD,64,F,409,0.8957698320348084,0.9106667109616943,0.8984395739526695,0.8613321714284918,0.9005431436909976,0.9013414966422659,0.8802188131119696,0.06830739521304023,0.058184580856181535,0.06772685616799898,0.09509476591514969,0.06122319777699973,0.061659608779449274,0.07893779244342462,0.021773189021589524,0.01716720400682155,0.020982342913615126,0.02660628179638197,0.025197660923997684,0.02427751233204189,0.0269069254007969,0.010207669403413689,0.009182728748754823,0.009574035609218363,0.0125345471404994,0.010488688781557768,0.00967012784462518,0.011221922511920524,0.00394191432714817,0.0047987754265479176,0.0032771913564981973,0.004432233719477249,0.0025473088264465417,0.003051254401618306,0.002714546531888417,0.5057899696899328,0.528569277228668,0.5089292578068086,0.561871268248338,0.4350492334357871,0.41530196839345485,0.48215677286676295,1.501723995130824,1.569668748619722,1.5000058782841819,1.4059273721035495,1.4986645595796027,1.4626769325710258,1.4424414095495233,0.5052909261355318,0.48732114428616263,0.5137626046544006,0.5497181705177052,0.4802483082299309,0.504187082924076,0.515969089883318,0.9383501772092457,0.8651480618606112,0.9556727943402111,1.1271255646383993,0.8479898725419547,0.9265633373756492,0.9997914091213941,6.026550846239702,5.512433248814999,6.031829913227633,6.926315539054723,5.973870937424877,6.09753431433646,6.437874156688458,-8.679342983994271,-8.694172837237266,-8.811242364502021,-8.57638323773941,-8.646487542529831,-8.68479208158856,-8.579899250952579,3.559491277849295,3.554447243820917,3.392294320172899,4.042581138874112,3.22494556411567,3.363579682014018,3.504708707511912,6.3855108081844385,6.973910391903248,5.9802487550511065,5.578710301545582,6.694080549002993,6.0847517469184895,5.9551498872004816,1,7.2675931606340916,0.2343185786345714
sub-014,AD,77,M,461,0.755020511880635,0.7630140836943885,0.7473688370977967,0.7550241840092268,0.7415130920497736,0.7587743081958632,0.7497476658342636,0.08700847834603605,0.08885603897684664,0.08437383559135068,0.08577571275249088,0.08717836744735026,0.08670467780534623,0.08659111859626546,0.05140574017414871,0.05053372721759085,0.05063524244188337,0.051076347685075116,0.053831122848180514,0.05263424308759872,0.05271424039089117,0.0700042662517201,0.06473345680978446,0.07433455375147692,0.07082881879600225,0.07679878177996768,0.07011578966792387,0.07331360594229255,0.03656100334745988,0.03286269330138946,0.043287531117491625,0.03729493675720422,0.04067863587472805,0.03177098124326779,0.03763336923628714,0.22933937485737968,0.2454078019619179,0.22298863076423123,0.2252244236409501,0.2120265562174198,0.21682512652401809,0.21678241492919673,0.8453894055652755,0.8773791280512844,0.8243880105318974,0.8389030224345382,0.8052090092150591,0.8381708302011124,0.8234057719687371,0.6344107692325327,0.627569801527361,0.6419679086786647,0.6350059014146678,0.6457924014184501,0.6287557343882897,0.6384311825530512,1.1266917315117488,1.13397416135046,1.1281210688854693,1.1127788274871748,1.1511640254878845,1.0901765881006253,1.1245309550876816,20.851537720208988,19.64822405088061,22.60843120988557,21.166831620504595,22.08809620613751,19.942369798859403,21.318769068089686,-8.23211329806627,-8.151186450137104,-8.283661638812537,-8.27969518396541,-8.277484521855548,-8.274814147216755,-8.277421282161365,8.063110334318456,8.003841203791312,8.393627249791496,7.990694716273838,8.279408828867016,7.595160412220283,8.034127374613817,3.3126157179058815,3.4162773018728556,3.197395882174,3.2979689876832725,3.181843659533593,3.348081475622947,3.2562504501001306,0,,0.019606307519564936
sub-015,AD,61,M,444,0.8896994132438604,0.9021615584327637,0.9136501274874661,0.8675182058747927,0.8888268125309381,0.855827149524808,0.8670836965110353,0.05317604532399672,0.0517377292387022,0.051797856343196426,0.05606920715037466,0.05291053732469162,0.05488937343992978,0.05456357106096855,0.03704754255993279,0.02326792587378417,0.019203412684473967,0.05518836678322085,0.041256396579868376,0.06944746629816173,0.05984203684689005,0.012848810685754742,0.013478631236995027,0.010460546246115393,0.013601432428634208,0.01195802146597093,0.014057775759789556,0.012971245097243619,0.00722818818645546,0.00935415521775492,0.004888057238748599,0.007622787762977721,0.005048232098530476,0.00577823497731059,0.00553945048386227,0.21412010165714798,0.3486915320958193,0.43181678235470233,0.051699304698989326,0.10952843605871974,-0.10169583361057333,-0.020858580352732945,1.3098872404753459,1.41548496267793,1.512845211121804,1.154525328782257,1.2489152583526733,1.0380400533668024,1.1165384239089193,0.5083036149207195,0.4982438800889012,0.4912164229172757,0.5250383214910315,0.5100138790002933,0.5331086655772662,0.5242290455604044,0.8717232420585402,0.8470015992167619,0.8556810241059073,0.9039072332320206,0.876096815735206,0.9113839760717553,0.8999026193339867,7.402098780193709,6.629306320794458,5.497612631678616,8.555581287617853,8.139718657032505,9.550206780757234,8.855853184032442,-9.074443471901727,-9.054515476443573,-9.102649397176624,-9.07938795945718,-9.088439334919103,-9.070999798455967,-9.07709256155505,4.200839425573967,4.3723178549072825,3.5902860498653646,4.4700684172653515,3.923909567306343,4.393431790488927,4.209485449978628,5.996788800162188,6.278830205139512,6.810403298367823,5.532286076194318,5.785687015898329,5.034880259764639,5.356001737961792,1,9.028928433895198,0.714831780959452
sub-016,AD,68,F,481,0.9186060040605074,0.9062915477282323,0.9357396220874975,0.9117727193200379,0.9335436533197786,0.9272662697750177,0.9328394406259607,0.051780315900525765,0.06075910159139871,0.0427576870879472,0.0502806907301243,0.04421339466460111,0.048238141396028236,0.044565660671632215,0.01455056600437509,0.015455130909578787,0.011964904290709193,0.0170245844980008,0.012441209133630017,0.013479079725527195,0.012541188151106853,0.00966701594705724,0.010222186764505908,0.006703626885171792,0.014021021201021751,0.006873776838522677,0.007650849833687889,0.007003741670880888,0.005396098087534655,0.007272033006284599,0.0028341596486741436,0.006900984250815778,0.0029279660434675947,0.0033656592697389577,0.003049968880419505,0.5491210011518353,0.5738161000175435,0.5528284880005222,0.499735015894368,0.5505665652720123,0.5537305491834947,0.5504243624855978,1.6434367976780584,1.6225073166649717,1.7198233310676496,1.5659498329889598,1.7052625887078008,1.6643454239730566,1.700331408850426,0.4490389647206377,0.463384467888954,0.42729841961694054,0.4566139826847701,0.4316786983243697,0.44233088495321354,0.4320138093434019,0.7525116361623502,0.8305614243785097,0.6797880765787325,0.7435147150715113,0.6900086328663368,0.700171063906916,0.6902561077587812,5.264266910257866,5.78307576127917,4.099848620753081,6.379314410398133,4.217850279350304,4.534593312021275,4.258542797259247,-8.610703129712192,-8.575698666527034,-8.76407742174115,-8.372113846067851,-8.758680680916092,-8.758369553299639,-8.745205895191487,3.407661886468753,3.8573348963834135,2.830323979293528,3.6522353420573426,2.87664511043851,3.007191465398466,2.899487025243437,7.647012261945985,7.484807949063473,8.087158153848426,7.319824633506192,7.94049333329716,7.76866216903395,7.983958585369135,1,6.738219974294985,0.1500502198809066
sub-017,AD,61,F,412,0.9199607072831072,0.9149721652664222,0.9278049029078875,0.9124841571168878,0.9303485030239581,0.9250257176254969,0.9239083413618617,0.05059541421302245,0.055596364711825934,0.04618606361973266,0.053101949338565116,0.043816474478404005,0.0448614527079873,0.04738452994824222,0.015211155524897192,0.014883514274633547,0.013039259226357895,0.016440978625340275,0.014869356975112845,0.017668795972419264,0.016432778549443593,0.009516262332811465,0.00954021516705878,0.009211431086050109,0.011290449760060524,0.007837735021506143,0.008859090395547744,0.008658545436203681,0.004716460646161698,0.005007740580059789,0.003758343159972078,0.006682465159145884,0.0031279305010189717,0.003584943298548527,0.003615804704248381,0.5212551140257387,0.5714513776205544,0.5487727047861911,0.507966340424828,0.4697861381607797,0.4080728163024648,0.4605520493591627,1.5980761116594462,1.6006739625051185,1.6419733890041524,1.5429436616656664,1.640417120443109,1.5698911044946025,1.59480861732854,0.4714140605004218,0.4782745489697123,0.46317717799920777,0.4803470601346575,0.4539998559011696,0.46801298224013255,0.4648175656103794,0.8044971066625336,0.8109315558858077,0.7840289466938697,0.8277716778142348,0.7685867641718156,0.819995145766745,0.794438151862918,5.042201029564459,5.1277114363433425,4.677961636044838,5.572929813326341,4.52755655094961,4.999782846516304,4.898080122290649,-8.916479625373128,-8.909703115577242,-8.975733202165827,-8.921346903512127,-8.926204945061697,-8.826994508658847,-8.904096181084169,3.458620414297311,3.5157336914321884,3.229479360848338,3.9209859296304908,3.057436049609187,3.279481040864523,3.228572668467245,7.135645451768504,7.153819987694234,7.293550024529108,6.689150289090432,7.5096691770176385,7.1671324543699875,7.267161124340218,1,10.492756310922529,0.13846717134867959
sub-018,AD,73,F,412,0.8518592228623199,0.8497612154922313,0.8772749783682099,0.8326897540028694,0.8645233659372273,0.8404213385053354,0.8467145108514186,0.07919417331874881,0.07465997822196706,0.06289395615432808,0.0968069425805614,0.07736961953915088,0.08702547404988786,0.08718269446682639,0.036249994678359904,0.03535999904592527,0.027358128637902702,0.04054185293626526,0.03519848752853748,0.04569632266148986,0.04084127776371966,0.023042070404894237,0.027156839277639587,0.025823526392303175,0.01982070858972156,0.017527630033011655,0.019182579557341338,0.018394501697216476,0.009654538735677,0.013061967962236822,0.006649410447256437,0.010140741890581968,0.00538089696207232,0.007674285225945538,0.0068670152208186895,0.3403505321664143,0.32486274028781553,0.36165671987308334,0.37863117095718285,0.34379155472089545,0.2808757107682476,0.3315051295533557,1.1989608173284452,1.1710806354894818,1.2508010802531155,1.189523563206389,1.25346208887506,1.1559036603020032,1.2010612280369313,0.5460606394105172,0.5522273073765488,0.5264746446503833,0.5571264744633573,0.5330245323931914,0.5512787840899154,0.5456595349247066,0.9451013776885446,0.9496011919489573,0.90955436903015,0.968955030413717,0.9308542567537117,0.9563359167165961,0.9503502200108214,9.324989269332354,10.395799064163725,8.74686994798523,8.907778937680112,8.135552406639045,9.062909926787702,8.596115964177942,-9.04694735806486,-9.035441326795734,-9.076551632219616,-9.03765844200356,-9.062711197349143,-9.03774412947084,-9.048443531062686,4.871512125889448,5.332923639035928,4.448442884130162,5.001944032262884,4.172140993379327,4.679368578534023,4.49550100997773,5.056316696980756,4.865354037736942,5.1643668411192865,5.112069383324976,5.281730752438071,5.112984332251889,5.171782612609092,1,8.107009314958368,0.32386803037322665
sub-019,AD,62,F,449,0.8922432917114501,0.889916661372757,0.908990875926316,0.8779770331660163,0.904323232700865,0.8856777271813222,0.8965609800433614,0.05358120761266979,0.05141097921515714,0.05488796071611174,0.05449024133188271,0.05500061965290021,0.05526969185002971,0.055249114954321735,0.021795516889308152,0.01999174822379252,0.017290377263930543,0.023079678284636515,0.02095887807822523,0.03355305208264694,0.025326632019049312,0.017141331139187713,0.01853289169139719,0.011860771899696533,0.022295020101355263,0.012829875788854523,0.016351513166856013,0.014618467614551517,0.015238652647384329,0.020147719496896206,0.006970014193945253,0.022158027116109393,0.006887393779155149,0.009148015719145013,0.008244805368716052,0.39857392845069556,0.41207371884383937,0.501721912098315,0.3731387798697184,0.4190051267590866,0.21682618630263117,0.34761717232285366,1.3973303514725757,1.399057537640995,1.519460731429514,1.3217391170673012,1.4532144112015863,1.2754460091647335,1.3829132572661214,0.5137671391887549,0.5147181619495409,0.49828709976881275,0.5300946849943742,0.50180108797126,0.5189526038709209,0.509415812614782,0.8826499509494455,0.8694423458626318,0.875978445492812,0.9062068567208164,0.8779850872880731,0.8987673108875608,0.8870391784144144,8.83261555563801,9.882474130785434,5.691352891019727,11.569809545355467,6.055119865797025,8.561860094876018,7.025159966380089,-9.119131232794388,-9.090266085142547,-9.147752237224383,-9.127448410458099,-9.142495673024799,-9.125546727257802,-9.136033280239223,5.024350899241256,5.545892402619487,3.9429434510459953,5.932482005096468,3.9964611726183024,4.5466391879343355,4.291642848697738,5.920029766372756,5.728288191452938,6.685335810962466,5.36190059395637,6.451444605882667,5.762302297275461,6.156576242668897,1,10.42903805912127,0.24774427234864582
sub-020,AD,71,M,423,0.9088114931933812,0.9097642757478709,0.918204320931746,0.8981999587253422,0.915456825793071,0.9026425826816644,0.9080218139859662,0.05296472675886634,0.051012784885343936,0.05139613738526231,0.05638019939573103,0.05253581565157293,0.05596182876381148,0.05457128164070755,0.01724949577020255,0.015876081741767335,0.014995994616523596,0.019587812253334495,0.016459771445108757,0.021944650121621077,0.019295777235910867,0.01193615391156142,0.011980383434525437,0.010149362860478585,0.013905013901315112,0.010453671159969055,0.012747541305692792,0.0118727945742202,0.00903813036598827,0.01136647419049237,0.005254184205989171,0.011927015724277148,0.005093915950277695,0.006703397127210648,0.006238332563194968,0.49154329592027923,0.5095952128820195,0.5349734636937332,0.4602306216687871,0.5042894070437963,0.406722516711716,0.4552940366235805,1.522828224015519,1.5433750653442828,1.5861362085617081,1.4550982346434436,1.5560956735376532,1.4415111070065114,1.4930777527636017,0.501693116252669,0.4991798703273234,0.4938288802009822,0.5129930421321633,0.4960664876405789,0.5081259222280561,0.5030522747466543,0.8872866924741418,0.8746829469292879,0.8867758378634875,0.9007418313302487,0.8893553625084829,0.9021528010333869,0.8960737729904021,5.934144039941297,6.046775094416361,5.127706006936986,6.691599527091535,5.279689259619787,6.216363594966823,5.831932452976565,-9.0553307524006,-8.998878726090641,-9.09795264533652,-9.076431589940485,-9.095802917470058,-9.086070082397619,-9.089987586842193,4.210388180437427,4.4900265557107675,3.605277145623131,4.720243002233959,3.6102324508438373,4.01984436999951,3.877542007771955,6.572450021902426,6.570724909102284,6.9646334264096055,6.146697727161782,6.849927475237531,6.425501219420786,6.6063846050667925,0,,0.0867694157391874
sub-021,AD,79,M,450,0.8895230946933977,0.8856008376675664,0.9086401085409929,0.8802137564114594,0.900616912698657,0.8765534230684038,0.8870965137246964,0.05813732377730284,0.05841917848048124,0.05567763727316994,0.05971799769544214,0.057078638750288825,0.05926704177662022,0.05840127410155161,0.021383652516301862,0.021001079121456278,0.017032374094080052,0.026095169507627962,0.01914309404541509,0.02318738075527208,0.02230432464433233,0.016380522046705964,0.017998522810472147,0.011993412013518093,0.01759240386347512,0.01391803300298833,0.018568154355344264,0.016546019052152337,0.01457540696629146,0.016980381920024153,0.006656468078238946,0.01638067252199554,0.009243321502650727,0.022424000044358725,0.015651868477266944,0.44007104407503783,0.44822168295403897,0.5144201220419659,0.3601241916944068,0.47497355161293003,0.4075601345025659,0.422125418699491,1.4045219295580216,1.3857361370040426,1.5214529653793265,1.3331906893917636,1.4624798303425848,1.3506012789206623,1.3905437270351972,0.5233170755868182,0.5284119293655077,0.5034402761513191,0.531412925780246,0.5118443335404314,0.5363176991973793,0.5251523457864707,0.9233557380903894,0.9288494418429433,0.9041746726261747,0.9304802142845442,0.9138167616536181,0.93295888541962,0.9237064293970255,7.670579532450151,8.128140881395979,5.632012690721125,8.548274401776363,6.343961920296953,9.36150175331066,7.951072373958772,-9.087792874289113,-9.068863703966793,-9.12207887059057,-9.085248476290499,-9.10350441685606,-9.084137458111837,-9.08911624798118,5.0372363761869,5.379971601395746,3.870059637728128,5.368843329885362,4.31541101640303,6.0079523279229825,5.1692366039537205,5.7060537732455945,5.466291492619973,6.483474442015087,5.462948640142207,6.181898564401816,5.151533831753471,5.640724951025017,0,,-0.009963432926728188
sub-022,AD,68,F,400,0.856984756651245,0.8439669715593096,0.8771464868801092,0.8571609078985494,0.8661610259906753,0.858187702625968,0.858295063313399,0.07819027231153619,0.08048889850350675,0.07242580138446374,0.07807186179104338,0.07875017121168147,0.07818875972101551,0.0794555963357686,0.03250624328202948,0.033812318300877095,0.02353345201237303,0.03606092954247905,0.029412647364587017,0.03892518897581204,0.036623077290073226,0.019187424867487007,0.02217746207859312,0.017829687753608596,0.017776127341545406,0.017226569366407308,0.016522778602935974,0.01704220395463311,0.013131302887702456,0.019554349557713648,0.009064571969445009,0.010930173426383064,0.008449586066648926,0.008175570074268532,0.008584059106126165,0.4157876778181526,0.4423703822859662,0.48906340968815193,0.3566239775418356,0.4281493831241295,0.31261945696947513,0.3508500608317676,1.2968465610867912,1.3095284618237883,1.361728530822866,1.2502232037211334,1.3073805692801352,1.2325826563444906,1.2501769938872194,0.5364381009041406,0.5366601508044618,0.5294000568629319,0.5397557400289418,0.5387951983661782,0.5360470678721707,0.5397754533570759,0.9480593254765822,0.9722862114543406,0.9293162039696696,0.926155632779861,0.9571127044545923,0.921607223741224,0.9412036002635951,9.026448508836527,10.790793106348465,7.340285564487211,8.406855208239262,7.88082500424377,8.338108692152371,8.228563923957545,-8.955885214268278,-8.790350740849785,-9.108878881916963,-9.035793028241947,-9.063286033969328,-8.984848512261056,-9.029679646309523,5.283265787109518,6.177223377354364,4.674814332049797,5.015577257611397,4.613222424323934,4.607533507016765,4.673046883285132,5.689479347713934,5.609410651954392,5.893401924183014,5.56786865005796,5.815543762447892,5.717960691379705,5.693237065453309,1,8.960640227989444,0.35099972960489545
sub-023,AD,60,M,420,0.8391763670928208,0.8518069473104734,0.8628043516618499,0.8323925277704374,0.8207359241903558,0.8007557024759593,0.8137923485025602,0.09622381672715515,0.09147094288523651,0.0855088703800293,0.09591072455148003,0.10132829721980798,0.12190075830693037,0.10791832747277542,0.03322213863197785,0.029003905378426453,0.028027911363549332,0.03569473370344667,0.03897255642387545,0.04220647909126647,0.041248945753242165,0.020995920152027697,0.018392134856700975,0.016717465539910662,0.024594272504651217,0.029552023743375188,0.016495990511578514,0.02523329107498639,0.010381757396018279,0.009326069569162803,0.0069414010546609214,0.011407741469984436,0.009411198422585752,0.018641069614264972,0.01180708719643563,0.4748996838327866,0.5085240433315553,0.4870286290198014,0.44214502683147244,0.44296187863541575,0.45243702960525845,0.4282527513516631,1.2634435324968194,1.3080132455195101,1.326358276221665,1.2010261734192906,1.1808248579592167,1.2618401512915929,1.1877478113472077,0.53911411438568,0.5273502016866278,0.5190649743765898,0.5438822633450379,0.5626930094357451,0.5654568783521841,0.5614728238312622,0.9817625547670104,0.8884674690158679,0.8820808136613679,0.904477276824735,1.0857708300088877,1.456376109576207,1.1468629124126886,8.805220256419437,7.946792740812588,7.62218404031659,9.919982083270394,9.857861219818444,9.77578578639725,9.968194175477567,-8.357899526928687,-8.427610084493647,-8.454571462638329,-8.399089376513317,-8.356598013626941,-7.8884772426702225,-8.220732687624963,5.295180630111099,4.897998527333406,4.581023477297836,5.398845969313516,5.274407692659135,7.580382446826026,5.9115219145682385,5.159123627986445,5.351414007472156,5.357584485306316,4.86002497420807,4.787739377007904,5.343689697831213,4.89502515618831,1,10.763390122341978,0.26798034815178795
sub-024,AD,69,F,372,0.877637485722834,0.8700468220279989,0.8980182144555219,0.8660810074430356,0.8906645011789983,0.8772061489310748,0.8801433190431365,0.07955537421367409,0.08579504736281317,0.06574231627420281,0.0875860721775737,0.07074694203460358,0.07558735744170084,0.0762841376822138,0.023633192364581796,0.02445895943750637,0.019263318093703952,0.02583124378577327,0.02175614872773073,0.0257172816285562,0.024153102868147196,0.013799426881139004,0.01410402339853493,0.012670153454277897,0.0147241880315714,0.01235494056071712,0.014744456390312972,0.013809460551796155,0.005374520817771244,0.0055951477731468495,0.004305997722293238,0.0057774885620459565,0.0044774674979505685,0.0067447556083552115,0.005609979854706376,0.5269170848431546,0.5458233585653204,0.5326077679424137,0.5301558529474393,0.5119705972180905,0.46815129739571215,0.499694444618653,1.4097206769276487,1.3950344438595697,1.4797405054687107,1.371421610720395,1.4502083305778373,1.3719594017935566,1.4031064090390515,0.5229807698322628,0.5278246188746316,0.5070059385653954,0.532785437613002,0.5128410874628414,0.5255897330769266,0.5216862307928319,0.9292746715328115,0.9321386575539278,0.9040745180771866,0.952505991651433,0.9144868544876067,0.9327700359729061,0.9277358507899773,6.904289890212858,7.104566212091113,6.125297073884103,7.340572121188691,6.456720035423044,7.170602308365156,6.912329232299284,-9.091774796059086,-9.041327899982658,-9.137042397321094,-9.105054803757811,-9.128108248598961,-9.119377336226318,-9.12170895746745,3.926109966888936,3.999983519951916,3.611036476776724,4.090738202109369,3.681644101629112,4.177605093785692,3.9550005908740546,5.906949954086215,5.778650345448946,6.193406959187989,5.724131647871261,6.112780129121589,5.983204426540844,5.976722070290745,1,7.554140980955389,0.20590644242121314
sub-025,AD,79,F,338,0.8540310226863808,0.8770522063564313,0.9025198848304911,0.816399281596663,0.8619464121647367,0.7641139845869398,0.8175918673290009,0.053790849057898764,0.04985125652834403,0.057457305284133064,0.056149833649869196,0.05590897544905926,0.05418457980130732,0.05597974628283455,0.05083161675524304,0.024452732759126853,0.01852214881528686,0.06441573653605763,0.05930993908680504,0.1517361895926118,0.09756477869824302,0.01853202047351235,0.019073473411975326,0.012536351862083425,0.02546778960151792,0.014014196003562898,0.018535636554948394,0.01717382507977534,0.02281449102696519,0.029570330944122498,0.008964309208005592,0.03756735861589232,0.008820477295836229,0.011429609464193215,0.011689782610146386,0.1453639616173719,0.306740475785933,0.4919079847580022,0.02472990778794948,-0.02187064246495098,-0.4471498589012083,-0.2052336593832296,1.189923270654704,1.343898946905309,1.490089161511437,1.0164186677790283,1.100551811719651,0.6818259616464158,0.9102599239647925,0.5433281490244947,0.5304308096183862,0.5115814301023477,0.5774322460666043,0.5364584479286463,0.5781852728886472,0.558556485650635,0.9589172383740361,0.9134777941552584,0.9127201840489304,1.0064542729742194,0.9547799192331592,1.098382784138364,1.017317285866054,11.986668087916101,13.304540075589399,6.16532880009157,17.38618512702351,9.126323828351213,9.597607373928884,9.41427653825835,-8.973421514633156,-8.92756694760551,-9.03881881011268,-8.986572677231404,-9.016641695744463,-8.94468395914718,-8.986939170297243,6.033662026314621,6.3639836621087085,4.395139364044385,7.740948344398143,4.755658375426567,5.837753134605704,5.451746218669206,5.295625513470554,5.515397966355311,6.538085114264768,4.213290346723575,5.640329983590228,4.310346155497026,4.988774160323815,1,9.362448617083208,1.1607892212450643
sub-026,AD,61,F,447,0.8202471731426006,0.7891082864695457,0.8637453404041752,0.8041053755409404,0.8622509361926212,0.8332639762342211,0.8455147041875307,0.06086673219032813,0.06577064052692783,0.05416897086345319,0.05888551914675442,0.05793329975081909,0.062112269748952606,0.060975866366242304,0.01948427776552476,0.019478254014292654,0.01742497997254487,0.02047112534729755,0.01825775536689948,0.0224603960186993,0.02030433286906624,0.03032916970429237,0.03661822305279716,0.02150836081825022,0.034500579837121584,0.020939435659468823,0.02729047711516567,0.024495072126485804,0.06907264719725396,0.0890245959364365,0.043152347941576595,0.08203740012788599,0.04061857303019123,0.05487288088296116,0.04871002445067476,0.49357920735211935,0.5261963695736591,0.49300246322921226,0.456954590722382,0.5014052318689907,0.4417944522452585,0.478761783720781,1.2655958151491713,1.215681345424122,1.372475389616679,1.1990807476473235,1.3707317047475762,1.2553033980916708,1.3089298791222288,0.5803894957601312,0.6111565605966146,0.5440188886390259,0.5944360812683425,0.5422313227223032,0.5564047680544155,0.5544378650606357,0.9714551140706628,1.0806659049332232,0.9008242780975046,0.9534503879956838,0.8878454905123396,0.8565874874988829,0.8911430392523279,23.746444757783458,25.66570434399114,18.289012266974016,29.809008549225744,16.108917392285687,24.546348407632813,21.039922625984183,-8.994690953700145,-8.915826663773418,-9.091658661094973,-9.017292299672905,-9.063484444942631,-8.976871478542185,-9.032996394632258,9.736225538275672,10.872607712439725,8.104177516819869,10.669774761809045,7.926256847781509,9.054814549559683,8.581919037011147,3.7839716824807055,3.5505735100198925,4.286087071266761,3.3490754450243143,4.362902460581477,3.849088510676088,4.059427923034916,0,,-0.012436741917658978
sub-027,AD,67,F,404,0.8634710178467084,0.8524088774977668,0.8869004547062067,0.8598387243883159,0.8752828609643176,0.8565911760191276,0.8662361483816314,0.08264271464185116,0.09251657738370259,0.06667551348125221,0.07413632874235293,0.0804445480261131,0.09234501850887299,0.08476793885373324,0.022491576982638633,0.02132599841327595,0.020824200900272583,0.02505265725499922,0.02138621337651418,0.02560805096342261,0.023144921729559977,0.017256962820796244,0.01709722988273122,0.01606055443153676,0.020899986908816986,0.014630313316952711,0.016264566767636858,0.015726694396493667,0.014137727708005652,0.016651316822523448,0.009539276480731955,0.020072302705514754,0.008256064316102067,0.009191187740941053,0.010124296638581814,0.5638842243030164,0.6422653863037169,0.5055469599775263,0.4651197030604106,0.575334046376205,0.5574103631642282,0.5640676044893839,1.3850788158777316,1.4065340665751864,1.4130344763045504,1.3119590228876592,1.4241162500450102,1.355735382525638,1.3898201589890984,0.5641104947258517,0.5807278957746745,0.5488333383922618,0.5533108120423799,0.5540901322105034,0.5654952346953235,0.5605829197426383,1.2022270881159778,1.293049551577314,1.1721761824662973,1.0844556582342624,1.1831822605388285,1.1935349256049779,1.18904516460858,8.19025448191096,8.54594267200226,6.956441096207256,9.885842270836292,6.7647545978327726,7.54314014341359,7.31850949900567,-8.795542431130917,-8.76902229742082,-8.893007069992828,-8.629083579354448,-8.917303892651033,-8.892441452096136,-8.904204084878401,5.330700570946627,5.5754143187248655,4.625201628534147,6.3861961502685745,4.474443206430121,4.705845755472385,4.762420909917785,5.4412534852940055,5.342990931555586,5.741904510551383,5.049850115992088,5.799047888508852,5.580311019273962,5.652080922385079,0,,0.04648775518440118
sub-028,AD,49,M,402,0.8829104804324583,0.8788465672710023,0.896215983493427,0.8731193764174565,0.8921690955609268,0.8828702072434027,0.8854248045491566,0.07526625662663707,0.0797452392575744,0.06590027550202932,0.08154658994876006,0.06825438302817949,0.07159593285870844,0.07174743224367461,0.022285013145644395,0.022137537228614244,0.020015410265134405,0.024288508087469192,0.021268763828896944,0.023722967267486544,0.022752763225725975,0.013874397722455804,0.013488771553070638,0.013263610672661815,0.014886023794409965,0.013338588792618811,0.014920731140842055,0.014238392339000103,0.0056638520728041365,0.005781884689738353,0.004604720066747423,0.00615950175190376,0.0049691687893775,0.00689016148956015,0.005836607642442229,0.5279404298867209,0.5572212727070092,0.5171744757304785,0.5247697778244129,0.5065959869698838,0.4799643797499472,0.49901764964571044,1.4256852689131163,1.4340474445771598,1.4612830969317454,1.387091252159106,1.4438667501213434,1.3929367237567019,1.4139748652008148,0.513006584413826,0.5113137918937682,0.505167345141639,0.5232535952450652,0.5086851946093726,0.5166782801865106,0.5140946544080361,0.875386692332491,0.861517394754724,0.8710190072773466,0.8997689687080431,0.8753683408142562,0.8817437359636418,0.8815345480971912,6.628327615913733,6.673773197173903,6.147936691822923,7.024484628438482,6.332309087726629,6.8415682348705165,6.6439532320917465,-9.11648685286826,-9.048074660430313,-9.16888648434041,-9.147459368309216,-9.1592743209141,-9.15120384624218,-9.155832247477653,3.9111145204470104,3.916017046387157,3.6570075509576943,4.101043320441048,3.746727228747513,4.1418394714516396,3.94375998085006,6.133597394863981,6.1845662133422366,6.215243091336769,5.956602332015139,6.183624272738691,6.111687794366515,6.105630325744995,1,6.648735789199432,0.11587923150755053
sub-029,AD,53,F,359,0.9453913173822851,0.9358760098815082,0.9514852336135499,0.950576449648088,0.9509483639804553,0.9508481848592463,0.9508974978814558,0.03752998783104958,0.04283805638214034,0.0341241287378401,0.03474761796467375,0.03450311588733094,0.03416558419037574,0.034406170495958295,0.009393663203576454,0.010467268669407103,0.008640093781274968,0.008765162709840133,0.008754088518862621,0.008982761221164813,0.008832716124641683,0.00503135355719005,0.006174713181273903,0.004329423996308787,0.004372944195480229,0.004346144379720843,0.004427121703841916,0.004364144775924924,0.0026536780258988174,0.0046439518856706856,0.0014211198710269417,0.0015378254819177388,0.0014482872336297858,0.0015763480253708,0.0014994707220188851,0.5994674444343587,0.6086269268002826,0.5965425268801524,0.5981575954871682,0.5956415185185424,0.5801552192530411,0.5905539611800589,1.8524311309134216,1.813217351674768,1.8807910414701607,1.8750465281816007,1.876358691364424,1.866017357200736,1.873123249292662,0.45446999042113584,0.4607356827889486,0.45016409245289596,0.4512114469842634,0.45069271968293007,0.4511819070672044,0.450904197392865,0.8266468219891255,0.831948863437147,0.8228276363035073,0.8238831456062508,0.8232968332378482,0.8243707913421429,0.8238334144020134,3.8580802366713502,4.442001421885109,3.496728102996059,3.5320469515488275,3.516578824595788,3.5207029772945146,3.517997303107863,-7.672512920409008,-7.617847078008688,-7.702565876895092,-7.70472206494378,-7.704101483984047,-7.706962799648892,-7.705547214431753,3.080384764517437,3.651869562575455,2.7279299945557596,2.7588600354800272,2.7364011147706155,2.7678950589519387,2.7483126808791662,8.973560759244743,8.463287737913626,9.299538109259212,9.258339595853215,9.272659065904714,9.252345175675053,9.26828521047224,1,6.732196005769045,0.17229357632088416
sub-030,AD,56,F,267,0.884011593074804,0.8708053837974488,0.9217436330745876,0.8834003320390731,0.9045274358149747,0.8440840235070779,0.881865256091119,0.07084210641087128,0.08137625658719613,0.04961945300622376,0.07431647049915195,0.05973316841035137,0.0755212397249242,0.06745521399342128,0.021446970338710368,0.02103851809302909,0.015745917157951126,0.023089025840575206,0.018951073060981122,0.031887867882597926,0.023837336386298116,0.013347797073414073,0.014531426922958224,0.009154485886997498,0.011264918047826568,0.010224001580059103,0.024346510670841877,0.014679723469953363,0.010351533102200147,0.0122484145993681,0.00373651087423976,0.007929253573372697,0.006564321133633107,0.024160358214558357,0.012162470059208097,0.523774330841525,0.5887323567079283,0.5076143598748647,0.5067418579502004,0.5003460919630033,0.38986850085953517,0.46491692083449454,1.4552038893438166,1.4297435019371465,1.606371660533382,1.44553070004,1.5227458550901127,1.235597018471005,1.4167827948531941,0.5238461371023643,0.5457580254455369,0.46255130892231217,0.5293237848869548,0.4967641442723567,0.5687644638471685,0.5253465003787798,0.9856994126967339,1.0560747855675476,0.8325561973017939,1.011307306890417,0.878865240776534,1.0781359002342286,0.963450031027972,7.343474948995405,7.796165358694931,4.990057178348934,7.0588216497638765,6.059143023821181,11.78498965724118,7.967230105280329,-8.696383460746821,-8.729870305309134,-8.751741709371712,-8.832320679822223,-8.846372439617886,-7.999284225383999,-8.606594480602233,4.610483858067151,4.91203700731966,3.6113871666428126,4.301382322017627,4.074381140221646,6.476050021687174,4.84757391600437,6.176651074559776,5.687165203692134,7.58935369302273,6.107380703577398,6.936710811156543,4.769248831971694,6.105085533569245,1,6.573314896164738,0.28972397081978585
sub-031,AD,67,F,567,0.9047628715292471,0.9096689944663717,0.9209424337041928,0.890826208772174,0.9111160599161754,0.8816656409206444,0.8948483994744434,0.04894675504478274,0.048642662621708355,0.04825895311194809,0.050332043394248946,0.049123231185000206,0.04800749051553649,0.04934872218790011,0.024686419826815676,0.017804417230309347,0.015105544264183137,0.0327063937007988,0.023106632972332283,0.049474474792295484,0.03697514969999786,0.012254134085893285,0.01284532293164881,0.009100201302752029,0.01423733236480872,0.010579199165838006,0.013461878122712892,0.011877201106473731,0.009349819513261538,0.011038602749961633,0.006592867616924046,0.011898021767969941,0.006074876760654651,0.00739051564881097,0.006950527531185381,0.3385993781639051,0.43715491053866934,0.5054173326574086,0.22395438855727837,0.3293060078381042,-0.013341882186069052,0.15298533526657093,1.4341373931536836,1.4962523955526097,1.603058299346445,1.3143775967950697,1.456199786200923,1.1697795286146673,1.304813501597151,0.4978534176583828,0.49597332310429815,0.48559048237382124,0.5102140413900605,0.49244066620389654,0.5062260312428948,0.5016058550556441,0.8288900282249976,0.8219943595275182,0.8224744509639145,0.8509063067921867,0.8258778703111153,0.8231339142942447,0.8323915543608186,6.394733255473381,5.892540975407227,4.8882978293034896,7.810517561589707,5.711968231868858,8.604638298133889,7.295683624882483,-8.904575343558674,-8.886458957101302,-8.935176127058403,-8.908921352733156,-8.930105004484544,-8.875095011172098,-8.905495722294347,4.37184376535117,4.60313544096388,3.787607406269267,4.828387461879531,3.834625912246858,4.3314168259292884,4.117978207799472,6.52087943424809,6.488429417637321,7.279247618276115,5.9833698779183075,6.872921157788396,6.043858743692844,6.433557882911434,1,8.841269424509042,0.626375368956662
sub-032,AD,59,F,416,0.4214362597546859,0.4293691160253946,0.41695425073278086,0.4172145239035321,0.4165171612530068,0.41621639579488967,0.4163902144462563,0.18235889588746632,0.18065967625467177,0.18258682240832333,0.1838458760036486,0.18302530512012183,0.18399070073961366,0.18362723099646985,0.15158769630750926,0.14921158557933017,0.15297050782802843,0.15277510395267213,0.1530327569590338,0.15328746030774498,0.1530995205027285,0.14554765065397662,0.14315667052396858,0.14722243298752027,0.14654570273130585,0.14722068221792403,0.14689825610810947,0.14700364498574556,0.09906949739636191,0.09760295161663479,0.10026598604334692,0.09961879340884158,0.10020409444991356,0.09960718704964235,0.09987938906879988,0.08030322763775607,0.0831157884094814,0.0768617712049508,0.08040085104188775,0.07772682504162998,0.07929080667185104,0.0789618571391183,0.30799162900771404,0.31951988825899197,0.3004185533819737,0.30278174425088206,0.300332079445497,0.3009114289238413,0.3008934365147128,0.8602261177919225,0.85587005685401,0.8629894816546194,0.8623632273899656,0.8630565570725116,0.8628074071636025,0.8628901307431359,5.2950879043337755,5.1092651792400785,5.400664422221312,5.392422843088436,5.4104266412462465,5.419424682452368,5.41354746078037,30.994618464293737,30.878465764111947,31.08357097343899,31.04330107972347,31.07907830302953,31.043669162248925,31.0598865629438,-8.175409453082082,-8.166349738400843,-8.182793943469939,-8.17886594128862,-8.182176990075773,-8.178977436981027,-8.180380145986817,13.375540779806148,13.249388252173546,13.467863682383038,13.4301774348665,13.464260696378666,13.436237087675437,13.448679620235607,2.167212360626967,2.188072235237744,2.1528046376914003,2.15762094419435,2.1531719941966085,2.1560577664033707,2.154832708086629,1,10.071133872002497,0.3351354039675165
sub-033,AD,72,F,342,0.8670798499424235,0.8544025787421624,0.8943626606961953,0.8515782410274697,0.8873612689622975,0.871107172312777,0.8750347765145806,0.0589841379870603,0.0590076818283037,0.05728541873861125,0.06102551400224005,0.057282507666505646,0.05991950686585443,0.058826927249534526,0.0315163777883658,0.029202252328088592,0.022117100612528768,0.04554275757836801,0.026641368831631387,0.03297448651818882,0.03243366720312507,0.024516974741590043,0.028882602760542605,0.018079303388990955,0.026414732026434132,0.01910365145875455,0.02321825405871976,0.021947060620241782,0.017902659540560265,0.028504884340902575,0.008155516563673342,0.01543875536548776,0.009611203080811528,0.01278058024446065,0.011757568412518427,0.2902210039567315,0.3166627046423794,0.413503614446721,0.1311533267890165,0.3360246659534775,0.2621809971622903,0.2680356300817151,1.2287504415080757,1.2000453103746944,1.3744111956953038,1.1059200524229145,1.3184065479474896,1.221903887705269,1.2423761040863466,0.5355298986453341,0.5490545143375523,0.5106271097083127,0.5474703568409082,0.516259255161952,0.5305729759620261,0.5270856357537265,0.896764931573662,0.9111841870728893,0.8688372355598982,0.914994871063256,0.8721210876435,0.8886949682630672,0.8856464945278791,10.829496374133667,14.035946646485035,6.867954694431499,10.950028873408566,7.8989500636810215,9.703987407586295,9.173356260607948,-9.13473970049952,-9.113243143361561,-9.161961461547515,-9.133787921118618,-9.154771304980477,-9.141001160950754,-9.14659667916486,5.401525335885517,6.279729862734603,4.2600132427215485,5.5711767443018445,4.4989542339562725,5.054631467720881,4.893067433526279,5.039524121504658,4.40375025799539,5.838861824956548,4.934550133230676,5.695511770980101,5.291692590944067,5.404580702464162,1,11.541257565862518,0.18227907420833134
sub-034,AD,75,F,474,0.9024036416228709,0.903338743047232,0.9120566220685271,0.894954700528126,0.906166785526486,0.8939044823031916,0.899375964714659,0.05960471283419325,0.059520728646794266,0.05503763702702211,0.06385552271393195,0.05704535866710291,0.06208668269200451,0.06035640524366405,0.01830555377107645,0.01768211767339588,0.016169125123516714,0.01956287160453151,0.01769793134224636,0.022089021060633086,0.01985441357347337,0.013327859453725022,0.012139369763412984,0.011884560426246955,0.014596443242107592,0.013924352882578187,0.016220614190989375,0.01497267326532881,0.0063582323181339846,0.007319040869164789,0.004852055354687333,0.007030461911302568,0.005165571581585985,0.0056991997531809745,0.005440543202874316,0.516834883798466,0.5343031703410712,0.5320786853953563,0.5149752356153074,0.5086563077317346,0.44881733897042686,0.48466976926221034,1.4871543443269246,1.5142088445794315,1.5377890346658234,1.4490264050731523,1.484232875257664,1.3971496400462389,1.4419821387754823,0.5150554211452567,0.5154424204108855,0.5052125556508161,0.5210892681722363,0.5112690182853453,0.5220771321931248,0.5171228177058608,0.9804719945131538,1.008885245872888,0.950492220902427,0.972106329828715,0.9599544058777184,0.9735029874922083,0.9675363027378253,6.086438886094398,6.016878250726944,5.452020078603809,6.570337621454614,5.849148453555934,6.669667499203628,6.295058897026936,-8.99862936212586,-8.802542875725456,-9.11773230678325,-9.112415835068656,-9.113019772688764,-9.107119085811238,-9.111780915359436,4.079557277545914,4.292131562617227,3.685331594625552,4.198287633513157,3.8280555016703075,4.066677756055782,3.949457433049839,6.263689529278383,6.409095074706328,6.528869200676408,6.045589376502544,6.213742198282929,5.868121915228405,6.035789317632004,0,,0.04540059308703448
sub-035,AD,57,F,367,0.8891915254446511,0.8862869580247418,0.901859765083708,0.8737330952472875,0.901008439391191,0.8935466414306662,0.8951511422468721,0.0643119810950035,0.06575032308359872,0.06119016202625127,0.06817748253715049,0.06045746164065782,0.062011289035273046,0.06179624983960997,0.02178057758317644,0.023558074862731943,0.019153277499495032,0.02294717425115531,0.019539321305041362,0.020528978311499163,0.020325174061391525,0.014695256022424488,0.014805746739734647,0.012160113547153262,0.018538970829003357,0.012362921819538325,0.013922323915917254,0.013723398801740727,0.010020659854744639,0.009598897289192889,0.005636681843392413,0.016603277135403445,0.00663185584357203,0.009990767306645417,0.00900403505038618,0.4705944416613042,0.44335741218344815,0.5045826652602408,0.4730685848177321,0.4905213222516036,0.4801031022370903,0.4831104430705156,1.4215895352427685,1.398111616058335,1.4879471571916303,1.3589025752894022,1.4792111513671298,1.4431673151851854,1.4497188168686812,0.5201923704935542,0.5193049570155129,0.5090988458517905,0.5379581150415484,0.5101410976810269,0.5194840247521447,0.5169412747269743,0.9167918748409362,0.9050908467316453,0.9069841206806627,0.9471409974628203,0.907611559897408,0.9255293316353885,0.9194691384353836,6.989439215138416,7.047444174433557,5.979417996889386,8.473982454354312,6.0817096068271255,6.693961619014113,6.561859389331842,-9.153693396455653,-9.117897476099353,-9.193713471570755,-9.158647465796996,-9.181191954869748,-9.167793028726223,-9.1723890283289,4.488065529650707,4.46237429401363,3.7890572500194,5.4508852473299125,3.9505936340630927,4.507065681850458,4.3399572287437085,6.076653888027157,6.03948058186621,6.441254242116514,5.509636897152429,6.466068663594194,6.209771746855332,6.250875856274166,0,,0.050183024900025686
sub-036,AD,58,F,415,0.8205428900104659,0.8386812481714205,0.842515906197762,0.785101813062532,0.8156120710277586,0.8023774945361101,0.8022188096511178,0.06271411785755436,0.059116491415141005,0.06030027093445344,0.06890787605912255,0.06293055493354892,0.06621440877352436,0.06535379017022852,0.06591472101326891,0.05381145065392572,0.05397837657491684,0.0880686913532963,0.06990094376834867,0.07589340911582375,0.07680198294290556,0.04068194378430787,0.03834526562104833,0.03510840960847184,0.045281449481203044,0.042736097353431673,0.044940376871994175,0.04445567026792913,0.010146327334402938,0.01004554413846448,0.008097036684395778,0.012640170043846032,0.008820332916912454,0.010574310702547834,0.011169746967818991,-0.010944093925906754,0.042871822034261334,0.0499338101124285,-0.10382385405111208,-0.04125319866364114,-0.05939347848698572,-0.0651613153066409,0.9253508576469444,0.98981984300324,1.0063884251310828,0.8084745125106779,0.895434872477879,0.8567797256998334,0.8581489477315432,0.570203126055252,0.5542742101232419,0.5562727508188459,0.5963262162391875,0.5760506335890367,0.5858324530033487,0.5856717830917593,0.971540105271638,0.9281649510857493,0.9551164623018059,1.0305959271119287,0.9885292543066891,1.0043932421438386,1.0079315374306983,12.48569905913066,12.19373468268241,11.8138451968828,13.209756017613945,12.572936647100585,12.936384871149858,12.972965475444875,-9.106529658956383,-9.07120646072322,-9.148554497395283,-9.105893113614966,-9.135099412432465,-9.125542055582796,-9.126378537921447,5.489391526964511,5.341897033766025,5.015238921140795,6.021662386439091,5.445442445703257,5.718233064837507,5.761814740436797,4.134390327280994,4.356408001532202,4.286479734911837,3.8561711728303214,3.974041905375022,3.9261552977158103,3.929751537396521,1,11.810854439521105,0.5310799647481694
sub-037,CN,57,M,377,0.8071481375978108,0.8160414799673772,0.841276785606015,0.8245217248672685,0.7857775156224553,0.7221372257161405,0.7807136694866665,0.09815583660443443,0.0988026104881292,0.0955742395955081,0.09192397319096886,0.1008463691645623,0.10819245151163154,0.09751821689403851,0.06827680272377595,0.05497348853557523,0.03963398892667105,0.05797994414631692,0.09043462321734837,0.14515960949269519,0.09905675260750291,0.019290225977016063,0.021562995123628637,0.017618623870230637,0.018561702108265302,0.017291590538643254,0.018297938019110935,0.017109579452846378,0.007128997096962701,0.008619425885289475,0.005896362001575073,0.007012655687180516,0.005649901456990583,0.006212775260422979,0.005601781558945963,0.19163781355991716,0.25507377032875034,0.3821001105115709,0.2016149890206348,0.05232484850403937,-0.12706638389609853,0.013042617126134666,1.0381317353411619,1.0783598231134524,1.2141071923363158,1.0914005045972668,0.9185490130324535,0.7062067875962668,0.902252659098236,0.5747597699490337,0.5761014993909631,0.5595143889386751,0.5647675085303829,0.5815081844619557,0.6027936894857349,0.5790875427071469,1.0701744839905682,1.0542860745410132,1.0135040738606402,1.0398295866763205,1.1021123730448548,1.2235724933059706,1.1147530137033703,8.813925883793637,9.00448235018162,8.336050808193255,8.802404161958485,8.722727256686433,9.02363224916737,8.756178710756595,-8.98229175144242,-8.998655838834987,-9.039331320149183,-8.897052156940148,-9.007869627459694,-8.97157046748692,-8.932306375350423,4.703045186314081,4.849481640554367,4.250561874291502,4.579878303286067,4.637238386911832,5.214286529666353,4.687842978815384,4.87852684429453,4.967054182761702,5.36338665065258,5.120799394668692,4.509589487133302,3.9102523851158733,4.516465115628501,1,8.377364863318597,1.083895901216076
sub-038,CN,62,M,436,0.9490060269665915,0.9435776253450415,0.9621726014551258,0.9496860515768818,0.9623587685381848,0.9268664093312458,0.9501693370792165,0.025842154702932697,0.028942222475341915,0.022290602599213477,0.025497615855075678,0.020625616672178566,0.028833130396924495,0.023243040903504007,0.013042775686123219,0.012239513526743144,0.007307561433164865,0.013651050757306658,0.009424943729751271,0.02866721241558206,0.016396949718660313,0.008665978285852732,0.010604305125226572,0.006149627602903947,0.007918060393587483,0.005736799950276852,0.011545963660361782,0.007589266329417368,0.0034430643584995343,0.004636333527646845,0.0020796069095914455,0.0032472214171479575,0.0018538711096087492,0.00408728419588541,0.0026014059692018063,0.32477922380621793,0.37773602735537853,0.4813810984104549,0.26445454683476044,0.3413771484786312,0.00028006641209506883,0.19346145377604196,1.6791807849567586,1.6313723937249411,1.8897405110015508,1.6555663502044908,1.8135549364655938,1.3763382074422146,1.6469879543260524,0.434058987701791,0.44935160494542253,0.411545000985649,0.4285421790688263,0.4197100046406923,0.4468628992808715,0.4238718781406289,0.7582583810418358,0.7774828750396459,0.7297695649782595,0.7386487244786786,0.7770975630038719,0.7446664163281254,0.7450646062896171,3.72323996475241,3.926574851215707,3.0487886141335374,3.509580440494936,3.022723731510925,5.501338286436356,3.7705997322246003,-8.712117492753782,-8.79925168894675,-8.644051410532404,-8.671515255600733,-8.645069181201215,-8.691023871045417,-8.624024105535671,3.11338072729294,3.4697886535103204,2.5692184059131957,3.010781630236292,2.6230742117086763,3.622854435091413,2.9175406499733074,7.814005518579797,7.212576277797112,8.908743079877896,8.056621104812846,8.82364368860109,6.277213091874005,8.038753693538998,1,9.87025406497215,0.5249574030184867
sub-039,CN,70,M,417,0.8237545677822242,0.80798765829362,0.8792581682446238,0.8393352931299541,0.8304639153038144,0.7544578783208933,0.7988877008970976,0.04943224800618987,0.05259855908299902,0.0511246825302237,0.04319205912973263,0.047586984959383384,0.0510597797744313,0.04944041492969293,0.09857178289468438,0.09906231655245719,0.04692098631017779,0.09812374012750154,0.10177699755585583,0.17041937351184805,0.13037640680914928,0.018789999104005795,0.024590532005402056,0.01676829434433523,0.013610874416086247,0.015242418639394913,0.017200311161380148,0.0156255519137591,0.00945140221289598,0.015760934065521818,0.0059278685706396295,0.005738033196725599,0.0049296835415518735,0.006862657231446995,0.005669925450300867,-0.2558669739712174,-0.27275580570187397,0.05436962549106491,-0.3146945665329322,-0.27289024341911916,-0.5189208728120602,-0.37647189662626224,0.9227034579160611,0.8449519374757042,1.174853711380944,0.9860205937026099,0.9481569530009321,0.6517938850595819,0.8225654331087566,0.5254976747966323,0.5565283449944297,0.5069531705092133,0.49190172365183543,0.5086693030792874,0.5371415454010818,0.5218582435234191,0.8801394553753674,0.9170108452759148,0.8443810096715221,0.8365917322303149,0.858477587328888,0.9243155076390444,0.8865018236801586,9.339557505681148,11.046462801888145,8.460717406468262,7.847447497726132,8.106802053180438,9.51700231243708,8.833890205346046,-8.940765369277404,-9.023229820271785,-9.078285464491133,-8.790474858566903,-8.879836896927985,-8.837833377921612,-8.844957441389244,4.9442533506165915,5.853295764357784,4.11393309756217,4.369060864241813,4.34982219324129,5.050116990916557,4.63536472074451,4.954353627715844,4.475167216365983,5.4652764782886605,5.64521901436023,5.181661803409816,4.142428754751399,4.70946820493527,1,9.021084957034605,1.2474247347129754
sub-040,CN,61,M,497,0.871155493845226,0.8848895962547871,0.8877519916462188,0.8447868303359505,0.868714385443944,0.8545903783307476,0.8656994567234728,0.07430907264421074,0.06774686531629083,0.07212569080732299,0.0908566539419819,0.07352373810030269,0.068634710267582,0.07110354608452987,0.03217501577685139,0.02508042857747414,0.019674047414960996,0.03826360885750857,0.0362495245614582,0.0574685741792828,0.04253339421638031,0.014583575065870847,0.014245268058365469,0.013395973002858925,0.016548283004626307,0.014680455486047751,0.0134743161788813,0.01413346475701607,0.0077768426678410645,0.008037841793082647,0.007052297128638491,0.009544623859932736,0.0068318964082476055,0.005832021043506233,0.006530138218600869,0.3810898341920065,0.43142957759959993,0.563997352423825,0.36299251938700683,0.31073744504845685,0.07226266824302581,0.24066374469383542,1.3214712089435667,1.3857726362216454,1.462932047359655,1.2450628898954854,1.2698764815501393,1.114433685032464,1.2309648666055024,0.5347898704992875,0.5194439306524236,0.52798574144923,0.5706934562822531,0.5396168040828137,0.5196592815971783,0.5379126871071348,0.9610773610909059,0.8860432290697927,0.9539545559260091,1.1626379568399137,0.9649343184655502,0.8254744033521666,0.9649521358956462,7.418835754400962,6.802957566162404,6.254626342563211,8.233304753176741,8.049841966211645,8.745276215724957,8.037622383480771,-8.584786573862992,-8.619338325399044,-8.65789588767956,-8.477009756047769,-8.643226546386265,-8.482085149607492,-8.536409974329638,4.570159102987735,4.476149087954567,4.38347617442754,4.992019874787031,4.5374115791072684,4.384618290666225,4.499338022974212,5.615863192142214,5.871214828509724,5.871425179800603,5.232599267805233,5.436237958549743,5.374755182431011,5.4209854163792,1,8.896291541918673,0.5073787032168848
sub-041,CN,77,F,432,0.8763409762472611,0.8862967283590899,0.9095095121162317,0.8640344890287753,0.884092936743161,0.8047280737455266,0.8508662998160078,0.0508720967840376,0.05157200551242462,0.05176834536950623,0.05032202007920034,0.05103283447853338,0.04793709022441088,0.04980105421558307,0.033014598781824715,0.022441722822400718,0.018278199829556103,0.04300015248508587,0.03560605438866616,0.06826597225142715,0.05220165104950997,0.021628626007057103,0.020799409866049185,0.013154601938974914,0.02476972747649111,0.019427729142819847,0.03426106096019599,0.02583384453740157,0.018143702179819657,0.018890133440035855,0.007289340745731493,0.01787361093044748,0.009840445246819264,0.044807802818440136,0.021297150381497532,0.23664050376195714,0.3613089718137782,0.4521686371200601,0.11031540609723249,0.15650075059091553,-0.15013150937055947,-0.0009801758363056595,1.261264970690788,1.337987384983639,1.4854796506230377,1.1504613126768324,1.2302907204054319,0.9244831922233803,1.0794411120971206,0.531496235205332,0.5266976931985428,0.5007228679489434,0.5406252742792317,0.5227653172130079,0.5892894819543639,0.5497056991799714,0.9234280222003924,0.918962563757999,0.8916410911394154,0.9291435341860512,0.9115195344062722,0.9931692310600978,0.9444445757530133,10.572110226363733,10.050165568820008,5.8058215025230515,10.61984161188317,9.795920604687824,20.617171275002793,13.249028769077693,-9.11194748981939,-9.106186226993051,-9.13457897062972,-9.112278750362925,-9.122257633951925,-9.082036951210192,-9.105970574094886,5.6185860878887075,5.664094428849415,4.036115480193419,5.909920821391858,4.769719745473238,8.52364285268606,6.136495636454954,5.287267168366793,5.342573752627566,6.470640004520329,4.918811569051644,5.462415383666632,3.792823744904321,4.759355324608873,1,10.713348592276823,0.7886174505560604
sub-042,CN,74,M,476,0.8764183847492633,0.8994881140956459,0.9011514331020725,0.8485250206993572,0.8777626260857515,0.8123451256027897,0.8392779258603402,0.04892398088019099,0.04577197223425973,0.05281258130200763,0.04722198680798364,0.05131606115617319,0.053938978238666814,0.052041648315246755,0.04639996041418771,0.029855090617864063,0.025092647238980414,0.06929450085480936,0.04286227532809622,0.0957854212120254,0.07482898625840742,0.020357783636656884,0.01660057262776473,0.015027904944446592,0.02555125576637086,0.02156053185988338,0.02931177361182717,0.026225952944980424,0.00789989031970121,0.00828425042446567,0.0059154334124932135,0.009407235871478768,0.0064985055700954005,0.008618701334691194,0.007625486621025059,0.08762036646869711,0.18821246956768353,0.3232203638968908,-0.10169121084269915,0.09057774878678515,-0.24366490937438545,-0.11162368755858855,1.1884994017208164,1.3118144829863174,1.3764283353336062,1.0206525387901906,1.1662039377042268,0.844140138758514,0.9768972731461626,0.5090594915218695,0.4829869507064757,0.5073323178224061,0.520849431430356,0.5191024494139449,0.5642598282698568,0.5439807453458283,0.8456359713142606,0.7704882292909263,0.8968328284363564,0.8471877087825175,0.8795132019771416,0.9779384617819503,0.9314001653839412,8.357753348625291,7.408832183015904,6.62310099884736,9.581312767954831,9.187297276328028,10.589521222711857,9.976083875342349,-9.048953691872388,-9.001604151367667,-9.143854127120528,-9.01606680500036,-9.10085208579935,-9.060252613620312,-9.079515289716056,4.50842753995705,4.269402020881547,3.970626817847874,5.009339374021275,4.393497119215464,5.322289902868999,4.923879549080483,5.611405466261403,6.207331150905831,6.101029539177742,5.108602422271093,5.306133315596974,4.254743774608665,4.705645311679523,1,9.535780772076746,0.8815544195886176
sub-043,CN,72,M,403,0.9259773541467681,0.9254072672682171,0.9283598332041872,0.9302043997132172,0.9354072479747407,0.9018000077607131,0.9280621649141148,0.04733361902324565,0.049201936988005526,0.04916433544900498,0.044123909712505544,0.044722150723243405,0.048385052579430585,0.04404186509821633,0.014479874029897139,0.01418411757581095,0.013318917691336793,0.013571848275500863,0.0124830650621607,0.02206772108743653,0.015033438429106566,0.008849276088274327,0.008329916959474713,0.007095080676236553,0.007660791588312642,0.0054712736743535795,0.020742298777934133,0.009550153301869235,0.003359876711814555,0.0028767612084917055,0.0020618329792350012,0.004439050710463801,0.0019162625655013284,0.00700491979448521,0.0033123782566928128,0.5231766109908407,0.5407644682968131,0.5678015230768728,0.5112585589161406,0.5572081664428657,0.3674705132622523,0.49008918067785073,1.6466959583226455,1.6380242185815022,1.6818918291634055,1.6761089849345043,1.7430642345491119,1.4208747735920912,1.6615589537369382,0.448688374896044,0.4519148820539655,0.4489913251119572,0.4450802276940459,0.44125922485249447,0.4553011939887689,0.44119403439158755,0.7342136063264139,0.7397854372187957,0.7399428614151993,0.7317697694084631,0.7373615696097429,0.7062840444808054,0.722198589324511,4.814663704681514,4.612558528032756,4.400148594859323,4.59092038459502,4.1503296923062,7.587792146421419,5.054912841780221,-8.5454923022436,-8.562269137972063,-8.572880326754328,-8.530248553335074,-8.57960031665315,-8.425016816630613,-8.511038212361184,3.3041613723882604,3.272525225533941,3.05852803857888,3.3702558003857974,2.8908493212301636,4.271117107834519,3.227140668083456,6.708796948261161,6.5186877997565675,6.529092536316155,7.148564120956862,7.393371214803284,5.737339840740161,7.030010514640436,0,,0.09094039252330433
sub-044,CN,64,F,429,0.8568161971797634,0.8780774540682194,0.9074012418142455,0.8408706782663519,0.850974404182831,0.7471779584406677,0.8078598530513712,0.05384801941444318,0.05577987695152929,0.05385170363042075,0.05394814954046864,0.0525931601961049,0.048763020286131914,0.051307469379245234,0.06619168927551643,0.044154300776088104,0.021704954275810245,0.07875125536070644,0.07248400586503333,0.17549504446841938,0.11431933953558504,0.017504700344093883,0.015718945155792422,0.012631715748927753,0.020239938503060044,0.01919694335731692,0.023055479558131323,0.02118632431388171,0.005639393786183313,0.0062694230483714575,0.0044103845305961,0.006189978329413215,0.0047514863987138676,0.005508497246649996,0.005327013719916875,0.001728956923187916,0.11116551782055732,0.3958415926956671,-0.10320929726221675,-0.13624165734872234,-0.5556355300976489,-0.3141013634328124,1.1009414292688964,1.1984284866578523,1.4475324005269012,0.997912972016098,0.9959176160918775,0.6034429057916685,0.8275153716407442,0.5326855200761088,0.5238798201011052,0.5001886123585831,0.5449770819762954,0.5385084262193082,0.5789333485497374,0.5571823849180563,0.956635367565801,0.9273345437341255,0.9017196949382713,0.9738772201137663,0.9584084345021088,1.1044184544175666,1.0166880544001624,9.338702055609913,9.137819137750459,5.876113037827305,10.148151967270248,10.859952172941538,11.334900795473793,11.064156322809067,-9.079289197074756,-9.071042288843769,-9.11801435031151,-9.08057669410337,-9.090678581631016,-9.030406575136478,-9.066085534910245,4.532379736901083,4.32646841155458,3.6566348914790545,4.836290807580562,4.594271670336571,5.866026602234692,5.152553267587927,4.958921394941211,5.38445794112075,6.192437471543187,4.610245629258384,4.412178254615143,3.136735610264619,3.886378945835887,1,11.087651457796671,1.425291624639371
sub-045,CN,70,F,420,0.882829012295417,0.8853373998727779,0.899990934414764,0.8550427388003667,0.8966340435967574,0.883171772633726,0.8899226842381246,0.07146910738567828,0.06829045589255067,0.06526980978181912,0.0865006054009983,0.06583016851225398,0.0702887462969101,0.06770999965065726,0.020267396624787444,0.018513418129372117,0.015822113540416096,0.02681926850656891,0.01771088384936237,0.023805271384872796,0.020834497004791473,0.01793600381956423,0.019273746722092137,0.014020543735426346,0.021695466669713913,0.01463488933710476,0.01655983981031322,0.015779135228826353,0.007498479874552838,0.008584979383207236,0.004896598527574833,0.009941920622351936,0.005190014704521555,0.006174369874178172,0.005753683877600418,0.5504887940120691,0.5674417664450703,0.6160929790735006,0.4963584601819788,0.5709663931458828,0.470291381863878,0.5162083184417169,1.410364841504067,1.4112721151531666,1.5102479604247303,1.3045547514284996,1.4740972740987413,1.3733862366103469,1.4204169392838806,0.5307896196570132,0.5322456729673316,0.512653422530824,0.5524819863184496,0.5186424369231101,0.5277337695381661,0.5240884752147077,0.9801972182410189,0.9789904878816525,0.9365437466416585,1.0462702956188181,0.9527199784582026,0.9589706868164678,0.9573769909149757,7.001915309840766,7.185769722234734,5.735580367881724,8.472291289127522,5.926308353825699,6.930585754849518,6.443270327560187,-8.68772720351349,-8.753482756507593,-8.761648729073721,-8.418085516400492,-8.774253370327722,-8.756194603698436,-8.767966621574033,4.279787853866763,4.377122823807887,3.6764853471076897,5.0300240678193875,3.789641265463604,4.078816673910926,3.951505647527717,5.732711617724482,5.749255697414371,6.116520114571117,5.290061919927389,5.967788041057527,5.631779354134532,5.778101785841431,1,11.172805924155968,0.1009135117378328
sub-046,CN,63,M,368,0.8393659769743972,0.8541881117800963,0.8895891795513422,0.832582520556734,0.8216386878231766,0.7523115478511891,0.796811101715466,0.06358629344596055,0.06294929092743515,0.05495926775028027,0.06153654879635619,0.06976526605393717,0.07358737119156365,0.06954789318057449,0.05829884682452711,0.04191126043991515,0.02872939845333912,0.06596130075737089,0.07060382602125943,0.12622719506666497,0.09181021686026591,0.02828824568408855,0.028175729563234497,0.019856773437162526,0.03010647256843385,0.02922837929289325,0.03628260629556917,0.031988370318068664,0.01046063707102659,0.012775607289318744,0.006865380807875532,0.009813157321105093,0.008763840808733813,0.011591279595012782,0.009842417925625069,0.08757031502787771,0.17652768876280858,0.3044845122337225,-0.000757957387432881,-0.004633620683321117,-0.23418934045572798,-0.1075880780500662,1.0519011493328752,1.1201952156154686,1.3049867330297686,0.990877917203144,0.9513288534827025,0.7061484498331798,0.8563345664796795,0.546446571347699,0.535810420875537,0.5155201790029174,0.5488414692295488,0.5620526964429929,0.6018637031107976,0.5740329982134107,0.9156243989596622,0.8735054076093575,0.8989619579377384,0.9243179748305269,0.9411939215454789,1.0322930945981588,0.967634144790941,10.165878603597557,10.273843849489326,7.6306814998596835,10.648969278081271,10.543921859880179,12.057549665191814,11.180057856464218,-8.998317600042602,-9.019502167382665,-8.981746660197482,-8.940160058969072,-9.04498659574427,-8.995339612714613,-9.005497025874165,5.110207252715448,5.214862059550195,4.261629460731335,5.1502825207248595,5.094751892241807,5.95981462146163,5.397599289823455,4.764056640216833,4.997918696125554,5.513611892330137,4.623831003326309,4.363586285777456,3.70236337180647,4.155293680685154,1,9.777815154068625,0.6730729679701053
sub-047,CN,70,F,393,0.8517910083356576,0.8696871347247306,0.8911558113248503,0.8403316456460072,0.8887631295634814,0.697567905027677,0.8141469689102175,0.06730272703871175,0.06081737149081645,0.06720776837734556,0.06061223358617099,0.049363674462405895,0.1304334752179349,0.07573935873298657,0.04931779902987526,0.04200819442339822,0.023958659478559814,0.06686943263837702,0.03612651616962457,0.09762378155289055,0.06833676180945357,0.020478626227384524,0.018531912004337642,0.012523399749156457,0.02359781404800847,0.017282222945556768,0.03778119500688445,0.025496942374599544,0.011109839368371054,0.008955387356717198,0.005154361070088379,0.008588874081437128,0.008464456858930559,0.036593643194612155,0.016279968172742458,0.15667383918667702,0.16617391879778576,0.45247357854749987,-0.018095076640131734,0.14278795068596392,0.05009061591124922,0.0302201544215794,1.1644677664053915,1.190155922921587,1.4328320214917838,1.014521795538304,1.2877806112692107,0.7869355104075622,1.031600206364327,0.5498838868716573,0.5364379551473053,0.5278083436842542,0.5560743879564304,0.5214192338986807,0.660373939977912,0.5745932943778466,1.0507789488413029,0.9550275328087812,1.0124212385294564,0.9835210095856535,0.941115604467885,1.742456365494323,1.1884741682004472,9.869685755866769,8.81195978292734,6.684051521673375,10.12169530912911,7.949910220546435,20.725822208900702,12.361794876796763,-9.013493317817424,-9.091017894138853,-9.042841103767636,-9.098141670010769,-8.930601955358417,-8.653175961068929,-8.89600807077503,5.173090760981764,4.769294902785897,3.9319964123633624,5.112729501105534,4.56148531360624,9.486148478410652,6.153639643241534,5.1956684085870455,5.413740022313184,5.9292093385445215,4.770215389481384,5.705149161115604,3.4187912750278238,4.653380396361484,1,10.326822518908072,0.39898286453800047
sub-048,CN,65,M,495,0.8774418828334769,0.8745948690950875,0.8914154416152483,0.8768229858128149,0.8741752735688862,0.8725838006833921,0.8750437292188354,0.07468474932415814,0.07542592708934921,0.07306964216024546,0.06896359807613606,0.08889571221355586,0.064639146053806,0.07514748856175814,0.025715012838313674,0.023704696711658556,0.019486861329730574,0.03089990798005183,0.021777632420707325,0.03762962688741446,0.031054627521795716,0.01339800769544888,0.014930920834262475,0.010930258665299569,0.013926592440462265,0.010686272950011613,0.014744867882954427,0.012421689586363877,0.00876034730860233,0.011343586269642039,0.005097796229476226,0.009386915690534408,0.004465108846839319,0.010402558492432865,0.006332465111246794,0.47252917626682733,0.49664958445872137,0.5739542168942283,0.3650752513727512,0.6049709411643467,0.25221538909596936,0.3987942259738338,1.3975987031320474,1.3917134671528797,1.5011800285568595,1.3327335822438657,1.4837099544020844,1.263388405793222,1.3608722826705792,0.5372737641531296,0.5457450677164781,0.5270450845076752,0.5363538525397106,0.5321634502843695,0.5324725151795688,0.5308023665807486,0.9932421491235902,1.017595887601731,0.9746610970424864,0.9660738708006517,1.0447716689635274,0.9129179194577272,0.9772403770767119,7.204873813284018,7.412176613129165,5.933858555143844,7.796187131097984,6.308284280418371,8.548094564706794,7.396390637257935,-8.46222884605161,-8.533499039393433,-8.572399523179193,-8.529598171097998,-8.35791603518704,-8.069257719867926,-8.314597876364884,4.722609157016623,4.924749035421911,3.9567317974565483,4.655161197825293,3.875457673684844,6.569558765318572,4.71204572321665,5.868165725322385,5.799750387541124,6.369492842781718,5.853209538269121,6.089073275710887,5.054179779891568,5.743889661666978,1,9.760233345614658,0.37357200878564
sub-049,CN,62,F,381,0.8620286047301138,0.8962385672843949,0.9079946812175521,0.8322721182872814,0.8586205790937861,0.7379696323991285,0.8013710232192739,0.05392847448156159,0.05371091790569366,0.0541672444661744,0.054430502415009324,0.05337562309499369,0.05415698873313657,0.05368945929427731,0.05699125274868692,0.026875041960458985,0.019245414486303614,0.07801916915093378,0.06417087420170342,0.1661914829170411,0.11160253825816573,0.018935307454470186,0.014854678241432454,0.013378495584545486,0.024822061625722903,0.017839318756627233,0.03142320220924828,0.024868641640145513,0.008116360585167624,0.008320794608020095,0.005214164245423869,0.010456148521053076,0.00599360485288962,0.010258693741445717,0.008468337588137878,0.11368587631816185,0.3108750438954777,0.44945823907129273,-0.03900053798231959,-0.07932867246717902,-0.4852401025531659,-0.2797785492950945,1.1759065022253194,1.3655415859242201,1.46982764419454,1.0063406584652506,1.0466460853483823,0.6043243091608783,0.8287447534946136,0.5290633079633436,0.5081851953716541,0.4975252351646595,0.5505306836476702,0.5332489773236808,0.6002305558231227,0.5659596850699956,0.9172249724687658,0.8772281870334558,0.8657097188866384,0.9469566113949832,0.9098155770318458,1.0861374171684854,0.9874437196983546,8.40769782985132,7.279345967260602,5.730820627950222,9.672479694383288,10.033042692582889,11.404664128609186,10.655547441335205,-9.101514311528083,-9.109302011965855,-9.132068211597096,-9.092095989980237,-9.109511430873857,-9.03526747396938,-9.075539211454494,4.588753874667805,4.2229933861822655,3.6990107892380313,5.245871552228358,4.444429845915102,6.105780900519816,5.291137787842243,5.389773790100997,6.014540817985287,6.392665276603583,4.812081900180754,4.923948063086377,3.552874333114522,4.259218602145209,1,9.959186537648378,1.0719198334249924
sub-050,CN,68,M,402,0.8760028395064058,0.89699511974318,0.9038052980139747,0.8381469146488387,0.8804002435538766,0.8299419145602709,0.8509807912893408,0.06129441398735977,0.05285815122268409,0.055670444412970886,0.07381627237798481,0.05904036180984154,0.07759464951033533,0.07210082158738007,0.0320500708122072,0.02156515349643445,0.01872173136435772,0.04004125539841743,0.038377883528877214,0.06326570234176054,0.049552605575759925,0.016435597581321265,0.014774010860668716,0.012912623529338486,0.023480451244501356,0.013802746657839106,0.0173951812404424,0.016213230610098855,0.014217078112705872,0.013807564677032818,0.008889902679358365,0.024515106330257636,0.008378764449565474,0.011802552347189878,0.01115255093742019,0.31684131428138307,0.390137186046107,0.4734635787205486,0.281964207868773,0.18789119353257355,0.08855176039453501,0.16714647395340615,1.3114208344205607,1.422825652421776,1.48188999961938,1.1603223123806639,1.2559516103610395,1.0512011037871525,1.1552519727138673,0.5237379057592421,0.5052912007555151,0.5069540470136945,0.5560936974777192,0.5212665269867367,0.5524726461124112,0.5398883441339241,0.8986862588346317,0.8544650368846659,0.8959598140492883,0.9504250317305838,0.9034583271783726,0.9469145545300125,0.9334989377238415,8.63762048726544,7.298049354078624,6.12263867917287,12.683483887072331,8.283155200902534,9.538563295488746,8.887485520021446,-9.084719035865556,-9.045535709079209,-9.14629765750963,-9.103541770728242,-9.125074925409757,-9.031313443109976,-9.092135344796853,5.161912065951847,4.984730741597389,4.336832066294952,6.552733624038113,4.472687360486178,5.271860642703764,5.02763877477502,5.7289711651283595,6.113784398412885,6.443700148536849,4.7052306040044485,5.918713631407505,5.0728987963488805,5.430060524547227,1,7.952041295713281,0.7832326930839013
sub-051,CN,75,F,382,0.9052350851540355,0.9235258935096693,0.9114906874995453,0.8923977378330414,0.8986225402969166,0.8674273643187196,0.8850349135506967,0.04628879650724719,0.03999285228159747,0.05203836655149426,0.04771350126838411,0.05226083828332977,0.04789277404425292,0.05007846433125201,0.026194854174814958,0.019486053071521934,0.018979943343632025,0.031503068255586957,0.02925756082473556,0.04528753614669006,0.03693726590409525,0.013374246605544713,0.01072576072322411,0.011980130604169423,0.015926621544558935,0.013199888676102119,0.019891908211865206,0.015954996476713255,0.00890701755835764,0.006269440413987124,0.005510872001159139,0.012459071098428826,0.006659171918915664,0.019500417278472786,0.01199435973724286,0.2691619373211817,0.31505170148450423,0.4383085331643979,0.19724119500474338,0.25214913551117263,0.02418855633261871,0.13979131219644728,1.4021555684111697,1.5128208816298012,1.4931832441986448,1.3063050628728752,1.350324219470352,1.1477334929525624,1.2550476608153376,0.47606752763970017,0.434204351673728,0.4951704219726238,0.4924909688744633,0.5065239139009861,0.515402840159761,0.5081138163412565,0.7803838278465672,0.6867402108234594,0.872822681047808,0.7834114209865384,0.8870265957884458,0.803458869432824,0.8385591645130275,6.542057418097682,4.947599446192202,5.614002546717792,7.9669554803800136,6.973926419449036,10.017143000244994,8.419680947497211,-9.007162650346741,-8.89756406738134,-9.120335051551708,-9.027600132675541,-9.115051110717545,-9.018291433704382,-9.06472469909259,4.153905024390016,3.5738134631572787,3.7094468777436043,4.795825279107025,4.0521398074534325,5.7197200246450794,4.7618406520074,6.590818320997322,7.464022229514389,6.589481403126276,6.039135972410142,6.198911903881565,5.227834340842158,5.809219983068523,1,9.668510739468276,0.43232557572112285
sub-052,CN,73,F,369,0.8615130616382697,0.8732183972809283,0.8931587394937853,0.8444576877360452,0.871570643280795,0.7921002454463519,0.8377780165169605,0.057920809059301026,0.05590574237235673,0.05687880285471227,0.06014245454768092,0.05793890543382518,0.06206611623194306,0.06012831541818025,0.04582741870216119,0.03305598724417636,0.025079604048117446,0.05245845308965765,0.04317748783731742,0.1123619783084464,0.07019700343131777,0.022772530848653195,0.02334432647172197,0.017507534627515666,0.026772781815721146,0.02006281891573973,0.0247328064648531,0.02291755656478553,0.011966179751614889,0.014475546630816547,0.007375318975868909,0.016168622810895004,0.007250144532322739,0.008738853548406039,0.008979108068756068,0.15171887209304125,0.22840832611774284,0.35616172417541464,0.08344282321195508,0.13130266873147975,-0.25618209231246003,-0.029041794937583663,1.154407657542317,1.2173618911341006,1.3485024228743365,1.0666674677651211,1.1696746824097382,0.7955055342263067,1.0090045751861472,0.5405300130560426,0.5356423655680896,0.5157760998300421,0.5566096365395786,0.5311299633102413,0.5767084767545094,0.5526138123516028,0.9429361162166432,0.93089923494067,0.9106001173506036,0.9582881574740456,0.9282445882063527,1.02490240848224,0.967931604897694,9.638485133379024,9.848946068419082,7.176040517410665,10.906870569030222,9.416965256948545,10.391047728034682,9.938597506315807,-9.109372050252771,-9.09050737107922,-9.142406988648107,-9.113428719783427,-9.131765591958876,-9.084142368146736,-9.11170679450987,5.113235191934816,5.313682406623076,4.212925105299335,5.78117362818266,4.471072008418008,5.38950297325865,4.994207766268754,5.042304155983461,5.1560890331521305,5.725826379513737,4.745166115537721,5.182745002867903,4.00238856116252,4.699220024453713,1,9.912958426969231,0.8900094813073149
sub-053,CN,70,M,388,0.917320855595316,0.9083456802995064,0.9449845146867227,0.9122139506348255,0.9356081266394991,0.8900213838482437,0.9138931692848572,0.04202188439102674,0.04843735018900599,0.03402861075084971,0.04144984518190172,0.034657064117840704,0.043748973386393955,0.039595427766749576,0.025137210404065236,0.02360192121371863,0.012220695780079664,0.02902895677213816,0.020409345714379943,0.04919379880463884,0.03286434022858639,0.010009956488779732,0.011989949899921425,0.006709087414027537,0.010906669619304412,0.006993642370225628,0.010762328078693916,0.009095034178932985,0.005510093120812433,0.007625098397847577,0.0020570913683196617,0.006400577791830223,0.0023318211580543413,0.006273515882030146,0.004552028540873867,0.25136276421059367,0.29754385038296743,0.4454117814352263,0.16733666688597112,0.26282847822073624,-0.050490939595631834,0.12391100565158095,1.4774567885363166,1.4704585078424925,1.7142853376356484,1.3846771526366555,1.5705826358307748,1.192578448173336,1.3904499402724046,0.4762533064740972,0.48616156561356993,0.4528406844444102,0.4791677432175433,0.4597888893541215,0.4955610847235444,0.47664426988584435,0.8081210785971591,0.8626064514719624,0.7588287487098309,0.7801692611476571,0.7638788264738539,0.8136277814503016,0.7842788125009751,5.764120979566503,5.811865099068963,3.830605740650378,6.896736749702845,4.469079234852934,8.174620496479744,6.437922938860942,-8.505765388840187,-8.357434423517914,-8.611108806882529,-8.583310613224226,-8.598661635261974,-8.5724738220039,-8.586946050108672,3.748002184686423,4.184082663282789,2.8760145834793316,3.9708810402177193,3.0264450126954223,4.166279958333688,3.6285910841766515,6.7653559378782475,6.708632662473434,7.392325536005807,6.536646009871421,7.058007171701195,6.041876009883001,6.600540821362012,1,8.158354826562883,0.729704603009715
sub-054,CN,78,M,410,0.8449359686712936,0.8519876576614589,0.8900166389217293,0.8080401638385146,0.8362563294293518,0.8394451203585331,0.8176674625814098,0.059832399745251064,0.05988167182423919,0.05906128525240545,0.06432098284723843,0.058302667453457774,0.054134051441776174,0.0588402548574455,0.06392839791537866,0.052099965441424166,0.028692125103895516,0.09181434229412311,0.07741084716030827,0.08218675816656068,0.09476166157329781,0.022792199760924687,0.024611600516528838,0.01685584837551743,0.02612691194696165,0.022621624706964497,0.018915262403287426,0.02286978152079682,0.008511033907151865,0.011419104556348963,0.00537410234645216,0.009697599073162004,0.0054085312499178905,0.005318807629842252,0.005860839467050061,0.03842469329975008,0.06413560437710449,0.31377076834803963,-0.10079031772247071,-0.12076870544344692,0.05263751211581241,-0.12615094094884757,1.0649854785616986,1.0782772680612331,1.319148554268422,0.9022210365100318,0.9531918711816645,1.1304388969266275,0.9366063086593263,0.5384709329680147,0.5377551532937618,0.5084559156684055,0.5615992523102782,0.5438484869651334,0.5316757180971101,0.5504260151127328,0.9070026741115433,0.8925721772154869,0.8652302064348,0.9496617410829551,0.9176166879690572,0.918928960033762,0.9389471930795664,9.613514140615926,10.323678845346992,7.375618085197275,10.369886411974349,10.241979308624177,8.02933946245594,9.709253167383691,-9.065255379316138,-9.044494808481648,-9.102548943987978,-9.060831686823638,-9.07840763322629,-9.071096034348859,-9.065097514250194,4.8957446820078285,5.20467192049762,3.9777537626088475,5.439910839513033,4.665354038926334,4.44873937600387,4.835479387829951,4.87182812661608,4.9037367655747035,5.697237065581706,4.388787935458375,4.381142880747787,5.224142732930311,4.4375914145754205,1,10.106960420332678,1.106773180463076
sub-055,CN,67,M,401,0.854807711016472,0.87106117865143,0.8902017107069736,0.839773956500006,0.8658123414976976,0.758390138069461,0.8205201179927172,0.05523778597953941,0.05614528949431109,0.05569740425398171,0.05595885440421795,0.05451408657566434,0.051015508522630565,0.05362343247459662,0.04717885452818861,0.028350107156585678,0.02236643206238816,0.05342627236615456,0.0430252923654749,0.14403361159563813,0.08067778759097026,0.031333912124841275,0.03002132450099842,0.024197388769282218,0.03872530252791044,0.028428876280889182,0.03620752680141967,0.035279747316601065,0.011441736350958678,0.014422100196674618,0.0075370642073742415,0.012115614201711545,0.008219403280274243,0.010353215010850469,0.009898914625115126,0.15371385394561185,0.2996065371980673,0.3972460425202613,0.05534646258889798,0.10389842216287222,-0.4507508899124195,-0.12031680526970244,1.1059802631151392,1.2036410553342982,1.308877267007064,1.006301489158909,1.1105541601834166,0.6523186868202419,0.9099429831742526,0.5385339195652424,0.5303285320408812,0.5135244902751942,0.5519709101003715,0.5318886083782345,0.5878609055458328,0.5587222601863725,0.9099134906128761,0.8856735563661322,0.8788357959830888,0.9222447787067826,0.9009913240467581,1.0300904760825236,0.9538365853853712,10.801785138971388,10.846141577840381,7.69835089547646,12.187639481845734,10.974168772208367,12.271404832568148,11.958772303323386,-9.105507922221362,-9.097810714178092,-9.134625477355653,-9.103021259966951,-9.121414092236089,-9.069885887158105,-9.099749865224187,5.19035563152963,5.267348182481217,4.3521582548901625,5.513775886515591,4.770024925464367,6.161833317284242,5.463621872208324,4.6434214699512335,4.863021518221393,5.331498365924975,4.3631135891352235,4.703984929646746,3.3124765291338094,4.072196396458195,1,11.035438852428856,0.9546288241926995
sub-056,CN,64,F,431,0.46020549127770016,0.4622644662116349,0.460898826158971,0.4581333579750408,0.45929265547096465,0.45747259700244425,0.45802314652911547,0.24203747610567136,0.24142796950254586,0.24343108357657373,0.2419298161908664,0.2424857557037976,0.24162323844267738,0.2418812319308108,0.13006917936339338,0.1286976697440351,0.1271347499255521,0.13236428904497458,0.13057329351744085,0.13392471659367589,0.13286337614187282,0.10702886221165273,0.10700380127104983,0.10749377129932414,0.10702959476443802,0.10692506699935488,0.10657343958513185,0.10672566047792595,0.06065899104158214,0.06060609327073422,0.061041569039578795,0.06054294202467961,0.060723228308441825,0.0604060083760704,0.06050658492027477,0.2697875771890645,0.2732109055856179,0.2821124687726122,0.26202048493937996,0.2688374425522357,0.2562779768804179,0.2602505053285208,0.47157962601102565,0.47502500316289387,0.4773955376183061,0.46604467715554476,0.4705408676491552,0.46342497382233394,0.46558467925363983,0.8292053820998125,0.828491584149904,0.8292068404641998,0.8298152872689957,0.8295752208646716,0.8299269188922569,0.8298138562185342,4.204057133210096,4.179958666007055,4.1967677379333646,4.227790871439015,4.215229075335663,4.235110471689649,4.229310234882002,26.809951243127422,26.794181951816654,26.88093743257561,26.790989190165877,26.828001652438157,26.769512970499818,26.78742320740913,-8.034630651496244,-8.033415647858687,-8.038208905745229,-8.033930452761126,-8.035912899345318,-8.032992808550812,-8.033955974673308,11.306174843427357,11.293613752444644,11.326617791699539,11.30856210558407,11.314577783322955,11.30209530530176,11.305802174404674,2.4761106455507487,2.4801873658237104,2.474652380218261,2.4731498643614698,2.473942103167038,2.4732038985482356,2.4734704054115775,1,9.508331909229751,0.26128649713240115
sub-057,CN,64,M,387,0.873232004010988,0.8849330586086158,0.9070190428399719,0.869830205542776,0.8785024496093348,0.7804956832147181,0.8476577635922043,0.05669329235892515,0.057366159764213505,0.05369476032756512,0.057872877569433524,0.05425893583327065,0.06012841885492086,0.056815172535830065,0.04297049894868923,0.03003434061758619,0.020006469055806893,0.039512934370824516,0.044289354525886816,0.12762994373680636,0.06811850826616507,0.019005366736144072,0.018635770239051663,0.013703574649561777,0.022332870668494962,0.01708594509338594,0.02447576720527636,0.020576814031400666,0.008098837945253495,0.009030670770532614,0.0055761531270937595,0.01045111184847074,0.005863314938122467,0.0072701869882782245,0.006831741574400159,0.18871882042643925,0.28619840593831375,0.4288495310700453,0.1690560929188249,0.08925020892721884,-0.3241274225664709,-0.022484892454803476,1.2181645357895174,1.2909504608570117,1.454951573744552,1.1772379563862558,1.1819878731113669,0.7443513939444839,1.0464743857601964,0.528017716464493,0.5238449684959987,0.5016589603775421,0.53433026205013,0.5228476980529256,0.5772904049307266,0.5413055726103074,0.9146076095617335,0.9077888735592453,0.8774566199289119,0.9124656886330272,0.9019239977143346,1.0175089296481854,0.9376008577624859,8.700233149984934,8.010426032471768,5.913811482995601,9.885139216753984,9.777411287188256,11.308611222421913,10.311087313567379,-9.116295782170912,-9.102698855790191,-9.149500411207415,-9.122709588524376,-9.133722118082183,-9.075110964374858,-9.114162241972979,4.60016319686726,4.59793291531716,3.8151591844266353,4.951883430431958,4.286549154301024,5.552455797673506,4.758524435043463,5.473890123898829,5.762684334091432,6.368440211216537,5.287744886173164,5.319591646234958,3.7250234491953034,4.8343669589495155,1,11.137041817710614,0.9883061327395701
sub-058,CN,62,M,370,0.8575408367318882,0.8626155209631474,0.8955669031132681,0.8232532550846327,0.8804998351858823,0.8168770079639316,0.8370414761742676,0.05415369907199943,0.05296057325773652,0.05402762242176371,0.05591663844142446,0.054489619932417244,0.05448899436779623,0.05486269680855089,0.04888970860627164,0.03935231571986727,0.02539231630286745,0.07515490761034788,0.03842709561270618,0.08068019364598897,0.070497972471959,0.02411500395987024,0.026579415159923465,0.01780551766007094,0.026835587832198908,0.01823462312431876,0.02833319771805278,0.023681007959557167,0.015300751629970542,0.018492174899325697,0.007207640502029878,0.018839611031396013,0.008348826144675072,0.019620606304230757,0.013916846585665287,0.09109977801095817,0.13024265860368525,0.32796225159778625,-0.08026205385904034,0.1649842399584685,-0.16929704362509745,-0.05972578269780239,1.1243402890962964,1.143541554815297,1.3428731793667479,0.9614489595269088,1.2254796112326927,0.9034101996082948,1.0110857206369943,0.5363373898949867,0.5346522584405131,0.5080080438477043,0.5580101054920643,0.5196225537135173,0.5664561921346168,0.5476721790776693,0.9047385118248049,0.8881611110053652,0.8740393533277974,0.9434015593280916,0.8892241211152555,0.9547536434961056,0.9322285135418122,9.801948143619828,10.381698748588429,7.223485545868581,11.084435859969451,8.348453490193267,11.255781470297187,9.70827573545352,-9.096919798670678,-9.083722588466584,-9.128427460295308,-9.083641874922666,-9.118789865961821,-9.089599288507351,-9.094831098738032,5.339925579919501,5.604945032750888,4.164419952736216,6.01872952334207,4.426075623698999,6.188782983270196,5.380780433620174,4.982625658639334,4.798162527430817,5.848807501913058,4.5246812394864975,5.516476952385632,4.444085750644788,4.858064471377962,1,9.178423247226139,0.8206073467747359
sub-059,CN,77,M,383,0.9035207627422189,0.898667573749429,0.9148968104762053,0.9016231272734652,0.9081738053100018,0.9002585597018387,0.9034093055157869,0.052546909334598456,0.05248276563084603,0.051753923948142516,0.052860678575298574,0.05245741625544415,0.05346759151474703,0.05298529564312447,0.019767217645758006,0.019049920392348787,0.016430372376222777,0.021525966874085544,0.021122657125161412,0.021732368261232954,0.022034777440288623,0.01608503553917124,0.018460279045231492,0.012538663838094903,0.01652480201210462,0.013393316037979287,0.01624928712549599,0.015154467867664279,0.008080074738253298,0.011339461182144647,0.004380229361334667,0.007465425265046192,0.004852805271413448,0.008292193396685507,0.006416153533135694,0.4273730237877085,0.4405363796317571,0.4984979449541301,0.39290085503732897,0.3957593880254331,0.39097868772807765,0.3820711298627475,1.4299107774151776,1.4087907632651768,1.52351443298333,1.400318102655135,1.4450076085680692,1.3999654463786975,1.4114637770425584,0.5019962386961424,0.5091443458503643,0.48964822474521136,0.5025639155269755,0.4951029376357492,0.5047044825116868,0.5003840833881441,0.8731119063199827,0.8857891740267708,0.8603638129840351,0.8683600684954231,0.8623023113173804,0.8735816775031675,0.8675932763617643,6.702490491433133,7.698198435677257,5.365215320952818,6.572420518846498,5.892459248725693,6.698612251533615,6.385131577090592,-9.111297838817322,-9.101063543609623,-9.122661115240346,-9.112912672269651,-9.119428552627172,-9.11464721979031,-9.11600285824498,4.179405344687948,4.631513228829979,3.517310531203622,4.195083923568695,3.685693000957961,4.2993813282508295,3.987475907506693,6.12957158217186,5.881463826254913,6.499957428413199,6.146662306614411,6.3208005877213465,6.121345001309857,6.187813952539174,1,9.906430209911754,0.12973343123591263
sub-060,CN,71,F,364,0.8998065396771804,0.9035470553516751,0.9077690737956364,0.8906537339682339,0.9022347528073983,0.8894342253613305,0.8939162568739623,0.05374609766314814,0.05205009383396026,0.054965384289459816,0.05526042283390973,0.05474404904226814,0.05332760371563505,0.05441546820501947,0.018955949461315253,0.01694953809401283,0.016847695347985678,0.022038864733002213,0.018446258699365916,0.023739476016418175,0.021689746628825644,0.019678704311272326,0.018772150032914194,0.015079630368865428,0.022936595225051183,0.018645639530330285,0.024784070542991504,0.022299706595503125,0.007812708887084314,0.008681162687437693,0.005338216198053215,0.009110383239803581,0.005929299920637794,0.008714624363625384,0.007678821696690004,0.4572464297437652,0.4882118009863496,0.5135485960554674,0.40201565539308226,0.47282119593472577,0.35151378034209235,0.4034269928072006,1.397758290437181,1.4291304919654844,1.4793630899927042,1.325409634219226,1.4122491677098037,1.2885093822818097,1.3380569660249784,0.5085701229335056,0.5072750571842055,0.49998786198198436,0.5169724074916733,0.5055495179031427,0.5137025829125459,0.5121946404096679,0.8788903957241476,0.8813486375047811,0.8730022289521479,0.8871261291107196,0.8778233881051133,0.8642478443053394,0.877047825961193,6.747444926601138,6.367607657026484,5.797337552337101,7.7560604669922695,6.304435194944117,8.149319948211753,7.456039440082172,-9.09330486315811,-9.0626148890835,-9.125844122575245,-9.109640360341281,-9.116680506837016,-9.084176423408863,-9.103478636445294,4.288891434411518,4.374061870229295,3.7638180021090464,4.596846736114217,3.997448425998168,4.599658966717632,4.372315973154133,5.88166494557532,5.991922572785398,6.221874104487282,5.623051272939379,5.905729680773874,5.466579754446149,5.64183212587118,0,,0.044039470882180964
sub-061,CN,63,F,392,0.900677859039063,0.9178231348188547,0.9144651361760586,0.8873203882526534,0.9014698978611296,0.8455153614440161,0.8781308937256576,0.0505081553064643,0.04696390655309912,0.052829650948135846,0.052945022765521446,0.05273318822910985,0.05121949817865238,0.0523731883238354,0.028681265239766517,0.016171732238658424,0.015946440093821,0.03426214215165315,0.02817593405643229,0.0811631114137912,0.04917523105249003,0.011476891214721742,0.010107891195003818,0.010676888429373194,0.013769208684741484,0.01120492848929248,0.013291704609861718,0.012398974322278569,0.00865582919998438,0.00893333519438393,0.006081884352610915,0.011703238145430147,0.006416051364035443,0.008810324353678047,0.007921712575738015,0.3256149573536125,0.46660992038488364,0.5202461604956632,0.2355821053693905,0.2722899740690046,-0.1997610390735568,0.07240379653144327,1.4272409575025173,1.5820905084938668,1.5603067137953586,1.3134289460822772,1.384392555955259,0.9775655197548976,1.2098439240860255,0.49761994221656264,0.4804030086638535,0.4900785675344021,0.5132029918913268,0.5006005797988947,0.5335542159512598,0.5155822295825169,0.8511792125155546,0.8174647526048843,0.8466726136737929,0.8733450870567716,0.8624929509792439,0.914637363687575,0.884658580183453,6.555809993714095,5.364202702092734,5.2994238288042705,7.9476166073567995,6.506216969466749,9.901791070839202,8.205031292201772,-9.069802492523044,-8.984986279578967,-9.136725027298937,-9.11536417968455,-9.127614057324712,-9.088434714137957,-9.111872687618304,4.281818946567838,4.132086659476097,3.76138439555829,4.871864032782829,3.96784235287147,4.877408496017823,4.421439502928156,6.595855562459754,7.185488139017177,7.018037632803473,5.978521011439449,6.549647733831438,5.2028492839762865,5.959391843101848,1,9.990959994631016,0.8473932796134473
sub-062,CN,67,M,445,0.846261549717591,0.874976031172516,0.8966386985538204,0.8175650301113164,0.8328895759922575,0.7476461411715575,0.790920778274751,0.058425658822126324,0.05836304058628823,0.059450004946060446,0.059723436707814805,0.05756107188879262,0.05580962809028207,0.05694577310250781,0.07201943138877909,0.040495428973487,0.0253763659964816,0.09888458188587643,0.08861004756872144,0.17370181266663942,0.1298595802009799,0.01673129044256461,0.01697705777547388,0.013728540249683766,0.01809520894484834,0.0164061824132548,0.018135055106100667,0.01761961013641609,0.0065620696289391345,0.009188441492235199,0.0048063902539536955,0.0057317423501436135,0.004533122136973749,0.004707362965420185,0.004654258285344921,0.003565312740013713,0.159385790845784,0.3703474992286977,-0.1540787456397616,-0.18556627490273314,-0.4929941421395373,-0.3360833303590818,1.0721427583381087,1.212220050405458,1.3886418279807151,0.9213893471105745,0.929821493651319,0.62211235112373,0.7770607699634491,0.5276974807947827,0.5143057965429599,0.5043483047823768,0.5427085852496696,0.5378426273872744,0.5643522108962606,0.5510837568880799,0.8985947951374796,0.8455978958195602,0.8643208710787249,0.9434331443735772,0.9212229093479921,1.0118759590503656,0.9668695855187629,8.54096041418888,8.626415322845736,6.4821278739920345,9.046564626290584,9.138086293570657,9.423219800909088,9.26728994895045,-9.066422063917202,-9.052550793442025,-9.120499715352594,-9.060690085287126,-9.09471323095439,-9.002882240131603,-9.05159850730434,4.478032457953177,4.558618314819451,3.7441056028197433,4.6550495634277,4.375731024835586,5.096290180348715,4.737358306456997,5.1683214929584125,5.687519302225157,6.187353617351815,4.691343834161144,4.621587750933387,3.5966369045667745,4.119665916423399,1,9.012746078570673,1.3885154258817494
sub-063,CN,66,M,393,0.8767170669985088,0.8834535449049689,0.8930328766768175,0.8659451868656824,0.8833968205748377,0.8401898097095948,0.8649764328256648,0.06295818925545003,0.06316528067819586,0.06241266416213905,0.06288440739348353,0.06283367458734289,0.0633859926418998,0.0629393782598576,0.030719242903510177,0.023665893566877958,0.02138048906883097,0.035663937484982575,0.027944896358301347,0.0636862269886102,0.04259879658194833,0.01922939458687448,0.018341596764708184,0.01574497367991947,0.02211552171431543,0.018287423422305302,0.023204020816860925,0.020813058784020417,0.010376106255656546,0.01137368408524921,0.007428996412291835,0.013390946541536296,0.007537185057212965,0.009533949843035147,0.008672333548509244,0.34070579620763963,0.4272584411799157,0.4652583782801276,0.25701207599044973,0.3522570877871583,0.0010031687610436782,0.19653578649942563,1.2907333924817608,1.3541509668640306,1.4105641794681816,1.210390956695635,1.3115239873910722,1.0185246808724726,1.1812481361874323,0.5348826575147962,0.5307791595342244,0.5205639123770062,0.5445332962659102,0.5289026909138096,0.5603916905527341,0.5426652856818708,0.94951732834702,0.9428356329559807,0.9354793347559056,0.9564617109474043,0.9446740401508901,0.9873364196957541,0.9618633562362409,8.256434930197804,7.73260394478588,6.583629786756863,9.740127059019017,7.723297191639784,10.431373444495545,9.090630245613566,-9.191042448550895,-9.191435187811994,-9.206112972389333,-9.18198865848523,-9.199378740771742,-9.172665217179446,-9.188202579019434,4.747462467050962,4.794276922348753,4.182146244627085,5.230095983326228,4.340574543425121,5.07665106003274,4.6984530220278655,5.572198108324636,5.744294973433048,6.069737363033059,5.226372966679217,5.671605136738109,4.766089939053188,5.272743845417411,1,10.157558957743193,0.5068321121292367
sub-064,CN,66,M,413,0.7877098208082082,0.8379036930725635,0.8647210322258875,0.7184305839087612,0.7845537523108893,0.6398070273013177,0.6978290060675886,0.05374275076937724,0.05350463766849421,0.05421053712710486,0.054768746662021486,0.05364262408726129,0.051972665323761866,0.05301723188396584,0.1214557505869359,0.07252849188551147,0.050511183663663105,0.18379845031698305,0.12407681328941271,0.270501012913021,0.21063377774269484,0.027784457794645105,0.024952419888355264,0.023743097640630272,0.03189494832457096,0.03079618906092539,0.031020052738409663,0.03166357496771292,0.009307220040833309,0.011110757485075427,0.006814149342714153,0.011107270787662988,0.006930621251510757,0.006699241723489116,0.006856409338037125,-0.2682368124937108,-0.12994915694957385,0.032641593598654504,-0.44618295124524426,-0.3592123292961644,-0.7112056633299902,-0.5591425920273553,0.8105281035661612,0.9636386753421349,1.0943768503264213,0.6080578308675986,0.73689570028695,0.36425713252580577,0.5185668088143236,0.5707533790843028,0.5531369577712785,0.5349802831300047,0.5995527839587705,0.5787508677374462,0.6164754548826843,0.602204695972391,1.0728811991571223,0.9488793847816785,0.9212726853451919,1.2876636911966424,1.0152387587189287,1.3911989967673208,1.28673893904521,10.405294829986468,10.047553921293988,9.359832724781949,11.26309586010837,10.79619764435722,10.923624886416997,10.920465899746706,-8.98106349567858,-8.9595034439824,-9.065105558207021,-8.970640434399517,-9.01136279579954,-8.905857755199218,-8.954525128421194,5.559961493672773,5.331264062128268,4.611790074664758,6.328582579772273,5.423752373343714,6.449731140885159,6.041258456154918,4.214887476405989,4.784792768171471,5.010976059474622,3.6388631521287325,3.7919827231550602,2.812491859054762,3.2298730211938222,1,9.652909724427165,1.3810411104415934
sub-065,CN,71,F,431,0.8912030533987448,0.8954067984673342,0.9093118132013279,0.8743010768885198,0.9004700620043077,0.8692302460669136,0.8817567701546908,0.05363003784831409,0.05272464225682099,0.05407493661054406,0.054538917020650904,0.054131910566671236,0.053561006852985614,0.053977524089675766,0.02525270465480771,0.0170972499426244,0.016955439925465474,0.03591454161187341,0.023309302217600802,0.047834122983141596,0.03760818004579123,0.017734951610058343,0.017337758332040952,0.013055375405253034,0.02198974215325542,0.015458451700679882,0.021049661168000677,0.018910752727382466,0.012179252488075129,0.017433551001179968,0.006602434857409381,0.013255722325700535,0.006630273510739856,0.008324962928958905,0.007746772982459499,0.36818537347390756,0.4910111049245752,0.5037266975287252,0.211906024100716,0.3666820431688677,0.0497970215182878,0.18446047573215235,1.3640378962216255,1.442664618970419,1.5067125281560798,1.2166689212170945,1.392148814763183,1.1274039908958913,1.2372675784037424,0.5260354653239561,0.5257926711488626,0.5080587757389142,0.5399248469175209,0.5163908801177438,0.540538393936534,0.5311620158086179,0.9470288376277127,0.9479605837503555,0.9268698486772645,0.9603554305235525,0.936765296657157,0.9627483352882893,0.9535963874969478,7.983415145822335,7.846649637395705,5.682437548609175,9.871776975801293,6.565561863335389,10.263617084907782,8.694672737888201,-9.129302025607908,-9.093941834262704,-9.165957203171144,-9.138680749217299,-9.159379766014824,-9.1342058711421,-9.146228287890105,4.88513035912614,5.479345751208036,3.936215545757167,5.227631311243641,4.086390139768974,4.741857131693711,4.489046243833376,5.692735092803693,5.633366624187225,6.456716917826854,5.226731174251222,6.051948040965204,5.14774041028926,5.522301096755423,1,10.48127711395946,0.4784726668865229
sub-066,FTD,73,M,264,0.8632888265325943,0.8736105279850487,0.8791982450785579,0.8435030031332557,0.8663026784017288,0.8383496126250352,0.8516320921556965,0.07898911225511052,0.07316229081037277,0.07165231688031971,0.08664956663166651,0.07873084462794573,0.0954546730615139,0.08754731835900828,0.03210579912617387,0.028718684784107825,0.026677837270813826,0.03524762499424398,0.03350464244149871,0.04372072539731763,0.03808975918670711,0.01547172934846859,0.014522218073031116,0.014890425491219363,0.018930559079981174,0.014206329508443033,0.014647414895386809,0.014721770009561982,0.010144532737652492,0.009986278347439386,0.007581175279088847,0.015669246160853256,0.007255505020383436,0.0078275740207459,0.008009060289026263,0.3954482376767613,0.410128425438529,0.42910947989179354,0.39186555881039725,0.3703807508541404,0.3383423051546851,0.3616522913338106,1.301979269121996,1.3449329637395449,1.359859733141435,1.2359986752806502,1.2970783387351335,1.2041332251944012,1.2518698976754816,0.5363665804222627,0.5287096785105454,0.5242403760122828,0.5536850315142452,0.5333369346409003,0.5512626102163228,0.5433372154959938,0.9539381117203846,0.936425578781562,0.9239627244497767,0.9828449499528429,0.9561621960402465,0.9990452549674658,0.9783408157538789,8.163011717670027,7.686113996307036,7.398463453805412,9.723989590132087,7.85460608815221,8.319628837590033,8.111777643166347,-9.102063461529573,-9.053842229778605,-9.172134631438768,-9.111676395309848,-9.13478415160732,-9.09742411511699,-9.117818244225232,4.667372818378735,4.603221315327568,4.262440774056243,5.432401910955848,4.285632343570774,4.541853672599281,4.481011594615218,5.762873721366283,5.971654829871249,6.050069423766065,5.2745154111635255,5.8452013672393095,5.454571439595206,5.638829586065142,1,7.564336458586664,0.514634611054527
sub-067,FTD,66,M,310,0.7945821646203628,0.7702139005605052,0.883732732606417,0.6588595624032645,0.8807460138772694,0.8883446673996196,0.8686749603945473,0.053553083790959376,0.052412002634595264,0.0573931513714398,0.04581500138096055,0.056561499719477264,0.06275030739473392,0.0585564206075752,0.03427106759930031,0.03975331204266073,0.024147199608437492,0.0394406814227449,0.030963461672263454,0.024891195277499226,0.0322459158974226,0.056465129599644136,0.06484468812825109,0.025996462480986568,0.10958852783957831,0.02295517764231159,0.016857806883636518,0.025959163785432122,0.061128554389733525,0.072776096633988,0.00873045393271935,0.14629622695345182,0.008773847088678025,0.007156023044510863,0.014563539315022784,0.20615984572685572,0.1337830064466314,0.37710401297199697,0.04984511282423815,0.27258490700261423,0.41605440623152634,0.27599500584230585,1.02524850277483,0.9073233223663342,1.27451099774588,0.7071365328574007,1.2447887362292722,1.3710064814011838,1.22247805715246,0.60320098437042,0.6270152229699784,0.528947608729051,0.6992934090851934,0.5314809256779413,0.5466264513431907,0.5497450229987163,1.857509349090843,1.0914190448556889,0.9372985408330147,4.967613172946384,0.9390315329665063,1.076650702776048,0.994143709977686,18.979093580822212,25.571710256459617,8.724863884991365,28.271333056807126,9.172407075868286,7.411830565298647,10.725967481171716,-9.043217114481662,-9.012568881503446,-9.170218453380402,-8.99726202339587,-9.123635994650291,-8.931265783475954,-9.069469431038742,8.593899981004435,10.21419797053611,4.762225038649329,13.59214353532134,4.767387386867765,4.413651213747433,5.449603997517461,4.135345812637849,3.3282308736809223,5.3208421342265835,2.9790842748733084,5.347460416772066,5.676354785931752,5.102946497370426,1,11.795793913660424,0.35642701243415154
sub-068,FTD,78,M,276,0.8891635250759302,0.8944377682590327,0.9030854542024594,0.8695695802701762,0.8919396589817716,0.8848444689980254,0.8795534764059757,0.05754624786412544,0.057162406455756,0.057750787216677285,0.05852988590285138,0.05810710409063629,0.05577432334737252,0.057627250725667115,0.03169992768730621,0.02478619846307301,0.021102284389153958,0.047731046137767894,0.03126710707890558,0.040381438931028316,0.04325363137885637,0.014084346180734508,0.01462024557026825,0.012793579212815176,0.01526102735742726,0.013086130395737259,0.013288810093355792,0.013644440387065753,0.007505953191903445,0.008993381251870216,0.005267894978894197,0.008908460331777274,0.005599999452948776,0.00571095863021796,0.005921201102434664,0.286010732913216,0.36340092913038696,0.4373018850620081,0.11862366616984345,0.27469156767628183,0.13996119927207576,0.14746350308923079,1.3302950666496207,1.3835287117677024,1.452574737126606,1.1851594809451682,1.334305421102786,1.2448134427500146,1.2319464525705186,0.5249186159844212,0.5216613085550217,0.5156028258611535,0.5398041482500915,0.5245416640285253,0.5210872405747251,0.5295816186999719,0.9618560266998699,0.9477699349796277,0.960781501668515,0.9927454206469003,0.9732875511616476,0.9338430606810209,0.9713949407071001,7.272585036872457,6.960721360697664,5.9947476380608675,8.397040849563613,7.222152855309456,8.107600648663794,7.923335118391478,-9.153668445561316,-9.145029145270902,-9.178752165936809,-9.156682834557365,-9.172086543045934,-9.112624491795485,-9.147769311655013,4.2184866637630885,4.3973762554330245,3.7574703553220026,4.584794709739751,3.9248768019298126,3.9916962563765352,4.076268964821347,5.929151578578554,6.081014515463058,6.272429601580253,5.50494136638703,5.8971449993460725,5.7791445582120184,5.65962767354632,1,8.72490120223157,0.6465623196668826
sub-069,FTD,70,M,307,0.7582142220472771,0.7963002854314192,0.8022988661862726,0.6854455113466262,0.7392164328934511,0.7328201391263277,0.7205943986712545,0.14568319870965354,0.11297874849663962,0.12327247948221244,0.19545187593902374,0.16263227051339255,0.1688038911320152,0.17909875324714106,0.060447287761150215,0.050430214412096906,0.042167020959074375,0.07804010589504848,0.07136670183441496,0.07136268730825684,0.07352405767985097,0.024942554150239073,0.02691592317928166,0.02488355574079452,0.026418652984594684,0.020934817356003554,0.021183667685398887,0.020937026494664834,0.010712737331680022,0.013374828480562468,0.0073780776316463535,0.014643853834706703,0.005849777402738143,0.005829614748001416,0.005845763907088754,0.3846735462091802,0.3551804704485204,0.4688537965622708,0.3963972930726847,0.3611231444085526,0.3735070448157858,0.3853382621610387,1.0331494232353104,1.0765239322256634,1.1440083617528545,0.9267672936548789,0.9925596303715233,0.9886991824493021,0.9802887703138812,0.5968295461806052,0.5824041255324733,0.5715975261383882,0.6313483974290574,0.6018697893884132,0.6085684812037759,0.6104302685158037,1.1362306869941026,1.037773734059682,1.016992900249171,1.3280107668836678,1.1695218731867323,1.2261897633138954,1.2472192432616345,9.749226959199108,9.94921562627224,8.860731723732883,11.093439617085963,8.898554202162769,8.96959329742327,8.899166411176308,-9.129245527144437,-9.127337357417586,-9.205980534870895,-9.093986913834343,-9.129986663399585,-9.090227131836201,-9.09969281042653,5.491954950711809,5.6411252294292415,4.903173274867267,6.261909901971891,5.000690231639976,5.050018665055189,5.106379533681306,4.244366906020729,4.594547789383079,4.546980610604238,3.770423747399514,3.97171530442253,3.9216769770169746,3.854736150624914,1,8.31220197282571,0.8784902264916674
sub-070,FTD,67,F,228,0.8908340440030855,0.891176793281731,0.9047915160705923,0.8706581254101626,0.90089760445735,0.8939547099310167,0.8947890685629053,0.057187925784802605,0.057556056472454924,0.05654199879366173,0.057592891975830326,0.05625718558562112,0.05745453678144753,0.05724933853025338,0.02217753052846775,0.02086039995717674,0.01867661451014274,0.026686276213622837,0.021558989988130644,0.023949180995669297,0.023395269197696113,0.018818896699401465,0.0188378117584949,0.014317905899418925,0.026047471759876865,0.015062585969765842,0.016681496166050892,0.01633061536772002,0.010981602984242422,0.011568938530141943,0.005671964726184836,0.019015234640507306,0.006223633999132792,0.00796007612581517,0.008235708341425374,0.41589964093980003,0.44380480175764303,0.48101519519780994,0.3349662101695116,0.41748204260170757,0.38005150573805013,0.3902345608382537,1.3740412784372786,1.381399703161316,1.4644365863799251,1.2626099016032915,1.4180612797714325,1.3695265816559214,1.3811473922687838,0.5217910792980346,0.5244247799213334,0.506576552250742,0.5399526984083621,0.5100886712115923,0.5166252915964351,0.5162136298298201,0.9157429989659489,0.929262979510349,0.893740116855254,0.9288169510437999,0.8969916194971351,0.9034065552741087,0.9040341894109698,7.8367329784712645,7.606344051807907,5.907014642351629,11.193159460166893,6.355077055986176,7.047302646308842,6.978731677538071,-9.168752017973597,-9.147668962054894,-9.193578337020398,-9.168005283149444,-9.186499717775446,-9.180175155064395,-9.18189081705381,4.636185756639152,4.76633394645527,3.834542226484828,5.663982452379621,3.9746429580891487,4.319853193858287,4.324521270363504,5.81624058894175,5.742901272679191,6.240539404400233,5.274892558180927,6.156045496707645,6.009468672545781,6.010802566007145,0,,0.05087977333119298
sub-071,FTD,62,M,300,0.8672063801746425,0.8659205499148266,0.8960559920798495,0.8465115830162252,0.8750586357919469,0.8580435791170651,0.8620695085072008,0.058464382318304725,0.05867748332103068,0.05778123203689308,0.0597575265050413,0.05724310569485569,0.057988880792581694,0.058230985419286514,0.03962782259426517,0.03695043316619468,0.022337857832150688,0.04933278900693458,0.04189522892470888,0.05212259041467919,0.04785562288272997,0.022611469372060114,0.023510368187179168,0.01678622229065151,0.028099019885779872,0.01874451483688098,0.023028524916585524,0.022669423154227063,0.012089945540727695,0.014941165410768906,0.007038695760455324,0.016299081586019556,0.007058514751607768,0.008816424759088186,0.009174460036555724,0.18639460532792526,0.2069749514976865,0.41300946123841703,0.08702310206987711,0.1367714778330287,0.047618807626464324,0.08993805679362248,1.184648011685461,1.1896672076256092,1.3872285659456225,1.0705271305839728,1.1877899200000088,1.086738894235854,1.120607576815645,0.5350282184290286,0.5364316250157924,0.5107711743557194,0.5541448027832757,0.5263923989730382,0.5412224219608109,0.5381690741956812,0.9187049343809554,0.9123518741187103,0.8940649411239908,0.9428854789850551,0.9158073991203715,0.9338858488669364,0.9295068225877225,9.559131014603915,9.883181218670325,6.69305533097694,11.263523660605756,9.073706974032456,10.043419594665451,9.885359532278686,-9.159687302014603,-9.142927863323994,-9.186720723263525,-9.156403662804253,-9.17444464700263,-9.162226466497025,-9.166386427625284,5.1237074075803495,5.473410652401346,4.187147848944316,5.861710154059311,4.424183868947558,4.8778652036521795,4.858998735619879,5.272903877702303,5.21798598376922,6.0314057047207115,4.808669490505283,5.421054812658809,5.033606137899766,5.14453621272895,1,9.376410752019195,0.44976586735119817
sub-072,FTD,65,M,319,0.8798603695008458,0.8816951775436875,0.8863844999069679,0.8663469566703653,0.8846164521707537,0.8835450473978144,0.8794931001093025,0.07588254834894081,0.07450260597128765,0.07073592424058152,0.08590365822171782,0.07245673856033814,0.07352877777061596,0.07670042067784334,0.022219928025386887,0.02092852901634714,0.021897800849000986,0.024512870866223835,0.02220066371983269,0.02266602609826228,0.022986806779008124,0.014611969080256651,0.01450916936586426,0.014822496809699772,0.01491333908100448,0.014744618393315827,0.01385426251538093,0.014297349244354713,0.007425185044570026,0.008364518102813643,0.006159278193749801,0.008323175160688819,0.005981527155759725,0.006405886217925561,0.006522323189491036,0.5338011993383245,0.5534291216203907,0.5092102763727225,0.5447981222519763,0.5130708107308911,0.5110915928833423,0.5221148787496349,1.415872666347806,1.4346528787450954,1.4162674380615947,1.3832769190621015,1.4134180373923346,1.4184232033912236,1.4091511002764443,0.5280205761831591,0.5293877108638523,0.5217719015105464,0.5364346181475457,0.5225050254500406,0.5240538589805558,0.5261224161438207,0.9438000825825485,0.9525665274515275,0.9263081841641784,0.9554173602140563,0.9300323232765267,0.9367724568646951,0.937610166855679,6.9586779381456285,6.876869980743811,6.740349461261566,7.364835329316797,6.8302139491693445,6.95287970550017,6.9997116908778,-9.11926626965843,-9.069851902012774,-9.183826287553991,-9.127722890413231,-9.152199288619654,-9.129063759623449,-9.132997153533925,4.302560588314226,4.422134753390854,4.080504017827233,4.529404571105953,4.058612549797863,4.129369958467614,4.168199468409962,6.005716545201089,6.038446817119421,6.050296376676269,5.874545960536666,6.006708679146018,6.08514381468561,6.000872837611108,1,7.136992145413275,0.24036725689653693
sub-073,FTD,57,F,417,0.8960413944637323,0.902749424801274,0.9085269594929697,0.8821973235555197,0.9018578162934267,0.8727984498103654,0.8871634776832072,0.05820367634159235,0.057729771965749695,0.05659638541185515,0.05994052162998855,0.05761636573237038,0.059680553388687996,0.05871828163770276,0.027042434792481352,0.021684109808483173,0.018538307365046414,0.03487455093447127,0.02354071016564754,0.04814111803389827,0.035584057623309004,0.012258460447444374,0.011660856319687638,0.011231325911528792,0.014004747086105569,0.01177800557691265,0.013118885726941512,0.012612937921942841,0.006454033954749551,0.006175837104805618,0.005107021818601184,0.008982856793914386,0.005207102231642704,0.0062609930401064644,0.005921245133837841,0.3568272168353839,0.4266822918234741,0.48470718712367683,0.24392011844748243,0.389166790862463,0.09781933467981241,0.24114790754972243,1.3994122348547204,1.4612968984868726,1.5108275188166378,1.2886542986090175,1.4341964471003905,1.1850325403222124,1.3068674004268073,0.5100786563738894,0.5033342894583934,0.49971523067079743,0.5230333791535171,0.5071173011146307,0.5277616664623954,0.5174686005283043,0.8979625437306378,0.8847207832773311,0.8851288264384696,0.9147500617960633,0.900581065525008,0.9260564624330554,0.9118272466400482,6.724285861084439,6.070094278850944,5.612864553002425,8.106588897643059,6.148146008908884,8.780692066170785,7.540351157013254,-9.1300609463776,-9.111268865033505,-9.139738696280157,-9.134404893643339,-9.15407059065232,-9.136614245284528,-9.141564234968348,3.985864555734448,3.8679383885215364,3.6503793378855867,4.497042386710282,3.7595993867141595,4.2188760593316985,4.0177122311651985,6.311881098837937,6.57388154305453,6.646073361669237,5.901504386223458,6.368400945693149,5.629564804779047,6.00103680078939,1,9.487516932200098,0.5261442158934333
sub-074,FTD,53,F,502,0.858959072222962,0.8660457727701921,0.8690817874394958,0.8515511968126065,0.8854405552847674,0.7940650737108581,0.8567590531891848,0.1012218595387537,0.09792125786716917,0.09917307445882644,0.10716363708609287,0.09113282477219266,0.11909714006435386,0.1003146023909903,0.019812111413901334,0.018290085655256107,0.01758301564441934,0.018643387002462656,0.014030279547655613,0.039493041845628525,0.022423775997995526,0.012300222358656195,0.012524246507497828,0.010936642038672216,0.012537264234305345,0.007024636944853459,0.021000802687092243,0.011189104699496032,0.007706734465726837,0.005218637199884827,0.0032254804185862743,0.010104514864532317,0.0023717034505312718,0.026343941692067104,0.009313463722333536,0.7438894075824026,0.7522297176692838,0.7628944828979112,0.7586769371763047,0.8141609386894365,0.5512083534567009,0.7139776399782127,1.521491462977256,1.5265254585064205,1.547146890878888,1.5115045409507422,1.6675189924295306,1.2663218866473474,1.5279682333310334,0.5681441388199286,0.5642909853503936,0.5602286958449151,0.5730039264436402,0.5473696302439656,0.6149455280423444,0.5686077737931375,1.204554268621876,1.183473277480813,1.1813048269786612,1.2057624027811709,1.1539609994851967,1.3866855354668484,1.2222774524882065,7.402174166773139,6.415996045046166,6.036335077792259,7.995472035593064,5.35724690059189,14.783351387920888,8.130807376984786,-8.229801770501409,-8.29795954357,-8.222446870247868,-8.148148661280512,-8.297131965964551,-8.064592840388734,-8.237857858943974,4.528026018877245,3.998396718274891,3.666994034693985,5.310338322094631,3.3140429177834037,7.929626592466366,4.679191582324092,5.5489947920844465,5.727170570319832,5.552512066293829,5.411857816405146,5.977883148345211,4.551045073913981,5.5427787437297615,1,7.754157484312512,0.2559548325918257
sub-075,FTD,71,F,364,0.8591376733199529,0.8582540029592364,0.8747371901862825,0.852890446206052,0.864751081122635,0.842905586806747,0.8526097214752614,0.06431054257617182,0.06238176152732889,0.06416236917752675,0.06711259694838125,0.06489720480738034,0.06479943425385798,0.06498377835675379,0.03293066700140801,0.025540414928746872,0.025375396362459543,0.04047113224191811,0.031671364610490214,0.05693747831950116,0.04458352603595355,0.024650435293169026,0.028062332772374243,0.021354657506509375,0.02325727377898186,0.02307427763828701,0.022803020306637604,0.023195543442679805,0.0189706818092981,0.02576148781231345,0.014370386767222255,0.016268550824667112,0.015606071821207297,0.01255448031325634,0.014627430689351502,0.31213709041652615,0.38756011404209173,0.4029049873528591,0.24016461524811178,0.31180151936616696,0.05645296923491498,0.180931937180247,1.2135113944083518,1.2385328263270357,1.3031285131694743,1.1686291987558544,1.2300953930773335,1.0563990978527966,1.138984693620677,0.5360731258407722,0.5378079330654082,0.5230424176980851,0.5413250221099007,0.5320163791962176,0.5451286901971526,0.5397338833905505,0.8694545444322689,0.8586316413730362,0.8547714212093519,0.8892886639246544,0.8676093135597713,0.8924589972979335,0.8811427725976975,10.962630803557206,12.908193679772081,8.59820077633273,10.254254254697235,9.895446902592226,10.717334726809261,10.369484057454779,-8.47178106764383,-8.43576311900568,-8.475390035256511,-8.536454360281624,-8.471846656772707,-8.46298546748944,-8.466455432711074,5.871222405593512,6.485617491245532,5.3055625472909895,5.709126302463816,5.537839727798866,5.393595616216594,5.53521276849982,5.042889085638685,4.833106742592251,5.431425333610009,5.051885544011663,5.201772453106725,4.938004946396205,5.046748264023026,1,10.776858482539142,0.4761100225759076
sub-076,FTD,44,M,398,0.841030357141133,0.8474584413551645,0.8632827708794014,0.8651754503518841,0.8887858288609524,0.6652300477833882,0.8200818439706925,0.08028076513395682,0.08044360461189615,0.07834940427700364,0.07638677314697528,0.07100267654170128,0.10431298510894539,0.08161975545255482,0.04635078545472791,0.03453974395317224,0.03464454946268281,0.03273879196921484,0.023972751035049533,0.16603982329878414,0.06602523182361787,0.018059436765145927,0.018490692909107386,0.01489222835733236,0.01523451317400894,0.00954687334902985,0.039719545179449235,0.01950421619974973,0.01427865550503643,0.0190675171706594,0.00883104702357974,0.010464471357917109,0.00669187021326736,0.024697598629433336,0.01276895255338537,0.34800172468648843,0.36210304557442274,0.35604108852732647,0.37199861712614124,0.48234668577887363,0.037076829299578146,0.3352510953792613,1.2465967335708426,1.2442307096772782,1.2798325109744173,1.2958783772867937,1.4657547817294134,0.7777237914231994,1.2335687643048048,0.5617026514916601,0.5670990004380954,0.5449970397769134,0.5505544579550246,0.5254886084435441,0.6444912993967022,0.5653517053893939,1.2578749850218933,1.0577828867105576,0.9775405789208099,1.0149707450829466,0.9744363202153302,3.2896654153509317,1.6473365650211338,9.130417289149312,9.913408072276948,8.081391616677449,8.126033604675985,6.427535373559929,14.026578299241109,8.944911813351919,-8.684536352195943,-8.596017688610818,-8.830191636438842,-8.826450618657194,-8.665798716673564,-8.52014666874058,-8.66737652984193,5.273537061635353,5.788273652767024,4.519848935607004,4.737398164369259,4.0888631195653184,7.451779889354273,5.196996704493804,5.2716334817196095,4.873872702369462,5.501773260882586,5.456423995504974,6.415578044905015,4.233088668351817,5.564845118108347,1,10.401674650292552,0.6677807430161984
sub-077,FTD,61,M,341,0.9079474718526988,0.9021961874895627,0.91760205490887,0.9064900506785067,0.9152217696256785,0.9055984882283328,0.9110872665952937,0.05020278214978275,0.04868864631329817,0.05129360459612111,0.05086200987529193,0.051237464419465785,0.05099554505242836,0.05101863743808943,0.016617536943668316,0.015077632479885519,0.015480885079267459,0.017766527318129357,0.016601838028138718,0.021437747987881707,0.01854490340690138,0.013583808196930523,0.015485788469786701,0.010182776215674793,0.01423024910665142,0.011062769179984841,0.01451710191979421,0.012561809594012303,0.011648400856919802,0.018551745247467062,0.0054406792000666546,0.010651163021420607,0.005876158746732991,0.00745111681156272,0.006787382965703381,0.4835719975400881,0.5108833347940521,0.5202641359897421,0.45723362091750236,0.4894747599656681,0.3767667190835358,0.4421070477750046,1.5069775897746407,1.502291690959669,1.5769788798467843,1.476323679492814,1.543325889989731,1.4251616707598451,1.4931198422501653,0.5000716122978237,0.5073905845698937,0.48945855313591863,0.501303905312882,0.49137295232849015,0.5009582020123202,0.49567098006986493,0.8789724311146737,0.8834281971106502,0.8749878233444021,0.8788489962512516,0.8724324862318885,0.879410948835185,0.8758256796548086,6.729525728391354,8.358812690499665,5.1968672141814025,6.249190917529461,5.377459758612279,6.314777708719591,5.783018417314075,-9.07215796318916,-9.035124719464225,-9.09872107334151,-9.090500638609214,-9.096306765447652,-9.089021096770047,-9.093402702970568,4.520584151398011,5.378767372904769,3.6111481482349768,4.510168790868333,3.7096315027674134,4.118356574874158,3.918931319923426,6.388227669488733,5.990448837019313,6.9888333179820705,6.318932873715472,6.835991852107167,6.346488428010568,6.625295885120457,0,,0.09633947526720554
sub-078,FTD,62,M,426,0.9070416321601169,0.9030364600190224,0.9180319430641282,0.8983512325253867,0.9158144690626648,0.9087958122135682,0.9113261249146182,0.05050237659635624,0.049913647883394564,0.050286943025728066,0.05124742839694827,0.050595479144673015,0.05125632002400518,0.05097686446926835,0.017708468370069945,0.01768735161626001,0.01559365876569927,0.0197701795350538,0.01642411244169988,0.01875770297754816,0.017825366601958364,0.015264810403879819,0.01643709182914156,0.011102016953233934,0.01877560742763934,0.012129321099827709,0.015087655499991713,0.013987147443035098,0.009482712469577246,0.01292544865218137,0.004985438191211423,0.011855552114971819,0.005036618251134472,0.006102509284886561,0.005884496571120166,0.45722615150948565,0.4521475327191115,0.508601790302282,0.414311976770501,0.4886908406948088,0.43656917478658513,0.4575521144026568,1.4685270526468825,1.4495475117873333,1.559713986396412,1.3953067545492956,1.5297362394003757,1.4528018610959432,1.482836905816246,0.50211395037635,0.5049814687605542,0.4919595990831938,0.5119952552002065,0.49354595831226206,0.5003985414197873,0.4979826451834518,0.8727010018918439,0.8652245528490544,0.8720017684132345,0.886710348815786,0.8698015034245583,0.8762479776125662,0.8737834498348044,6.385606947234844,6.902246287339023,5.166773769604666,7.417527475677231,5.337437293480106,5.914032447062818,5.7122045028845525,-9.09530303332978,-9.074313080551118,-9.121331482709037,-9.104015824327279,-9.10327315431834,-9.100344430508375,-9.10349828294927,4.33128546164442,4.801249866163954,3.5717159312639097,4.808440690724297,3.634186667893569,3.9171020738633215,3.839399280353668,6.280404033390564,6.076782126581402,6.827072327064905,5.9161239541431305,6.646024143290009,6.353208260356817,6.468085332127906,0,,0.016429608138185614
sub-079,FTD,60,F,401,0.837869102279714,0.8357565065083054,0.8408027658745664,0.8372988448573919,0.8399498517691075,0.8388820826979202,0.8389107931793294,0.07228910988774048,0.07180304555756593,0.07278656586073877,0.07313962661100873,0.07258446336704304,0.07110008741836354,0.07232097036659088,0.03284517523862477,0.031318754274261014,0.031115578454068347,0.03338145162446382,0.03306687038126638,0.03937694830509199,0.03531770399082703,0.03166337083021824,0.0335339851510376,0.030807607881804724,0.03127877727050808,0.030518895030203802,0.02888576594941266,0.030154504231577665,0.025333241763702635,0.027587708508830282,0.024487481928821508,0.024901299636628037,0.023879919452379245,0.02175511562921189,0.02329602823167536,0.3437531502050282,0.360270207088162,0.36909035096845905,0.340960512452622,0.3415627572905842,0.25680851484539213,0.31252598108577817,1.1500075010930206,1.1467758180693057,1.1689406712384927,1.1486510927565232,1.1570088416539195,1.1251294422894604,1.1438912629255982,0.5679902215054797,0.5678193039077474,0.5670916940537696,0.5698376488227034,0.5675899900783214,0.5668417167813983,0.5678681886982122,0.9600941504359738,0.9467352147064795,0.9661020397458667,0.9696861576365758,0.9679634832820265,0.9668505778540817,0.9680545310840262,13.504847540940997,14.507123288372725,13.075017018321956,13.29439258637702,12.860912705557183,12.028440371062182,12.650987220622694,-8.307949481193141,-8.290044507489378,-8.320959064950081,-8.316532388792552,-8.319018372405607,-8.31733336150339,-8.317800924993138,6.487475188110426,6.730161886213872,6.352249636458239,6.45594838053437,6.311765943295484,6.167527554601161,6.284302240402172,4.646694871167042,4.539353349660577,4.722960969412513,4.659441771483635,4.726265994438221,4.763140563531501,4.726293065300404,0,,0.0790927120100875
sub-080,FTD,71,F,454,0.8379346116356338,0.8849663283975094,0.9019352733512176,0.8090657252761394,0.8203593510509485,0.6614232739917105,0.7545374683640945,0.05278824149714823,0.04951906581519928,0.055165328090491295,0.05634197337954458,0.05410259597722398,0.051585731009048584,0.053578508078325385,0.07572439425540525,0.03179675196392787,0.02137765519869946,0.09376190704969473,0.09694758104057055,0.24308144509430785,0.154393512954298,0.02234019914795948,0.01832396691276358,0.014987575125357784,0.029266184885613597,0.02186071928631578,0.034293196322205,0.02893614755551868,0.01121255346385318,0.01539388691059977,0.006534168234233704,0.011564209409007941,0.006729752644941112,0.009616353582727903,0.008554363047763412,0.0023237934881670252,0.19311428130728353,0.4135978050012703,-0.11582839265331019,-0.24620945028177169,-0.6732496932105331,-0.4243798863172246,1.0663667963086845,1.273132089486277,1.4221681714281234,0.9122505023846732,0.8711605133258846,0.41002821983017346,0.6720613571730405,0.530028255848325,0.5051645382418873,0.5006310847043063,0.5551284085896991,0.5435116888577797,0.5907215691899537,0.5672989008194894,0.9253047611884972,0.8226916753269643,0.8614746439653214,0.9752486180548581,0.9481581947856617,1.2460278734101575,1.0631730373070316,9.424386203778301,9.769642566828384,6.302172849296045,10.330578921537244,9.7451223560069,10.60581930096562,10.353666806395665,-9.038650275536014,-8.94272740610307,-9.14067971817598,-9.092339576630792,-9.103483548545702,-9.016707642887289,-9.06723542772911,5.436834265653344,5.8318565260371,3.999015543457176,5.625032649657956,4.925267372889358,6.6019380087412,5.7213637501280425,5.030273203059858,5.554637170642693,6.3324193882048405,4.522917485682786,4.464616327488584,3.1049767869135114,3.864973653786799,1,9.690262890972972,1.5451297526886485
sub-081,FTD,61,F,403,0.904827456229626,0.9071561708881759,0.9108299979913754,0.9010614841423601,0.9061111394496586,0.8932795616265612,0.9004654442093739,0.059042704125145985,0.059348503227012066,0.05635768814510905,0.060526986785334615,0.0579508839558684,0.060669096172209176,0.059540734759172764,0.020339576137483394,0.017999734408096386,0.01771869494008229,0.021803919076501553,0.02049709119870188,0.029295385516575505,0.023898075551447944,0.011065870114707386,0.010578927855893459,0.010814665760891613,0.011539674149832922,0.011151135324065154,0.012071468666992075,0.011533800214836977,0.0047243933930374606,0.0049166636208225496,0.004278953162541632,0.005067935845971545,0.004289750071705862,0.004684488017662627,0.004561945265168706,0.4688752056030952,0.5191072316293144,0.5025258079255772,0.4448936635275818,0.4517890281083187,0.3161795614207965,0.401367936205206,1.4906402855119079,1.5301913707940962,1.530202377695373,1.4606332865418672,1.483961850008576,1.3628999999441294,1.4356875748553064,0.5041563543079083,0.502598768353676,0.4969313942363543,0.508008770756298,0.503045276717994,0.5144071287431438,0.5079970432233896,0.9058972632065413,0.9033621925559213,0.8893256839105602,0.9135918180084046,0.906923012399362,0.922699646034725,0.91338534208143,5.907278687409402,5.64396992668361,5.507731967766847,6.209912718075252,5.85683871461752,6.898571327269623,6.300961878607706,-9.124287282267579,-9.094880444179877,-9.137019745134998,-9.143471834516816,-9.144077351564153,-9.14005831283006,-9.142299685130155,3.642018245933958,3.635183583078256,3.4982556800950975,3.7410260299923537,3.5681557012737435,3.7943616635607373,3.677821340443793,6.416898970170848,6.588600518249022,6.537770335229934,6.334104601599216,6.333872824124662,5.924764460521158,6.187105332291731,1,10.68542278564863,0.21345756951627415
sub-082,FTD,63,M,377,0.8887814082867923,0.8957359133190715,0.9075223962657136,0.8676772226276304,0.899323260036299,0.8627247523994961,0.8757892496552732,0.055171406309380326,0.05432775033258578,0.05451964220237732,0.05677606894397064,0.05469949906827435,0.05660038398114404,0.05598020869876351,0.03187015412365465,0.022710820061358484,0.018336711756440357,0.04866652261165836,0.026801101238076136,0.058238829244873024,0.047127384529618725,0.014392314405090145,0.01534810116870424,0.012321817639094235,0.015347061480394147,0.012733584173439139,0.014731407078303206,0.013845893906907759,0.009784716875082857,0.01187741511828017,0.007299432136374876,0.011533124336346588,0.006442555483911505,0.007704627296183802,0.007257263209437102,0.2842445981694369,0.3797598174665788,0.4732260642762924,0.09942889125318748,0.31564939096855466,-0.011006643897020165,0.11390739271656236,1.334027262750495,1.3986420531722779,1.4966795754265927,1.17664526833515,1.3856506587295574,1.1012259221222043,1.2087582541624504,0.5114019896442784,0.5057766187756465,0.497529198630771,0.5280672139965104,0.5038232971578122,0.5299375642299876,0.5200169052819558,0.8710108162462236,0.8518481361979706,0.8597334575513624,0.8992698245468524,0.8669689911562747,0.9045409554910676,0.8908909459288665,7.360014038182103,7.049544443073499,5.715097918294236,8.817089958491565,6.578628764570067,9.171957870693175,8.066612299900772,-9.095981656139372,-9.072519881309422,-9.125948666524172,-9.101626153729626,-9.118768512643342,-9.087678072530526,-9.102308622530659,4.513473596523742,4.707033047007651,4.00021875781846,4.9374582143304915,3.988642026173924,4.545175897799215,4.33344531126549,6.054579951333558,6.1198864149485095,6.647797210915471,5.559865918622253,6.345710917672818,5.488913055222087,5.8240860395976375,1,9.294473366312134,0.6866735756585776
sub-083,FTD,68,F,445,0.9095331082986582,0.9055836738928704,0.9139377003396504,0.9129678861879831,0.9115259921700063,0.9068903590717565,0.9075897052020648,0.053359119208027335,0.05515739495644107,0.05440342198610033,0.0477168815378538,0.05466959890371494,0.05481745571828543,0.05471005481311785,0.01697396444631276,0.016856879903457155,0.01621845446319493,0.016738148332252727,0.01701939933011239,0.018920505223404677,0.018216610469171144,0.011896431001556294,0.012273946797170874,0.010468052722414092,0.012774595672156826,0.011092704202237765,0.012166953993395305,0.01224055203982789,0.00823737704544536,0.010128104450060571,0.004972370488640664,0.009802488269753256,0.005692305393928722,0.007204725993158335,0.007243077475818392,0.49752892009795013,0.5153775724924542,0.525617014539823,0.45600587651683205,0.5068502033656272,0.4619906573150978,0.47839226746533603,1.52766932145043,1.5200629627367046,1.559758420577855,1.5290505689871163,1.536276513351351,1.4904846453325735,1.500993793789574,0.49736978150365124,0.5055783754546396,0.49453082473898746,0.48274144291622645,0.49742325392330117,0.5020746063675621,0.5014317952101591,0.8747899478022099,0.8927599595116267,0.87756716575575,0.8311401949182515,0.8817775595885405,0.8845471679773624,0.8838533972938212,5.73398450931002,6.0185254088400475,5.299532502787511,5.718188162662992,5.4602544094993375,5.831957213748769,5.813548077515718,-9.10774999137363,-9.092112676626396,-9.154431245675614,-9.050524944195018,-9.150335145396197,-9.143031074859374,-9.14464404610207,4.156696187649465,4.4798065176768525,3.588294084744877,4.383584054662954,3.741257623915219,4.047795298484884,4.025115442413253,6.634972784852859,6.444879733522622,6.835541077203832,6.731274949701364,6.771886411413047,6.601471256444924,6.591260689345974,0,,0.06351440647918238
sub-084,FTD,71,F,315,0.8638531453393433,0.8650147058838037,0.8805326186767556,0.8405835225079485,0.8733834055372977,0.8670123287934706,0.8666823455382486,0.07885508563717408,0.07692759913386646,0.07233356222735339,0.09270492901361535,0.07411374521018076,0.07479589740108926,0.07724110219248767,0.02438927955439583,0.021771940786495605,0.021895583781870603,0.02703115533752032,0.026252708311862202,0.029211614198385902,0.028014026317592318,0.0196815840342577,0.02055368985404202,0.01680324033329668,0.02213871662522833,0.01759514099363697,0.01916212859544395,0.018445252203880363,0.013220905434829254,0.015732064341791967,0.008434994980724132,0.017541676515687762,0.008654999947022336,0.00981803101161081,0.0096172737477915,0.5098928792453655,0.5458370128278502,0.5189085719142826,0.5349865563668672,0.4509846390271504,0.4087398787876116,0.44063681412909433,1.331959911143486,1.347955702732447,1.3913466305173798,1.2785377837045917,1.3348481695519947,1.2894064287863074,1.3084911831582917,0.540632619520146,0.5412772043348895,0.5250863467140192,0.5585580975637354,0.5325391800071367,0.5379851850600689,0.5373888712059199,0.9411693214869494,0.9391229242909886,0.9159941035514837,0.9704474311469015,0.9348714611786636,0.9369851097185349,0.9373601653204886,8.35808847066859,8.4506241414384,6.965247864345586,9.869285061246192,7.586176264973518,8.258949659846163,7.989084653454947,-9.225889266451427,-9.196586130081362,-9.268159826797064,-9.221711575150401,-9.251176891933587,-9.235468347607009,-9.242546473625689,5.1920834091435335,5.507419146694749,4.4566562139813914,5.8397812122562565,4.579689408854546,4.8147445146655246,4.763818130530055,5.479008629788788,5.380097034283063,5.913839335843742,5.0885522299058366,5.736115386785592,5.568205819247082,5.6160655581216234,1,6.574615184623433,0.17288376969126062
sub-085,FTD,64,M,272,0.8830191623530185,0.8545173077372156,0.9045381571202068,0.8912948116494848,0.9046310908697485,0.9015279699895193,0.9015217084214359,0.06619277824690714,0.07152366416615694,0.0619002123416918,0.06489053797112854,0.062260980090005434,0.06247570417426562,0.06297254640009631,0.02065830500596591,0.02703585055653584,0.01637472050937118,0.017259741510742475,0.01685983674955453,0.017257101698927187,0.017092996692161543,0.01269531527794918,0.01823899952221725,0.008370133982055026,0.011456371421713686,0.008130734308252474,0.009104951533868196,0.008917641782151198,0.017434439116159137,0.02868417801787459,0.008816776046675355,0.01509853744693011,0.008117357982438922,0.009634272603419147,0.00949510670415483,0.5375291114158148,0.48003182682936535,0.5774741168740581,0.5751277118282735,0.5673974430631847,0.5588524009850508,0.566347094420067,1.4924682677876284,1.3712760934800428,1.591818813146336,1.5231371382943284,1.587740052120199,1.5633696423138614,1.5695805633428377,0.5589163167680474,0.5781772000857632,0.5439940006203109,0.5567950344901306,0.5419985741064618,0.5435058779258592,0.5444874340207198,1.176664465905023,1.1779232976592924,1.1818697224686001,1.1903859281628293,1.1671655119878963,1.1512561762797917,1.1631947015782895,8.044250407879517,12.171792629890149,5.223285555310489,6.381947632009464,5.203032232404055,5.415732724649128,5.4126404629651645,-8.626983812174768,-8.422896943208318,-8.760510851599259,-8.741823944707598,-8.74547616734082,-8.733578496605853,-8.740256210231498,6.073444753292858,7.868357284347719,4.723727994830724,5.6377206254049055,4.62799414427144,4.855450201602078,4.832915037986801,6.114829154432979,5.146841712388311,6.999144988296975,6.030854901942114,7.125998098199299,6.827506540125562,6.860433778848342,0,,0.05955424807463672
sub-087,FTD,73,M,292,0.905584682669273,0.9174208518027662,0.9167739995367977,0.8790030040747889,0.9105918202735311,0.8930267661833406,0.8912187746880216,0.05419689537289102,0.053792224118042645,0.051322222222528975,0.05691431127758054,0.05302882083882121,0.05624253448212897,0.055167401646345086,0.022242466838370865,0.014971709098991795,0.015498377195036451,0.03798508556086267,0.01951094856087245,0.030418293362463274,0.032599987131800685,0.012658053913438059,0.009674513937447848,0.011845910342303095,0.017440290558567415,0.0123176176967082,0.015264840220942311,0.015334707904008938,0.005317901206026968,0.0041407010427514015,0.004559490703333496,0.008657308528200146,0.00455079263006719,0.005047565751124973,0.005679128629823645,0.44033093205981366,0.567791701100024,0.5200346257512192,0.23916253772347015,0.44079998474290766,0.2762959095300145,0.28474508476105453,1.480239067232079,1.6167028973827176,1.5491388954351482,1.2652283453587136,1.4845498327491395,1.3228212148713803,1.332098744154685,0.500312526656778,0.4861885806977367,0.49252794873106165,0.5259360658628447,0.49806386055343954,0.5135491251448714,0.5140371553607971,0.8893767217534765,0.8648362061424862,0.8835306355090943,0.9255205450272641,0.8904886880906205,0.9100820597052246,0.9105695993100145,6.102049193420525,5.134873389898003,5.174875000757457,8.191041907506266,5.634532226925182,7.401215816315494,7.308377749566176,-9.03201837851181,-8.898620193625275,-9.136017614522787,-9.08316903361448,-9.124568325543219,-9.101786940845756,-9.104731916810977,3.7480467959009105,3.363112832369691,3.5094320267638586,4.6164267498686264,3.5997195371302984,3.9389688021862463,4.03626894078568,6.414499221407004,6.982225398792762,6.557827670673466,5.668017601975049,6.36628136939373,5.7777549435409705,5.853084629569986,1,10.599961958033443,0.46097423192021836
sub-088,FTD,55,M,386,0.853698094742844,0.8574718272439731,0.8896960595803494,0.8295110682630882,0.8675003241281871,0.8141637926141311,0.8354100076599121,0.06590062439094381,0.07221714303274918,0.06060656422424559,0.06374001298884056,0.06159937809687762,0.0625069916399781,0.062256361523864934,0.0471023590222461,0.03589481435271667,0.026153915310884828,0.06244027000840703,0.04501631800068626,0.09020467049265894,0.07176931586503218,0.022795273195084686,0.022608094050757505,0.01724773226560677,0.02735270365623793,0.020269921908478053,0.026444877602050155,0.02387749056456721,0.010503648648881411,0.011808121319803872,0.006295728618913557,0.01695594508342583,0.005614057865770873,0.006679667651181555,0.0066868243866233384,0.19039271108167574,0.30488039969546943,0.3650209840254602,0.07164894575489265,0.13995426511616296,-0.15911140888044367,-0.033793927216200136,1.145310703041275,1.2024607072584959,1.3405298098453315,1.0256021804568234,1.1558434048227502,0.8760750205716081,0.9920209533987999,0.5484567020641345,0.5466119522642847,0.522242462287204,0.5680902421292489,0.5378059561582379,0.5709437247576222,0.5579285260341595,0.9600563772088175,0.9500351807112212,0.9329042248090422,0.9868983469790574,0.9511276435968422,0.9955679544275509,0.9798280531596367,10.046201073312892,9.93502682447395,7.233294846359359,12.296179207089857,9.549987107588661,10.899034965711902,10.297329886934307,-9.13776976720946,-9.103693715750326,-9.188254016254298,-9.140956380708898,-9.16927207200734,-9.127682889553483,-9.144144160391402,5.0320929404851125,5.138123535254676,4.151426597866071,5.968648659874079,4.36701335303099,5.106493315123459,4.854048594759971,4.952015505839893,5.087862273223384,5.662362928482113,4.477692839053865,5.0735332051047655,4.1773994707090925,4.5795530567242135,1,9.868873453391384,0.7629482312094851
