participant_id,group,age,sex,n_epochs,rel_delta__global,rel_delta__frontal,rel_delta__central,rel_delta__temporal,rel_delta__parietal,rel_delta__occipital,rel_delta__posterior,rel_theta__global,rel_theta__frontal,rel_theta__central,rel_theta__temporal,rel_theta__parietal,rel_theta__occipital,rel_theta__posterior,rel_alpha__global,rel_alpha__frontal,rel_alpha__central,rel_alpha__temporal,rel_alpha__parietal,rel_alpha__occipital,rel_alpha__posterior,rel_beta__global,rel_beta__frontal,rel_beta__central,rel_beta__temporal,rel_beta__parietal,rel_beta__occipital,rel_beta__posterior,rel_gamma__global,rel_gamma__frontal,rel_gamma__central,rel_gamma__temporal,rel_gamma__parietal,rel_gamma__occipital,rel_gamma__posterior,logTAR__global,logTAR__frontal,logTAR__central,logTAR__temporal,logTAR__parietal,logTAR__occipital,logTAR__posterior,logSlowFast__global,logSlowFast__frontal,logSlowFast__central,logSlowFast__temporal,logSlowFast__parietal,logSlowFast__occipital,logSlowFast__posterior,entropy__global,entropy__frontal,entropy__central,entropy__temporal,entropy__parietal,entropy__occipital,entropy__posterior,SEF50__global,SEF50__frontal,SEF50__central,SEF50__temporal,SEF50__parietal,SEF50__occipital,SEF50__posterior,SEF95__global,SEF95__frontal,SEF95__central,SEF95__temporal,SEF95__parietal,SEF95__occipital,SEF95__posterior,hjorth_logActivity__global,hjorth_logActivity__frontal,hjorth_logActivity__central,hjorth_logActivity__temporal,hjorth_logActivity__parietal,hjorth_logActivity__occipital,hjorth_logActivity__posterior,hjorth_mobility__global,hjorth_mobility__frontal,hjorth_mobility__central,hjorth_mobility__temporal,hjorth_mobility__parietal,hjorth_mobility__occipital,hjorth_mobility__posterior,hjorth_complexity__global,hjorth_complexity__frontal,hjorth_complexity__central,hjorth_complexity__temporal,hjorth_complexity__parietal,hjorth_complexity__occipital,hjorth_complexity__posterior,alpha_present,alpha_iaf,alpha_height
sub-001,AD,57,F,285,0.518748476241916,0.6111934387558564,0.4098703759226396,0.46693351162215463,0.48071345277463395,0.5191907223624851,0.48903784452685806,0.2450786484597292,0.19831592629774208,0.26398326266953104,0.22607836183260066,0.3447760362319375,0.2688457463079264,0.2889350928246583,0.0733740410658221,0.0587027229900645,0.08135311990204068,0.0882313288192898,0.07504241811592255,0.08053789499455973,0.08262566328911387,0.0677631687865135,0.0533129434862206,0.09657564091421343,0.0911324653033809,0.046044117923382116,0.0609602324069511,0.06270513051641464,0.09503566544601914,0.07847496847011637,0.14821760059157543,0.12762433242257412,0.053423974954123675,0.07046540392807785,0.07669626884295498,0.523329723304332,0.5328151733661646,0.5121406715042106,0.41076081490441907,0.661937804118626,0.524139921366485,0.5396823953750224,0.7527602644357029,0.8832463696940562,0.5842036693113909,0.5885102285816913,0.8392027801709306,0.7477300868231165,0.7381855940253553,0.7758435478402232,0.7164565386847226,0.8498302974272628,0.8246629670569914,0.7708493018704283,0.7825704860250716,0.7899382177871007,3.471972857305295,2.3140697465925615,4.8215350741713365,4.1176624813470415,3.91651079613951,3.5421042631659905,3.8742277695307457,29.734286367194265,27.289627924299676,34.36077884652925,35.268217538936646,24.424077206308088,28.248303596167336,28.226384527250527,-10.544205982137374,-10.33397323654109,-10.852551426143407,-10.624167593003332,-10.659958755956781,-10.483950043254321,-10.58129896328305,11.97685014047876,10.802826892696467,14.63119621044095,14.210305393087497,9.740579263854817,10.991908212491936,11.216753721106343,2.7559598362433313,3.123673899243623,2.1508343619039545,2.340753272377332,2.9979467925436203,2.8440815205329386,2.785180417580508,1,6.406456308723369,0.30748317667594627
sub-002,AD,78,F,379,0.1824257850352716,0.21943071717090037,0.20110767088536755,0.1787445216266692,0.12249961477451073,0.12213747599377306,0.12591126683755452,0.19221727992798296,0.17283027309901433,0.19051308069980566,0.2202706225389916,0.20920680570926672,0.18103712877769623,0.20218554124396482,0.47539096871309294,0.45272144156584304,0.3767018068801676,0.468005858968424,0.5411777628319719,0.618858084788874,0.569019544632634,0.10807556962805061,0.10205833986088478,0.16866168218509855,0.09578502357122282,0.10636640759411238,0.06540154014212207,0.08584784783035647,0.041890396695601996,0.05295922830335772,0.0630157593495606,0.03719397329469174,0.02074940909013891,0.012565770297534187,0.017035799455490195,-0.3895722585690537,-0.41809357064683017,-0.29540773383844215,-0.31999682800606205,-0.4137995453708845,-0.5338043843159904,-0.45032977652091827,-0.1946225493143756,-0.15509646425557957,-0.14396583797073795,-0.15025303042020965,-0.29062183646288103,-0.3536890211011916,-0.3007945281228263,0.755369641182069,0.7573332289798006,0.845583363011269,0.7598299328185301,0.7221494885856891,0.6540861467678564,0.696304138833134,8.21905891799703,8.123929939332495,8.397264170606286,8.173867574699877,8.288510574816492,8.270907665774129,8.273929690026922,22.84693134029976,24.789357473261482,27.181105045852078,21.816869238878056,19.67276684208812,16.368550266766135,18.005367669527367,-10.398634885866839,-10.327652616713824,-10.715182952132173,-10.349578361118944,-10.43679703836871,-10.213120549247378,-10.316930714294651,11.348122081127597,11.728219895418706,13.026658059894118,11.014966056375505,10.454348770274985,9.506947778742031,9.991274365253933,2.030665722365074,2.1873746786650288,1.9644697786993948,2.0526808001709016,1.858093760035618,1.7963060786962821,1.8498831691948818,1,8.476207564386849,1.8022791632406925
sub-003,AD,70,M,140,0.3665040821109036,0.48493735260159615,0.23827526649329525,0.25523160335346834,0.2476876264027644,0.5451004998969713,0.32805693496074817,0.23967718244884292,0.2251157496670277,0.289768868572943,0.2455863315255955,0.27586033986856956,0.14941163371595073,0.22340637314126055,0.32619514063036736,0.2029277300886125,0.4089176960596652,0.4414008875585662,0.42736023821884545,0.251388104143448,0.39981978816605585,0.040958698738746226,0.04646471678384399,0.04010230659941319,0.03846265364655464,0.03555146963025182,0.036075157637028385,0.034411263224324896,0.02666489607113983,0.04055445085891951,0.02293586227468301,0.019318523915815206,0.013540325879568951,0.01802460460660172,0.0143056405076108,-0.1169165918035114,0.04040264920810073,-0.14915745442984757,-0.2505930674282867,-0.19990179570847852,-0.2273418842976485,-0.253885090580597,0.23221584269018933,0.45522766694045097,0.07391591641547963,0.01853392946717331,0.05433395980465069,0.38331099800067814,0.11015806935744363,0.7472045956702519,0.7600263952957119,0.7608200155288133,0.7424246429359496,0.7415943771863528,0.6998804003877539,0.7196643414275119,5.588023979512596,3.780841173545523,7.2976946331305115,7.600936846363205,7.384297091411187,2.6284224184213825,6.187030510261157,16.293517551810503,20.43446229103575,15.148485322273416,14.240754710934922,12.667581931558999,13.06218842095619,12.558106521715759,-10.423389067351303,-10.544862248193423,-10.419265890611976,-10.327872255209169,-10.286290708985957,-10.401098861345169,-10.27047577968565,8.859511715399208,9.211844857797516,9.07587630641134,9.025204409674943,8.492469922263538,7.520976131638969,8.250936923388192,2.556777780005392,2.9082183682918905,2.263103656105159,2.268414247606249,2.1255794586297623,2.9907714537147267,2.3651050830114166,1,8.825399495604259,1.5422163493552166
sub-004,AD,67,F,325,0.5442103633862445,0.4986168752272997,0.503750878257901,0.49875646066386076,0.627058039051983,0.731113091581227,0.635602670360987,0.2285095120609281,0.2055967950033553,0.2584399064366463,0.273370199145356,0.24124740961921246,0.15498020969257303,0.22445025959103293,0.05229752677272993,0.05528012403549349,0.05576497847825055,0.052325756496218886,0.05145761829450731,0.03786066206513253,0.047801351195379836,0.07218587278510663,0.09456438000118535,0.08409995109315817,0.06991544350448087,0.0387006276196212,0.030758706376233565,0.03955105168652038,0.10279672499499075,0.1459418257326657,0.0979442857340445,0.10563214019008348,0.04153630541467603,0.04528733028483424,0.05259466716607985,0.6388421495408965,0.5746513386904633,0.664969108055479,0.7204998771003048,0.6718004958355314,0.6115665751847679,0.6653940723728239,0.81329969836339,0.6799971186040711,0.7385372084885712,0.8238115545424962,0.9866057724715581,1.111019638812771,0.9994105011152977,0.7682456374381701,0.8082251020356034,0.7821764805449097,0.783058381539709,0.7115355095110217,0.6628609503746894,0.7102629758839367,3.859920871274924,5.252945842919025,4.01248338709344,3.815588367360067,2.1211517072261983,1.4523084506955868,2.1474120449801717,30.21594201518646,35.91976794926997,29.732434253073972,32.2979934587859,20.572310893510828,21.27915668437744,23.810433550160173,-10.428568882329799,-10.325184322217638,-10.613620491563053,-10.421876000785105,-10.588982911963138,-10.285602147511874,-10.487538691922945,12.611893676745256,15.030187941621469,12.717106188054698,12.993992979519613,8.94748222315839,8.722463557545929,9.606971467013405,2.784441507138151,2.377600514751717,2.600601282543617,2.6615539474373997,3.449145108848013,3.7328650342191834,3.3615831154933367,1,6.707487508002309,0.5452293513149247
sub-005,AD,70,M,339,0.5387903954672479,0.6531744422316671,0.431075340710578,0.4204629684540353,0.5424993689146133,0.5311102077821638,0.500511305317569,0.17550926917524035,0.13547181439257353,0.2108837109717445,0.2389793752463922,0.17705723730004305,0.13331653389031048,0.17702182724833812,0.11990801861249424,0.07757290720520213,0.13710563447890003,0.143980440351796,0.14805314365419775,0.15192195369724917,0.15834768111410683,0.09999276102290022,0.069417227306444,0.14641677356910024,0.10976129252159816,0.09650248367440976,0.12306946323653681,0.11229009702661859,0.06579955572211728,0.06436360886411334,0.07451854026967715,0.08681592342617846,0.03588776645673664,0.060581841393739795,0.05182908929336771,0.1903440750572302,0.27553148226095103,0.18539519482909875,0.23441995328363643,0.08992463969103291,-0.03791113321711237,0.051307597704498685,0.5512102177557263,0.777818456368384,0.3551901767780261,0.4231279142779506,0.4851896783381873,0.4073068601598341,0.4137054971334074,0.7366090517996079,0.6662670931770223,0.8101982545901646,0.8049495957117854,0.7356361204451534,0.7372004120001485,0.7580960044256246,3.337665177632401,1.8521183544747815,4.770098794560827,4.9513794134652525,2.967485866907873,3.7162691277125215,3.889637016347419,25.255631119235858,23.31248293381228,28.25350539549085,29.836653904794566,20.525266167712644,25.493340210003304,24.21875204919931,-10.535998531671996,-10.354483610984834,-10.798489914305238,-10.514212481077688,-10.756858422673512,-10.489845944813542,-10.62640202535504,10.827044364168279,9.770175621951468,12.234043115526577,12.65020321586832,9.420757919635784,10.878698798288323,10.58014387987924,2.8721026418539086,3.3435847149691402,2.3595509479674024,2.4455286760791677,2.8929295878828802,2.8126504392863803,2.7356718326351848,1,7.941919661011148,0.44394585101311357
sub-006,AD,61,F,305,0.2094558723910658,0.23188383058384257,0.24938090863493345,0.25452422819478526,0.08944578906790786,0.160948877727844,0.14490967485969647,0.044468164623707764,0.04865481068328668,0.04937331887338745,0.056912447067101885,0.021362223104779466,0.03222751943226625,0.0341979663644824,0.5566693552375463,0.5251653685290819,0.4487139356065469,0.4293661734621992,0.805796183802618,0.709782558866759,0.6937717345910057,0.1146810806584059,0.09860114021578008,0.18467848438691825,0.153003238020752,0.06482026307220912,0.06411167826943066,0.08792917464657858,0.07472552708927406,0.09569484998800885,0.06785335249821393,0.10619391325516175,0.018575540952485457,0.032929365703699906,0.03919144953823672,-1.107977195567507,-1.0386168247425458,-0.9547775254610172,-0.8689809926875461,-1.582656998780977,-1.3465106995543235,-1.3386790220311207,-0.4465143673981619,-0.3518666117653711,-0.3343990006525764,-0.27274717047036745,-0.8965972948174143,-0.6183645649580188,-0.6722993121808054,0.7699381982640837,0.7850023892242145,0.8144586942609352,0.8403994989086687,0.6406314002938779,0.7034703815744887,0.71122015728874,10.749727788368086,10.804523591294805,10.71785279650046,10.54020736277004,11.038725072844601,10.591299890407328,10.693291952651013,27.251507990178585,30.302623150595043,27.2009905808367,32.8204112495046,17.00147846580437,20.88561881064312,21.79344934080252,-10.229194501837046,-10.184929230600286,-10.44913552905978,-10.349911604934878,-10.054780755149993,-10.074397824166528,-10.137258047667526,13.751055954060533,14.477325881627978,13.563489059212012,15.018936247180939,11.787267494540288,11.900383652886816,12.427405652750037,1.8136119629752046,1.9036166713754266,1.8008232156109705,1.9129361490569228,1.4809817264785987,1.8180755872022516,1.7043689380033844,1,11.313239091408084,1.8887283010514793
sub-007,AD,79,F,371,0.5632264389949163,0.6263582487924533,0.4799457679233359,0.5310016438193289,0.5443801554379069,0.5599051269975976,0.5305830908901323,0.24983085041751474,0.21390666235257538,0.2623494807604961,0.26729273565419104,0.2833914683404732,0.2715228657725404,0.2825732778304393,0.0767777926658277,0.055396837147554674,0.10512979552021078,0.08460771699131359,0.08677311880291087,0.07843029484161193,0.08680429940325185,0.05243651497420862,0.04581770367566883,0.07864994012592012,0.05333531267742159,0.04693946466599727,0.04273019684742167,0.04901192393015115,0.05772840294753269,0.05852054803174777,0.07392501567003751,0.06376259085774497,0.03851579275271261,0.047411515540828224,0.05102740794602562,0.5218836116567794,0.5823684804153515,0.40056116940609376,0.504293074093549,0.5147867581936216,0.5379965896990029,0.5146620957323073,0.8156936444597813,0.9315457550761072,0.6110744438333616,0.7695442970174012,0.7976993577552296,0.8364301831838585,0.7826448703753065,0.7535138482686259,0.7208633333237281,0.8064964357715079,0.7704381180116191,0.7537006638573129,0.7541880064524282,0.765657214108062,3.122087648998603,2.3874608228354512,4.038443206012258,3.5370072533709482,3.321771250889658,3.1893835934678822,3.4795148772270674,24.60195952113761,24.38340744681022,28.286586151546732,26.67828458813803,19.81950611822741,22.860981806034253,23.22302347268779,-10.371697518080953,-10.262080234004872,-10.517251516197385,-10.380285259139658,-10.436037132164413,-10.423342111929996,-10.422281178601802,9.98192060062127,9.767822996752809,11.29062187449418,10.561678077530795,8.786361452141255,9.402034072252482,9.678385700028148,3.080733120825761,3.2668398467162567,2.6071647304589534,2.9796038117869985,3.1897149992322125,3.1784979662270816,3.0763094083246267,1,6.690973488481706,0.35303356301277056
sub-008,AD,62,M,312,0.8583564112833886,0.8626295064632539,0.7720417778539327,0.8884514821152709,0.8694643277809263,0.8960205118879718,0.8859745091395717,0.0659187126922828,0.0642894232200396,0.09299408904550314,0.05788149458168774,0.05911316897156588,0.05729091311756898,0.057984249850675504,0.02828293260085456,0.024827202714634067,0.049490855824125546,0.018545967917782145,0.028746813480540968,0.027344210414335036,0.025701746752299647,0.02973349774103176,0.024699308816005024,0.06465612786528978,0.019737444495477947,0.03092190800862628,0.01317870488195419,0.021569240886848577,0.01770844568244231,0.023554558786067586,0.020817149411148667,0.015383610889781192,0.011753781758339986,0.00616565969817005,0.008770253370604452,0.39753782088184286,0.4391947503086665,0.2766000555530004,0.49189529743298055,0.3479716315305799,0.318779546805843,0.37271753590014695,1.243073195054028,1.2857181056295626,0.8837074819991927,1.3988345212864208,1.2078487442419956,1.3741786013751707,1.3211136491390323,0.5682716063204635,0.5762961117682595,0.63409643699233,0.5319453514586755,0.5633441283405465,0.5214923179388298,0.5383546034479008,1.2413139620403173,1.3084205318572797,1.3374398798964862,1.0984067378196627,1.2672799061259108,1.1091176232096154,1.1738248426691875,11.567929614339347,12.264773456364702,18.095345706421302,9.121830144102383,9.724343704724115,6.9954298340244545,8.034375732538452,-9.894645831665335,-9.72252774482371,-10.17829666746943,-9.890345925911351,-10.098483552257713,-9.77442611252427,-9.931922259245251,6.001849550601527,6.5593935573901465,7.355068336854764,5.395915176095518,5.423723284480528,4.099675495655014,4.702520209717117,4.859906822343627,4.666375604140488,3.5732983409456733,5.576844925010576,4.736373951177812,6.218601909566366,5.573308006266886,1,8.476980811222791,0.40016622262399615
sub-009,AD,77,F,295,0.22024216190880613,0.3141616371771588,0.1798302715319252,0.1791409061610798,0.1454082961222045,0.1465951442102486,0.15533414651377103,0.16538827515706234,0.18300804603389,0.18914165193978835,0.1598252166018908,0.13381089567076862,0.12658119825385988,0.14071435409003522,0.4128436566954732,0.33489399335818476,0.3783136070867397,0.3929145640786865,0.5460471356110861,0.5775155196492368,0.5315221793735904,0.13425892026018083,0.10992996629321376,0.18571400499113722,0.14968922914696217,0.1349615341687279,0.1103130934117473,0.12588018760659428,0.06726698597847752,0.058006357137552554,0.06700046445041008,0.11843008401138079,0.03977213842721256,0.03899504447490709,0.046549132416009054,-0.40265690187885783,-0.28990392285308325,-0.311280499499952,-0.3767509175357999,-0.6197219498398804,-0.6605713287820097,-0.5829425462544943,-0.16175130638610832,0.04934079744990917,-0.19581853381759737,-0.2089829925766984,-0.39024376242864856,-0.41227077221994546,-0.35275464876385687,0.8337873560485577,0.8157270264650084,0.8687217646748074,0.8729244253896066,0.8150553408360913,0.7944207807882084,0.8188080342017036,9.001228311973254,6.787826496582106,9.125612940584038,11.255516482627277,10.095074843999026,10.412211583579362,10.083447090440563,26.28889289672999,26.154521481731116,27.706071779151035,29.931072549902524,22.871301639097116,22.475452105698743,24.21159435527812,-10.339259125426485,-10.21449316218127,-10.546195153637818,-10.331887423706615,-10.44561855277165,-10.320740216889721,-10.375907146503788,13.065251794348717,12.01739472848988,13.526718438220705,15.368189822937754,12.470823011958894,12.326318675453324,12.684612304533372,1.981425203112808,2.1877084173525927,1.8612838944848005,1.8734733459618185,1.8434947910887522,1.8624452485536327,1.892257921090899,1,11.142253338846846,1.3116077483046986
sub-010,AD,69,M,632,0.34762212760389216,0.46553226805135167,0.33445922143708806,0.2270751706506987,0.32326098477789106,0.2323166234333787,0.25917942608396344,0.07452605451493362,0.07578539870449708,0.08602347770170926,0.07353784757086959,0.07200472417905866,0.05863062446323862,0.06485717124698051,0.2818964646403577,0.20842297027563833,0.20353212684205405,0.3676942296934955,0.2933806795711397,0.46777834911188265,0.3976813644653097,0.18623654081670055,0.14582221900957634,0.20395891489013931,0.2055524322457164,0.22427681770408223,0.20541090784237276,0.21246824991262583,0.10971881242411587,0.10443714395893659,0.172026259129009,0.1261403198392196,0.08707679376782836,0.0358634951491273,0.0658137882911205,-0.5604541343657826,-0.44455126808031037,-0.3742058852245472,-0.6919410153946293,-0.6144559238229856,-0.9015100938332907,-0.7809890827789824,-0.05263692665369691,0.18618324868326314,-0.01648695859924576,-0.28244973892565955,-0.13182121400883096,-0.3643304368381073,-0.2869924663819172,0.8350238233132924,0.7898172509931201,0.8764093795412838,0.8777751696061129,0.8542226216023031,0.8168676020727517,0.840124786063215,8.228821074454302,4.639746386241465,10.76760206263819,10.681047620307902,9.063447659233896,10.826018032046797,10.014560892123473,31.066997459268585,32.714313867675564,31.138234619315302,33.83790260094391,29.28621557441996,22.323896833696352,26.983921550419193,-10.730037430015507,-10.709646821458644,-10.846717709398051,-10.606760837127903,-10.876633825383509,-10.65304273361393,-10.736631887683217,14.81959648353702,13.958074209139395,16.60469086529986,16.414312017848257,14.391309042079932,12.610282964847595,13.827781647472083,1.9949409427154985,2.2278013383375006,1.8973722154489063,1.8237999735353323,1.9283979336474293,1.768379100900816,1.864654786085983,1,10.960292977375358,1.0790199210401923
sub-011,AD,71,M,311,0.2914204583738691,0.3938913084816323,0.2076920975501154,0.24968396494405504,0.22706915915601122,0.23836495991874299,0.22972575632557587,0.2800284677446241,0.22797599782325959,0.32412708840798926,0.3730380113704728,0.241439289189692,0.26792886205505273,0.29240773685732435,0.2849134467523462,0.20680731099677535,0.29105380338319087,0.2466183804070919,0.43661566832595167,0.39811118728067724,0.379432547257887,0.08211778856924455,0.08421046794769906,0.10316270881194035,0.07397955304905489,0.07118786905616296,0.07589738069061186,0.07179229823542767,0.06151983855991611,0.0871149147506338,0.07396430184676382,0.05668009022932512,0.023688014272181788,0.019697610054915965,0.026641661323785065,0.0025687972407878075,0.043766656949862766,0.0468927919855698,0.1824331581649511,-0.261509656733764,-0.1717207447446465,-0.116620104710402,0.20253997935912693,0.3356690504884496,0.12946354139712238,0.289471313993432,-0.03496189665830529,0.028593032107042612,0.0662000064485393,0.7908625211885075,0.7866977953379063,0.8319952085207252,0.795667952556792,0.765588922039516,0.772039566654205,0.7716055725127529,6.936800323358924,5.950694790566005,7.575331098267193,7.030393566288305,8.004389946592317,7.64180260506288,7.623042665754885,25.274770926440752,28.890174859065837,28.799435189624052,25.464224573321033,18.338467233671594,17.359409012871172,18.780092978635402,-10.290044979964184,-10.303505712130304,-10.649855878224189,-10.019779660789691,-10.396112210477986,-10.084645862571055,-10.194542744236474,11.517422886352247,12.2709129004261,12.766860016072995,11.481601679471073,9.81378635316122,9.633149356061532,9.923424481526649,2.343993465772216,2.496069049803997,2.1918627027421995,2.4322896613258163,2.1811680487980936,2.1075708005599925,2.239209372236509,1,10.204460609458163,1.1656334163795474
sub-012,AD,63,M,365,0.611621277868059,0.6169708771641895,0.6194664773638895,0.548311543272568,0.661252350231656,0.6333027417334425,0.6031905282269917,0.06746568611986573,0.07201142472127167,0.056815873030246065,0.08005195760379535,0.04961523164467657,0.06913345939429891,0.06734138214119745,0.1743429661886781,0.14283162555464504,0.1604069548734711,0.23350247457239887,0.1542330858461101,0.2173824791270148,0.2093111059635617,0.11033972086994774,0.11982291964515047,0.13201431576266934,0.09488443838398698,0.11550239928977346,0.06780318015983879,0.09994273688774492,0.03623034895344969,0.04836315291474341,0.031296378969724196,0.04324958616725108,0.01939693298778397,0.0123781395854057,0.020214246780504486,-0.40340273026860896,-0.29411934716486343,-0.4431828707165287,-0.4512052501930038,-0.49234066744703764,-0.4972124148434065,-0.4853292316114202,0.3966527475172982,0.4491080323364211,0.3764322859157612,0.30186363500944874,0.424232855499584,0.3915980060949437,0.344784988953968,0.609644216256724,0.6287763792921375,0.5918549524475,0.6363621610826895,0.5380879992219385,0.6232639772468602,0.605956425352275,1.4837081025859822,1.5687537252741386,0.8038257852723242,2.6425063661637136,0.654009761414182,1.1328228837501595,1.853807124100564,21.112117697380018,23.27163230967713,20.568528724802096,22.069367686394266,18.522326697078416,16.339386535630922,18.37812037241451,-10.268638483511145,-10.218421888154028,-10.448673150207794,-10.243722610247977,-10.320082301194297,-10.1470105872177,-10.29251457794546,8.88906631384558,9.69813757552014,8.661268656262225,9.62663936576938,7.446550083593252,7.087641625890521,7.900522894281096,2.946821003246565,2.9674216293457962,2.897129625173497,2.8728445865658494,3.0455328565194395,2.949140932460981,2.8853942331603326,1,8.479240247569232,1.0337703299502046
sub-013,AD,64,F,373,0.5108415013228199,0.5453240280445242,0.5102289432000272,0.4502290707585726,0.5270861538185608,0.4879293773659268,0.5044994930667749,0.25069344428088897,0.247887128974925,0.2410987997647048,0.25620451881813017,0.2805372320766411,0.21911968385792782,0.26384484029530453,0.11313673637456079,0.07631166835159113,0.13080292757629164,0.11583001099615929,0.11089168250150479,0.2135062192187454,0.1487206879467169,0.06517160915425664,0.06018489839988644,0.06937357814713782,0.08412855237100236,0.05290373349396793,0.05681007036217227,0.05422969326784772,0.060156708867474,0.07029227622907352,0.04849575131183923,0.09360784705613528,0.028581198109325467,0.02263464919522804,0.028705285423356118,0.37578475708947967,0.5122210108687005,0.2638015987610346,0.3632692193035198,0.41314487616575896,0.03522350331237489,0.27786968286985664,0.6496941587592258,0.7719040508713857,0.5819337607630292,0.5527992727367815,0.70628853160691,0.43249834613432303,0.6002134510595162,0.7724146727782544,0.7602719301756268,0.7768165308222198,0.8111396062567309,0.7541291691420812,0.7582898733188099,0.7572740751372704,3.552539037610501,3.0764526413057447,3.6186570981219877,4.28360201532571,3.4335858838583846,3.8359681091076796,3.6464791080189394,24.54890717513599,28.693417741338248,23.307126945374748,28.471649112120694,16.99847554444699,15.385954110134056,17.13467278648832,-10.48711684329648,-10.346710685510928,-10.800338958385503,-10.430562662532365,-10.67398049814983,-10.341518102160592,-10.507349198036028,10.486900253430061,11.08598383647699,9.941262540519764,12.385775266112741,8.393148039104917,8.551442578253628,8.612585742641715,2.854227047798813,2.8803835630370846,2.8719578372718604,2.576841314303374,3.1795353872741217,2.802892018033208,3.0308115776309807,1,11.344715454590629,0.7724871431749207
sub-014,AD,77,M,416,0.6501547979769399,0.6892667713737035,0.5755203059933093,0.5943193021482884,0.7049886182230897,0.6546348903517902,0.6596846762211597,0.14856514472203644,0.13282465589807566,0.17582671110402018,0.14440873842909563,0.1660391966553239,0.14486624071887427,0.15754561360907446,0.05368559199331744,0.04282319823335259,0.07060278755054882,0.061344532537169275,0.05096944709819017,0.05508451307233455,0.05572376046727504,0.06859368130169068,0.06293312961510689,0.09106131572116334,0.08478594263194801,0.04312512680351515,0.060522469662273586,0.05724005059949626,0.07900078400601561,0.07215224487976157,0.08698887963095801,0.11514148425349881,0.03487761121988048,0.08489188619472746,0.06980589910299448,0.44014888017698495,0.48028334233348186,0.3770375476343213,0.37146124362190136,0.5144892596146247,0.4202099653969492,0.4536322070419385,0.8333842691051747,0.9165228885967566,0.668555824577253,0.704784155537224,0.9704139618571531,0.8412974556844557,0.8665857765269361,0.7270246213174995,0.6990213772499898,0.7631429201349719,0.7729475738866755,0.6877630281126921,0.7379050119964325,0.7278916663606495,2.012720116886971,1.7738512261518729,2.4909917428760266,2.2779535503745167,1.7724259752390512,1.9613281409730179,2.0301628065885864,27.885566499298168,25.36932317772342,30.573954283633253,35.20754291415604,18.73682437045682,31.73899681185344,26.951063444862996,-10.319232316268245,-10.073630379400715,-10.823014992610055,-10.328863104536888,-10.476505666802845,-10.167993478452699,-10.34471334861611,11.02509604921813,10.348695135688788,11.85913781402632,13.470945121725205,8.1601196775719,11.54720301181371,10.51049495889803,3.0400854290496837,3.281176172218186,2.693037578676698,2.488130531110353,3.680766698677703,2.8597274949560383,3.122679819486183,0,,0.049300419462701583
sub-015,AD,61,M,427,0.24833178617507673,0.32602223667212665,0.2694314947030883,0.1694989144714786,0.19967808031325882,0.17541194884330785,0.17322547070528613,0.13318493661883482,0.13455244129045904,0.14040519870325097,0.1489713958142264,0.11698556131735231,0.1102944217029667,0.11704855273117933,0.46599856841666687,0.3598849571445069,0.4432343715058043,0.5180783999943401,0.5666942280213975,0.6163393506730784,0.6059522676172518,0.09100440462712733,0.09527142525761782,0.09673080882174488,0.09590704415888154,0.08278827928083898,0.06999913508440839,0.07301195748587803,0.061480304162294205,0.08426893963528984,0.050198126266111,0.06754424556107344,0.033853851067152045,0.027955143696239124,0.030761751460404607,-0.5304169434597077,-0.4202206463105632,-0.49601879382108427,-0.5229834720135653,-0.6870633039145361,-0.7475986101496899,-0.7144039553613485,-0.16744701701804066,0.006342844655609335,-0.1208920492535519,-0.28822970442472745,-0.31634022441737725,-0.38063879861017025,-0.3731238763918547,0.7882449061509901,0.7972330224280938,0.7948611091341219,0.7854571265128514,0.7789203055306695,0.7664246549131875,0.7583609733693575,8.29794616043642,7.317737018302005,8.417352262483044,8.758502587633433,9.287727730274282,9.143783795686124,9.12210568729876,24.44960038424214,26.929219004680146,24.602702078245674,25.004640206682648,21.221110059783978,19.273938513510018,20.01959676112231,-10.524739964152511,-10.479725445620632,-10.775769762669398,-10.445094779799096,-10.59527532618543,-10.359233406896216,-10.441584473844014,12.02772325577455,12.531182032022764,11.417685135294674,12.701865446957495,11.290095938014153,10.938831313900318,11.067107890388632,2.1274131023124836,2.2767937741520434,2.175769151729183,2.033932364762324,1.9665919941502608,1.9602398140926254,1.9853932755706498,1,9.001014778110413,1.4877136915663751
sub-016,AD,68,F,397,0.6436855193529801,0.6421810523742396,0.6036782027837336,0.6246745550190512,0.7274307578781021,0.6213661995126161,0.6675229145818076,0.20945947188611633,0.23145277249806756,0.23817126825844556,0.19044019154561082,0.14469466127398622,0.22460100178499937,0.18463724968228737,0.057259069315980085,0.04657875118911412,0.06193864830094986,0.07081351801344941,0.050149853853361355,0.07117574008154576,0.06389426957449826,0.045290821617442835,0.03550594227914811,0.05098833319380019,0.05786019053242759,0.042803011387361915,0.04958460945209023,0.04761189853514897,0.04430511782748061,0.044281481659430896,0.045223547463070446,0.05621154488946072,0.03492171560718822,0.033272449168748164,0.036333667626257574,0.53270934554319,0.6101139413680196,0.5761743966160499,0.43443704935817923,0.4597175639716111,0.5026279482743868,0.4643702170964704,0.9376583877401007,1.0477936420752616,0.8799342901356683,0.8068913162232974,0.9725177542364828,0.8480162372627194,0.8912928233665791,0.6837129107023223,0.6607700388305406,0.6950121943869562,0.7163803555732239,0.6585113141406723,0.7195315418272796,0.6892282910238153,2.134562766121828,2.3894446238043536,2.1926961292492577,2.066444211948835,1.490521221628101,2.25757564462842,1.8354643633450376,20.97622476803536,20.52446128449716,21.79774982985227,24.7747615798813,18.191055264445666,17.905789999386368,18.912654555136033,-10.667035718029172,-10.440770084104662,-10.894127167595764,-10.71131701534462,-10.876966407660257,-10.714869633337534,-10.800881457371702,8.460885876816716,8.379716345214238,8.508498562147395,9.45172642860469,7.551188904169401,8.056424564824407,7.959808108163445,3.5198157133854746,3.6621011057323183,3.3911098339253236,3.229223229856591,3.777873189210778,3.40897441268156,3.559649160438709,1,7.446425137869131,0.3101585309508348
sub-017,AD,61,F,372,0.6516445095617595,0.7079732410760229,0.5730927333007156,0.6673033376054339,0.6129898736694961,0.5989859114044491,0.6203234182219158,0.2102154341446977,0.19663051483095034,0.2296053050403755,0.20598781673688948,0.2232014464562656,0.21765406174756116,0.22092720205477337,0.07639311207308457,0.05168978572738686,0.07777073586086364,0.0622098262759798,0.10904136107443481,0.140182516693542,0.10919119175990587,0.038696218512610694,0.025563630977924662,0.08206945290514876,0.033456739251600275,0.03854074142204336,0.03031259745307653,0.03354006855907058,0.023050725707847712,0.018142827387715506,0.03746177289289606,0.031042280130096613,0.016226577377760044,0.012864912701371637,0.01601811940433444,0.46494581861654305,0.5619380832043925,0.4777426360643613,0.5388980705901475,0.310431208314868,0.1901450778926463,0.31863270796902476,0.9144523435696286,1.097706789557344,0.7242860688960278,0.9692376676975121,0.7594534438987709,0.6812388958735445,0.7815103555637363,0.6829885849949667,0.635453113672515,0.7445369796941516,0.6851138681605622,0.7102845979369788,0.7118455568305618,0.7025714217306218,2.080504354954165,1.8627442007450694,2.6355592122666853,1.7369746961582349,2.3146473108300216,2.345927492495292,2.1728937985722103,14.3428543307336,11.1886212054351,21.17552626598432,16.457756120622044,13.547731120307647,12.096543602264292,12.770995011126578,-10.169310887637428,-9.971353648883701,-10.39045785027425,-10.13196049907382,-10.409576031800777,-10.244743840202428,-10.301498275490369,7.275011807394688,6.413304702541278,9.101038695085414,7.764555751655089,7.102263020057083,6.831981635331148,6.966693497586333,3.7860976408172156,4.400680844492505,3.0309483690380343,3.789997097183754,3.3950677122117026,3.3465263157976666,3.527158647586866,1,10.193074384687925,0.5660492345131409
sub-018,AD,73,F,406,0.3035476800188826,0.327425364083355,0.2127445407709306,0.29151368380226017,0.3387847676163707,0.32739285570217025,0.31287780492724976,0.31465397816573637,0.2807813403592896,0.2711477461173148,0.3866419018385585,0.32372466708547004,0.34088567783568763,0.3590621161681494,0.19840204792285684,0.19073283074075056,0.22620092436055553,0.1834305961960178,0.1993295557171663,0.21209763516589455,0.20167823651267108,0.12787350810869116,0.13023687546662274,0.237262460238489,0.08055847675688067,0.10833045853654,0.07946293122308154,0.09005169546031692,0.05552278578383302,0.07082358934998226,0.052644328512709976,0.05785534140628302,0.029830551044452442,0.0401609000731661,0.03633014693161248,0.20794144533846065,0.17155826125724502,0.08878689119926869,0.35890247225890687,0.2107475671275155,0.20788318430702868,0.25602118668376384,0.2902545183892259,0.285361449456576,0.019075067513009778,0.4334059012834507,0.3347507197609696,0.3611023681217598,0.3686675856376822,0.8386417308079848,0.8496085052486197,0.8839043770522176,0.8129423871046639,0.8191052736418497,0.8130674240552576,0.8124969295292795,6.4084329675122005,6.118834445021212,8.047200842944546,6.327467880796193,5.873938009117772,5.9275485941058115,6.021163435840032,25.155713699694065,27.494717006629962,25.048142183141362,25.61205015898925,21.092396604848275,22.312862123925736,21.895515354831126,-10.113339197706122,-10.092243118306913,-10.18952917385983,-10.044206897726184,-10.167462356152338,-10.129970373663355,-10.120598182081183,11.598542741602051,12.356224875303141,12.849819586215254,11.295106489949173,9.871937584054571,10.266520246355405,10.155254890301645,2.273965536410993,2.228870182586403,1.8476101909004956,2.529857534591368,2.280403022942559,2.5498920669047056,2.4344572241010627,1,8.002637147036555,0.6713060452358164
sub-019,AD,62,F,428,0.42215305538967607,0.48562858262598985,0.360914973503347,0.35486538644296634,0.43023720516722946,0.4142949461191604,0.42684122163536503,0.05851654601745176,0.05479738328278545,0.06103501720411995,0.05525837522043286,0.0630638079501059,0.06745135750383809,0.0651681508698198,0.19234169261947032,0.12639126943526463,0.16196989764414524,0.18256721750133623,0.278962800187147,0.35834315511193066,0.28843668740087397,0.15133390245838063,0.13537756816885307,0.17279585895156413,0.19871668576700707,0.13466588633525015,0.10522459529939493,0.1319513171076045,0.17565480351502147,0.19780519648710745,0.24328425269682366,0.20859233506825764,0.09307030036026727,0.054685945965676254,0.08760262298633673,-0.4948059550329915,-0.3748316782888662,-0.4271538836299266,-0.5291170259501466,-0.6435722460963643,-0.7244224523126574,-0.6394499615784134,0.13292165598763567,0.2918466954229588,0.08617750908360074,-0.010136655745977923,0.07728477872625004,0.01637217767936288,0.06959422872860024,0.8199527498356314,0.7954289538225646,0.8823095835955357,0.8642326790844443,0.7945576785763766,0.761783533632765,0.7915430001610911,8.369234719298094,7.805282625984176,9.918071714607114,10.612016099274355,6.355071436025876,6.555493717889092,6.381556988338258,34.08382261009864,34.792569028004486,37.92601353455432,37.0808573733061,30.509280147796375,25.20766792778319,29.864215245028447,-10.66027128767222,-10.519045184569979,-10.932122118521306,-10.609275535038945,-10.875790501679084,-10.52549908651272,-10.728467172033968,16.154846617067097,16.35849272028149,18.913241519001236,18.25410325312602,13.282458096600974,11.414562411496814,13.098791857054016,2.074713533511283,2.229100084926081,1.8005342719679103,1.8612697110997405,2.1542794355369574,2.253168287659123,2.1657667440813477,1,10.46092964037428,1.0018963438070898
sub-020,AD,71,M,407,0.624400365627128,0.7065805713308967,0.5938733111991944,0.5029060683853445,0.6823039908225463,0.5386933839962773,0.5810859654610344,0.1434328236506363,0.10537339231928897,0.1433009575085231,0.19096161303511414,0.14691098335985778,0.1765638141907341,0.16888565765771585,0.09363920735971319,0.06551183534137348,0.08115006226643216,0.12479928719869979,0.08524441683257533,0.16109075317655724,0.12868717588611514,0.06655762314697272,0.05476556657481028,0.07907829513304492,0.0872815874205021,0.04723770448745024,0.07658076261265798,0.06980120371248054,0.07196998021554968,0.0677686344336304,0.10259737389280534,0.09405144396033938,0.03830290449757042,0.047071286023773196,0.051539997282653904,0.2062841348846894,0.22203232748436483,0.2528437937293692,0.20454444104002492,0.2363740231167931,0.03967052785997931,0.13700909307218223,0.7044962345516723,0.8474413928156503,0.6638049757406599,0.527101650569713,0.7988265914060365,0.4785187015266411,0.5976598614763693,0.6648987021999437,0.6153877607734091,0.6653099640198111,0.7650254631707272,0.6010556861539523,0.7330811065904322,0.6890832430712786,1.5121187183782394,0.9187160249019929,1.0104144284002907,2.967277097402529,0.8087925874501081,2.486257018855646,2.057896330937213,26.422525238629706,26.104604611850483,30.15091497797783,32.62444601048373,17.847497260885046,22.401363246243765,22.66081873774147,-10.518704198723828,-10.296452242668181,-10.773659453088703,-10.537278513728834,-10.739984441994897,-10.545084168454647,-10.650819582614186,10.44834219675298,9.927783985739923,11.74092342343186,12.561190289083488,7.979634630317752,9.808789260272185,9.59087432465314,3.090757956250877,3.2969597626449634,2.7401442946004635,2.5749039214871177,3.744862199155062,2.945523831518437,3.195479103870439,1,11.88658756803859,0.441385051276562
sub-021,AD,79,M,431,0.36345650036415933,0.451311740124075,0.31117531815407834,0.2992803182331717,0.3501505366491568,0.2826962443540545,0.28747050386530415,0.12292073618010224,0.12371129818816397,0.1265995527922261,0.12308353460457232,0.12432608270376617,0.11220192759926445,0.11962299983412887,0.15334070602002248,0.11526233530517124,0.1567245403021117,0.20787365632588542,0.17379781008760495,0.14178769538576855,0.1784211701395184,0.14989306441063138,0.12284143477039815,0.17905749839107818,0.15016158236433808,0.1785890956413031,0.15724603442735613,0.17295781039127575,0.21038899302508474,0.1868731916121918,0.22644309036050558,0.21960090847203256,0.17313647491816916,0.3060680982335565,0.24152751576977297,-0.09087245469973526,0.01716527776373852,-0.09876150447342358,-0.22666169922031426,-0.14554655853353293,-0.10358129886950644,-0.16888668604988505,0.20847675283598543,0.3920504633676679,0.1143437619890269,0.06145566686830799,0.12827503334480453,0.12151300341766104,0.06061410743396782,0.8729909237892312,0.8234515361726806,0.9108216025958118,0.8992448762313796,0.8845530622698073,0.9197816496321249,0.9118574137661929,7.457782253063418,5.390101046935976,8.894718305088379,8.79892590378265,7.366603619849946,9.993743044853758,9.116892292674967,37.238212134278996,36.31083190446371,37.14563116022226,38.329701364072534,35.8268272859651,40.557013212601355,38.40728573375829,-10.531659455663881,-10.317938007674782,-10.826747192520015,-10.489668054814413,-10.831879114105526,-10.470706232378014,-10.642549906893873,17.32929356093923,16.13474402983246,18.076541276947253,18.05176509371928,16.146839541019173,20.718083310120864,18.635958502557532,1.9125910662002332,2.1121340784055507,1.7362113146070997,1.8326254453939432,1.9118739138684953,1.6397671209815061,1.7541738251582781,1,8.636659249211332,0.4545038954157121
sub-022,AD,68,F,323,0.5913641579127858,0.6003093022728071,0.4796299226953484,0.6473579101030238,0.5952818911120843,0.6097934012994455,0.5976169686882169,0.16719243992283012,0.1309528791503538,0.2082074544126439,0.15745026914945692,0.21305444955183162,0.18319970799502072,0.19506168355757117,0.10078915575228287,0.06984154933396765,0.12959618587154584,0.1120530967634979,0.10359009908216776,0.13916593602023436,0.1296264478408072,0.07173528198567374,0.08551668549076887,0.10779652952570044,0.04554057942989295,0.056421420547292434,0.04476869567693421,0.04973803354485702,0.0689189644264274,0.1133795837521028,0.07476990749476163,0.037598144554128396,0.03165213970662434,0.02307225900836482,0.027956866368547835,0.2456728978101449,0.292108979801804,0.21293324898561491,0.1978169269794691,0.3135045107474359,0.12622060633154808,0.19297941313160033,0.6592222205352986,0.6854945344715777,0.46546251199640926,0.735536608175725,0.7046297499494014,0.6371686151646492,0.6534862959041468,0.7210445412296679,0.7426069154124117,0.7960815848965191,0.6586609909320995,0.7121065867874713,0.6711946983482181,0.6901341905541631,2.1819603022584912,2.1492162376598523,3.7715270910235827,1.5022120061708764,2.022261785332289,1.5112587127706243,1.8519433830038297,25.074330942326473,31.79815798981573,28.879691424107644,19.81871389527764,19.070958727750533,15.34918796940389,17.331132946103335,-10.18274260939579,-10.21242209867613,-10.214959006291862,-10.015849405010211,-10.338173186660455,-10.131180344444658,-10.186819397210666,10.48724526195303,12.954294202345062,11.800486355303859,8.471147801270167,8.228561612770099,7.302932725694811,7.857175927959867,2.9738615206842693,2.6575400895213903,2.442275683692127,3.445917812874418,3.283772011870876,3.4693869640823527,3.3621465415809095,1,8.997227503491876,0.6921791963376318
sub-023,AD,60,M,353,0.2926618294585243,0.3672313919406625,0.20887518376938874,0.20475106961456288,0.2450839786434538,0.40453662521527206,0.27565275878689893,0.23963031028376458,0.2294068855799904,0.27590364418237495,0.20943041717954863,0.29778499221567206,0.19417005920962904,0.24972226380243473,0.226599917452069,0.15878976467348466,0.23346187767045143,0.27011825930590627,0.2781972045285787,0.2892098975271016,0.3141648114190808,0.13420802987048505,0.1279980070996666,0.18648086925273422,0.1380387409234294,0.12930785082900928,0.07722269695130066,0.10916951681053508,0.10689991293515722,0.11657395070619585,0.09527842512505098,0.1776615129765528,0.04962597378328609,0.03486072109669705,0.051290649181050404,0.03144196219404075,0.13651665851293343,0.05836290518504941,-0.0645589816219471,0.0238393281740595,-0.17329505074664897,-0.10381593211276807,0.17583505727007398,0.3286426621156763,0.05856155428597986,0.01607807345115355,0.12465030337352606,0.2132097932692699,0.09342234494605668,0.8492390079997613,0.834333795814132,0.8825501466267672,0.8973700767643379,0.8427596365624067,0.7648974623358342,0.8217231773600405,7.02241502401763,5.410548909028951,8.052834339824253,9.842694593734807,7.283259415829417,5.086491725616056,6.988887246428739,30.638058850745576,33.29414718475603,31.606520867592213,35.51578939627471,24.375463074710115,19.527489229433876,24.56790957672181,-10.462288331503167,-10.381775707958534,-10.714027171112042,-10.397926198313822,-10.604256531096453,-10.28224622148484,-10.457714926961216,13.979961938909756,14.28812503688331,14.202323926742897,17.100321157351328,11.701295020297332,9.74513005528808,11.518128720471452,2.2019707065936878,2.2712102780784478,2.0457736771338753,1.9216171059273743,2.2637320291366407,2.661992968104945,2.356570765053434,1,9.158569880986832,0.9216656052013086
sub-024,AD,69,F,369,0.4586358719892907,0.5026405568963793,0.3829603557722127,0.40788406313197545,0.48141090311103163,0.4854738201721158,0.44367029811551245,0.3499082973119358,0.33168874755485006,0.3744248328594109,0.3922213452864899,0.3433077581562496,0.30217663092494473,0.35463404888829964,0.11486972384457782,0.09983556014289674,0.13402018927415718,0.11988060771335662,0.11794313112749633,0.1241317199941572,0.12509083333167656,0.05569363184378587,0.04589253089735049,0.0887681273845836,0.05608769147215825,0.04557922917448757,0.05476922659231574,0.053589516362093914,0.020892475010409986,0.019942604508523344,0.01982649470963586,0.02392629239601994,0.011758978430735251,0.033448602316466625,0.023015303302417665,0.48676885228922767,0.5234377687708589,0.44345933169386215,0.5184994173989208,0.4681926854030776,0.38779504560640565,0.4523156451331904,0.6887858227880911,0.7731862980593008,0.5335885003291129,0.6628004449489701,0.7106525962477677,0.6453507385160522,0.6558887914809636,0.7595892530331432,0.7382701113691967,0.7940583007924022,0.7711029900063812,0.7490743681133744,0.7752475306512436,0.7686424136012032,4.140600516680779,3.4795021326668443,5.065509788385307,4.837708089621484,3.990629185961959,3.897822803369574,4.405656687844605,15.837036996606221,15.006927617128985,17.54723628398993,16.395656700664205,13.466724695452184,18.61534993731606,16.278444005094272,-10.245297851398036,-10.101484168701598,-10.515722581166486,-10.211295900551347,-10.326899960412952,-10.2886093843539,-10.302367154314371,8.092449026307412,7.648991639947534,8.724160268633389,8.56160347035603,7.178830898240374,9.129101319081343,8.33934494973286,2.9546764746795993,3.1933480477957334,2.5290375561470095,2.8877866901291656,2.856999853827915,3.0380788469504063,2.87481196544464,1,7.365441753978332,0.6850797857239108
sub-025,AD,79,F,302,0.2102087332223264,0.27400717166713134,0.1736267965607791,0.20654140828025325,0.1615361056667222,0.12213069487538264,0.14451303991828265,0.053399739764122836,0.04344789511497278,0.08424815392456379,0.06005690595823406,0.047305432131420605,0.037785703856317465,0.05106067194989493,0.511901771685583,0.45723027462111726,0.47967163693941367,0.39108143172802534,0.6540102724435267,0.7800751423086666,0.685642192602801,0.10368798825708342,0.08932617226412738,0.14486380007932306,0.1329653137168686,0.09672754862873674,0.04407663502201972,0.07807698075463997,0.12080176707088428,0.135988486332651,0.11758961249592013,0.20935494031661853,0.040420641129593836,0.015931823937614085,0.04070711477438157,-0.9574408012609756,-1.006297511845427,-0.7541576094356371,-0.7079128257261365,-1.1410932027971878,-1.3149444507187642,-1.1388475352834901,-0.36616928346728317,-0.23079148094690724,-0.38261808954275134,-0.274619195145881,-0.5562417660263312,-0.7133098359796282,-0.5946564183692501,0.730729333102865,0.7262617799064605,0.8036447996527638,0.802344173445081,0.6774100598184774,0.573741798707582,0.6547660868200447,9.89283477971237,9.827666832337233,9.125011400345453,11.578548512485648,9.127013800633867,9.049961667646924,9.083088971497897,28.68314005922302,30.053600192267226,32.84932459982431,34.64980644397685,22.284685049396217,15.301602527898915,21.708713346194635,-10.297338015880678,-10.169769552254346,-10.776605062999352,-10.204904349782431,-10.513171021195307,-9.88604489211939,-10.218329163774788,14.437178648883652,14.484292418693965,15.306634264095388,17.973538873509447,11.706668467767651,9.991141854152362,11.582544944346669,1.9905306831257907,2.114877598274695,1.9364771642812622,1.8227393262273188,2.0395683234261646,1.8984230117178047,2.0152001002662785,1,9.348654867583535,2.080205980959235
sub-026,AD,61,F,240,0.41617784940160146,0.45788236639886215,0.24145929408929337,0.38792751582459767,0.4962768858715651,0.4686419853287131,0.45893274161426767,0.2331624281620997,0.21634753701940093,0.19569423789247142,0.24872511731345298,0.2863268722356585,0.23734478815294296,0.27664741322679814,0.09099533034973958,0.06591230482327987,0.12310427466738773,0.09803369344116711,0.10524349255402406,0.09517353372659443,0.10196142609069204,0.0979360030814205,0.0908316240945896,0.1602641316456788,0.10057053951015639,0.057600847595240194,0.0845427970607398,0.07294138192032715,0.16172838900513864,0.16902616766386713,0.2794780617051685,0.16474313391062598,0.054551901743512016,0.1142968957310094,0.08951703714791485,0.41056301526616856,0.5065310586518387,0.19528816091622433,0.39346565295970426,0.43168598454620316,0.4000974156341167,0.43040610822601494,0.5385784489628266,0.6396726566097015,0.16665480659718854,0.503603340017592,0.6817495442702253,0.5978277606765927,0.6253633955996093,0.839005761750558,0.8211707479755361,0.9292498095089057,0.8647063815407393,0.7800509982166517,0.8030931440461091,0.8054937465429317,5.798049598170153,4.447520597326139,13.01450230330058,5.362157989494523,3.647316584488289,3.798104781302624,4.0309109847180356,34.42453352134382,35.318452292575934,36.556299564067466,37.70482162249335,25.494927894979863,34.932000995192844,31.15291820631797,-10.278156766292593,-10.064593542573087,-10.507208721120533,-10.370598092170201,-10.527499108513778,-10.123153951981955,-10.36782566638372,15.445283643105025,15.752493990254717,20.18604393553756,16.12532485890422,10.47067995371337,13.360730091921402,12.37231542753501,2.3097613737700082,2.3162621112334394,1.7734301591902735,2.137278781486928,2.9444899055750793,2.4843780013761587,2.6353502466914596,1,6.14219892681072,0.2832638103349776
sub-027,AD,67,F,316,0.5683951715004408,0.5908723015340159,0.5112083069068609,0.5078629315598582,0.6339911604311835,0.5981760097583483,0.5970132164508941,0.2848829876514985,0.3059353194355353,0.2603854919694864,0.2446140506614647,0.2954320109414119,0.31266040897558567,0.30138409271678696,0.03714206823944358,0.02871562207341416,0.04223710505460448,0.04270151582565144,0.032737345507583684,0.05448026352317935,0.042589817183429246,0.04612044293082096,0.032034563419776244,0.08608195781164535,0.07045482177962509,0.021455537060674282,0.023807350005852698,0.02876944365852958,0.06345932967779616,0.042442193537258144,0.10008713825740241,0.13436668017340064,0.016383946059146778,0.010875967737034881,0.030243429990360497,0.8862325708775275,1.0115057539929198,0.7846505552973584,0.7457892271978563,0.9648575028601044,0.7630987427293849,0.8645143988038522,1.0486156065709373,1.196935768353677,0.7792810870348758,0.8334912272463173,1.2443683437422717,1.0701164725276802,1.1180850241237887,0.7318236009462245,0.7014739459703893,0.7947556561039599,0.794193981058707,0.6842659026085526,0.6902450979065873,0.704559297238142,3.251945325811319,3.027421152734596,3.7476213491623263,3.80395601937703,2.7734765597234436,2.9079476585537325,2.995411549935288,21.647029701177523,20.053925713743038,30.837978452225446,31.586475505494942,10.206399747648282,10.718523852285376,14.764670133105708,-9.85382657106086,-9.665576352708005,-10.0563074586803,-9.932997819627909,-9.97597490103468,-9.867416011771859,-9.949737577378361,9.629762291061379,8.503233993846383,12.458590455109421,13.775414880797415,6.332151287644808,5.984480410894584,7.492570534261363,3.3361881475779627,3.5849133584572774,2.534888968660374,2.6334893946422744,4.110066655986665,3.9121784211350716,3.7703864167052585,0,,0.12220147453538566
sub-028,AD,49,M,389,0.42010197837714675,0.481116672602989,0.34672733846506104,0.3881023652497917,0.4071952393444758,0.39997184325854407,0.3854522684441829,0.3791584654804069,0.3438799210984759,0.4198024080186728,0.40682556338062387,0.40242228115773204,0.3514375376933446,0.39648492503711197,0.109568532151905,0.08951663314954918,0.12678081037764452,0.11643798607744046,0.1167812606129206,0.1293737607789467,0.12353215188695872,0.06350117892750409,0.05567808954082128,0.08564932220306691,0.061221462563739226,0.05682203113510468,0.07223793128367853,0.06485500743398087,0.027669845063037175,0.029808683608164716,0.02104012093555462,0.027412622728404615,0.016779187749766392,0.046978926985485905,0.02967564719776494,0.5436002397826707,0.5846143277112249,0.5173543114381367,0.5455883371140371,0.5422403472864183,0.43748346863117904,0.5090763614202157,0.6755310492663534,0.7632904585231514,0.563440278281563,0.655902988041587,0.6764375625720919,0.5744056258356725,0.6238311983093847,0.7687607705179489,0.7483899366291938,0.7898837446518391,0.7750215077113913,0.7644647075924563,0.8022968479291102,0.7831081030270978,4.514396331365583,3.7927704489726954,5.147737115821138,4.921562208940877,4.757365303547758,4.911290529633501,4.984564820349099,17.980719270044034,17.918055438464837,17.414226093061274,17.648143154991704,15.362527496041897,23.642222337153253,18.814156531068388,-10.43020320577419,-10.28197392459428,-10.65036073981101,-10.4098020452325,-10.513317399055708,-10.534900420009732,-10.510607873722497,8.716124230925663,8.487351090820521,8.761194365759499,8.877229827578198,7.862991478118651,10.40671295494834,9.038761779420266,2.899366963304854,3.131444991857412,2.591586548597686,2.880985457056548,2.782992363494357,2.7600893976440153,2.765239202231403,1,6.983716436619123,0.6359026013383584
sub-029,AD,53,F,305,0.5932886271485431,0.7128247749039229,0.46079084294961364,0.5365317025277797,0.5452375946481892,0.5592491842951661,0.5410454440180418,0.27020808731665175,0.18422734191793708,0.3189780823035724,0.3412869330092595,0.3270880356762563,0.2705080898071494,0.322054955912408,0.06393364700798987,0.04086212830844931,0.09754435981960968,0.055793864812615605,0.076771020444089,0.0912913974755519,0.07730367131389541,0.04343138717825087,0.032505027328098665,0.08509461682811985,0.03547793589360431,0.03488248738730877,0.047909054434686356,0.037724383060701416,0.029138251348564525,0.029580727541592005,0.03759209809908443,0.0309095637567414,0.016020861844156627,0.031042273987446658,0.02187154569495373,0.6409892730395425,0.6516953337656215,0.5328382982555474,0.7920010139509972,0.6356656169294096,0.4717065250165488,0.6239848027395303,0.9557831495545007,1.145511380998568,0.6513612023877373,0.9848417912632055,0.8990392188627222,0.7753658728706696,0.8828877762755034,0.6708138556462057,0.5788807675533519,0.7688319883021019,0.6981731637777173,0.7116166889108911,0.7296295988272972,0.7166385996843524,2.5118049726934575,1.3570052382016602,4.074895998234266,2.8337893420106997,3.0014227741467177,2.830572064289158,3.0753671343594027,16.129115325114324,14.5135903000517,21.265313024927334,16.616871392742123,12.735497711213357,18.194070648709854,14.448233215752419,-10.082227761785752,-9.80430528413369,-10.435565062466221,-10.126774548841077,-10.277125807917416,-10.143509839239126,-10.212628199189835,7.699122075443234,6.933462722094957,9.246561016718507,8.068990026566093,6.948674878386104,8.443706293589251,7.503486542334848,3.7856848821693503,4.650442421678376,2.8392561492007,3.5059983905589505,3.423704414678452,3.2810202777978823,3.408384930073218,1,6.191279420481071,0.5952500681082711
sub-030,AD,56,F,151,0.6963699117475168,0.6870031765590091,0.6815918430250116,0.7473465790684051,0.7127913679772783,0.6247350690046332,0.6936226843072725,0.1768717465522789,0.19072695644479842,0.2196197610834492,0.15097873859810645,0.173443136092571,0.121185421729612,0.1517480477552527,0.04903901004016645,0.03774478878598928,0.05917930951033643,0.050809583627938096,0.059335149393004806,0.05437297901973067,0.057194207001643335,0.0337733491236895,0.038194561798218965,0.024960708614093035,0.023310010627037237,0.026984697634887016,0.06262771975373926,0.03713916695077384,0.04394598253634847,0.046330516411984636,0.014648377767109663,0.027555088078513354,0.027445648902258726,0.13707881049228493,0.06029589398505766,0.5567952389392118,0.7054724514248462,0.5630146157924644,0.4773629497891055,0.458697063746337,0.33310777104913836,0.4113209691157655,1.0339376013739892,1.0711873799081828,1.0325465609900946,1.0968515747515755,1.014819947157485,0.8084984716497348,0.9605753750908638,0.6817780618411363,0.6933618322779077,0.6724775114154822,0.6453480570542394,0.6685679487727875,0.7478608701272353,0.6883095995695909,1.8253275162780171,1.9785074234384694,1.9038345816762814,1.5839521317254301,1.709079506598793,1.8285600267430455,1.7096119598342312,18.848771582536006,21.25258895327483,11.009701861266235,15.113535794059366,15.240992608577498,35.076155404745855,21.472153160527203,-9.667011885925827,-9.564089773151474,-9.798027233408172,-9.567950642613336,-9.908358754910674,-9.66681844256026,-9.771887300064606,8.44955883375,9.011909935092758,6.3529939701478115,7.15529224700834,7.406261900225851,13.779655848223197,9.306745962473874,3.700188437997923,3.574707111408583,3.955484108728372,4.163017437809826,3.8987098167661096,2.5329895071888595,3.5336479160952594,1,7.505667231883165,0.4455581989799242
sub-031,AD,67,F,512,0.2969879155372194,0.38726011770784247,0.2379329913819833,0.2465023467843841,0.24319983206361653,0.25127085688896744,0.22516581648431067,0.15512256604614305,0.1519116419073832,0.15360374812337274,0.1759223810342014,0.16225206449760252,0.11634514976265214,0.14297730246932755,0.40672976160110624,0.3297270291851356,0.4022276342969686,0.4348207939539852,0.46533551485558333,0.5389018214257363,0.5219558873041307,0.0893386440174814,0.07917958165867324,0.1181646528354789,0.08532556215103276,0.0985925023195393,0.07580172532612414,0.0831792913730287,0.05182111279804975,0.05192162954096524,0.08807097336219678,0.05742891607639637,0.030620086263657902,0.017680446596519572,0.026721702369202145,-0.4048277472760494,-0.3258158489670097,-0.40807792532182446,-0.3666725017435839,-0.4574181303671447,-0.6739190407173137,-0.5663706741117057,-0.03742234194822874,0.12617061247561048,-0.12088781067390132,-0.08800986128883964,-0.1440220162399064,-0.22372492922441878,-0.21786572352512157,0.7848370554580404,0.7712641452140028,0.8332688231675327,0.782885723545655,0.8107609363168767,0.7247114322844499,0.7609188792075141,7.414093310751578,5.843196188625067,8.535197179904552,7.8712696449684465,8.633388575419552,8.487281869029196,8.56539682803584,24.159358856580447,24.756588622872677,30.63764609915144,24.855691331792507,20.679285332102324,16.17906914699426,18.81139709345749,-10.602653736501862,-10.584796295346365,-10.827972816078734,-10.571298244261405,-10.697631489502434,-10.247420516160862,-10.4797525108448,11.394456437006468,10.996352611594451,13.58636887060482,11.82054055008101,10.867697113544438,9.43792193459496,10.339892519399342,2.249939458962365,2.500404571928507,2.03361299245029,2.224937103482205,2.0092550645708687,2.108832565896539,2.091697576321868,1,8.827226114400021,1.5533809140126476
sub-032,AD,59,F,401,0.3498626628324954,0.4548367313321974,0.2585017330511819,0.3003091806237605,0.29815661332302884,0.2961608564371776,0.29170452457128127,0.3145053187678878,0.2895916780178463,0.32703105666859233,0.3542949221775285,0.29880173150820516,0.32689062861221874,0.3225222385895205,0.1824835838049367,0.12771242379924005,0.19769257371754398,0.20398414260522954,0.2278814737892015,0.24027120637898136,0.229449707744748,0.11660229148686788,0.08619051159341673,0.1778629508002163,0.10586590321002155,0.14360829613861417,0.11211630171999737,0.12633113352662548,0.03654614310781233,0.041668655257299445,0.03891168576246513,0.035545851383460274,0.03155188524095063,0.024561006851624975,0.029992395567825215,0.2463620885070018,0.34494794097642795,0.21869350202518634,0.24394049930735867,0.11917766650492288,0.13843429598913837,0.1504969672279254,0.36284175666303503,0.5541704859793254,0.19493154528281612,0.32718505528530517,0.20707525199828625,0.2500196808789309,0.23915551165156904,0.8081558621936378,0.762713894188286,0.8520205808515939,0.8224644527485905,0.8399059326039926,0.8251633854999973,0.8325905432755827,5.580924916664759,3.9039014970507453,6.840693011916021,6.32203387703968,6.628702923670702,6.506969811178161,6.569722880492273,21.16965827454696,21.061204074168995,23.192415402965675,21.077089618946633,21.570311378345863,18.099269938744087,20.332199239757667,-10.326145349128977,-10.153271418490307,-10.550747996719405,-10.358187861980232,-10.506853703609265,-10.259152577555726,-10.379835131509916,10.166813021019614,9.599414609197995,11.180465045673062,10.287237810647964,10.534450442161596,9.839923714445447,10.278604887520308,2.4099511818481205,2.734854616340619,2.026054512711654,2.4019768377843946,2.151330695245943,2.25251358285979,2.224338023489384,1,6.958454677095296,0.6176301247019325
sub-033,AD,72,F,342,0.27924637161559407,0.3349179575363784,0.23065076669632578,0.20257198767555698,0.2649588736807017,0.3320692430541641,0.2645840299772802,0.11607234855224183,0.11846014671985648,0.12838561540982033,0.11750986028067952,0.09498036473159231,0.11800810695332165,0.10694595545496895,0.22757804396824252,0.1492348616220658,0.21659468893561148,0.3556692820948033,0.24659062817928457,0.23355286215912258,0.2702216672287013,0.1999759305908223,0.1765238113306539,0.2732353482270922,0.18060495967138995,0.22821794948239324,0.168548135048515,0.20105354787617216,0.1771273052730992,0.22086322279104528,0.15113358073115005,0.14364391027757015,0.16525218392602814,0.14782165278487625,0.15719479946287726,-0.2786103802139506,-0.11965014019939642,-0.24230392561536665,-0.47970544156114514,-0.4069409666048471,-0.29474489988203245,-0.39469108046019663,-0.0328690684571315,0.13633091802326922,-0.1362754674070605,-0.22482856297450424,-0.12389872125645389,0.05050404552008848,-0.10622349430016086,0.8934239725604769,0.8740613404217071,0.9286076813717244,0.9026352937789037,0.9026856357428684,0.87610248461886,0.8973809512177073,9.613772735440094,8.815980143881834,10.726194810388288,10.145773659685618,10.244052480652051,8.727992227162726,9.886317854202442,33.86914257392641,33.263291599760905,33.78386555455909,35.254947917934636,33.62905986728182,33.706049884507124,34.07943399328329,-10.393419555526973,-10.27786546614133,-10.589619417869796,-10.322652300873676,-10.549262436594,-10.411329262568547,-10.467515193300098,16.461296615606987,16.80835149948832,16.67946014325496,16.279674056340212,16.40114030706324,15.372838811899523,16.164973870776016,1.7823581758849827,1.7830664908088987,1.6862156287844037,1.8233567101846455,1.73853911844107,1.90782441186869,1.796697171942457,1,11.4772352618851,0.5987408098756273
sub-034,AD,75,F,428,0.5005386999426923,0.5894289161191583,0.39097510127474616,0.4164507637849544,0.5178537650301044,0.49597161601133866,0.4768136625179641,0.23152110926593614,0.2079029817812305,0.23014144663046313,0.30087017590669285,0.19932145452954808,0.22585539823868372,0.23341718799186648,0.09865254942095286,0.0722520845012772,0.11279947735902303,0.11303356133831094,0.10005574919066358,0.1389669612434301,0.12246663877172219,0.11635296908838873,0.08092178193550056,0.18486245431731851,0.11047768778236297,0.14165330779169336,0.11139795083719731,0.1304143270812322,0.052934672282029964,0.049494235662833584,0.08122152041844947,0.05916781118767867,0.041115723457990055,0.027808073669350432,0.03688818363721474,0.3919238087754177,0.4904105166469119,0.3036646488508555,0.44038922878058556,0.30640934653436513,0.21094992446327465,0.2832572425011946,0.57364697395823,0.7848363159284643,0.3248501852404417,0.5166396055350782,0.48153437974997476,0.4598630882977778,0.4528908407808228,0.7744272310540244,0.7244183547326928,0.8418104661653816,0.8069938734228495,0.7778582254471974,0.7781036691842389,0.7880375583612477,3.8590364839680347,2.860023248829172,5.451442613993611,5.051953283436857,3.1985100993906115,3.5719295898441743,3.950961691238216,24.06510127684561,22.506581580213634,28.551882325999944,25.685108626785883,23.426983090474153,20.506911221002678,22.415407855834786,-10.581020407207243,-10.422094075348365,-10.819159864578177,-10.588021396089161,-10.735522755975722,-10.534297881740365,-10.642374762911146,10.52567489104394,9.65004981627302,12.863718263950604,11.23493509824563,10.13747064674849,9.247083545421955,10.0045290305529,2.7157202022034164,3.2252056439679357,2.177877888372462,2.4656422678150043,2.482551642873698,2.589193334545431,2.4830431072006047,1,6.6830015177901645,0.35201456936827746
sub-035,AD,57,F,359,0.6105348212498601,0.6630564009024968,0.5972017586512416,0.5062969267885487,0.605668334257086,0.662484405775343,0.60070880340549,0.15863658778515233,0.14832896327538994,0.185841051578817,0.1716417136626115,0.16988744720793747,0.1110200369897276,0.14782475481155014,0.07818930083313619,0.07770231797145084,0.09595361348503996,0.07273236858089355,0.08155757664827369,0.05910872265295827,0.07296762367133706,0.07033289649773028,0.0561138599134009,0.06476389443673426,0.10423410145090535,0.06623448201896641,0.0667982394461728,0.07757210098366965,0.0823063936341211,0.05479845793726149,0.05623968184816681,0.1450948895170408,0.07665215986773644,0.10058859513579882,0.10092671712795312,0.3099231538969783,0.280564010430035,0.31227034216429167,0.3695740790336359,0.32150200288024905,0.27248924988208845,0.3044907739768905,0.7238994723806936,0.7963532419104903,0.6955202880788963,0.5858164451150383,0.7229807623161774,0.7904241751071861,0.7022368206587671,0.7296637638899328,0.6925657270113171,0.7326063443076247,0.8016700144676234,0.7335218574317007,0.7052933808705166,0.7417937794946398,2.0876396605634944,1.5780500997444744,2.082587203792474,3.4366925584882235,1.94735324015084,1.3911056433561209,2.00965186918754,28.052562699766106,22.841493089164796,25.64232047822392,36.788093961296894,27.808930011577655,32.80105617840508,31.495371315685862,-10.493959920957314,-10.307771892589033,-10.627473721310968,-10.392278769942177,-10.84444725177356,-10.622978625521737,-10.713461407821876,11.314212645479422,9.52733271377112,10.116788966696083,15.025218291821883,11.108409007168968,12.251122089414256,12.408395959520922,2.875115319844209,3.231972260189439,2.9342303681950512,2.239704894609156,2.9094275722164853,2.7567959280213303,2.693982971190026,1,7.04914585790142,0.48578784302680234
sub-036,AD,58,F,392,0.21441860779698368,0.2874742098313032,0.1529964584610544,0.1876969331389237,0.1603002959847106,0.18547804171528895,0.1599843958511131,0.12982848197344432,0.13187264688434466,0.1221724107736402,0.1435432183985206,0.11544132035972277,0.12830928115542956,0.12612569290312867,0.37863944218599144,0.31020255058471075,0.4086168940136137,0.42260367743090005,0.4277024134845126,0.4116794576114412,0.42592861166266466,0.225602517802032,0.2110135710247257,0.2683454165571585,0.1890446231225418,0.26228606943963323,0.23063994529249288,0.23911386958607467,0.05151095024154856,0.05943702167491571,0.047868820194533424,0.057111547909113894,0.03426990073142055,0.04389327422534761,0.04884742999701904,-0.4613706130437702,-0.37291484623066523,-0.5189264131153749,-0.46894259417197864,-0.5684564458213133,-0.5088593853594985,-0.5305025677521175,-0.25392344210760553,-0.10060926054856656,-0.3966017503798666,-0.2720949363423737,-0.4043231720995644,-0.31456303169837585,-0.37043760955534727,0.8548471168037012,0.8513294366299579,0.8607953809526782,0.8592708156352501,0.8503225321711424,0.8561760804740781,0.8583716696643198,9.556555942428636,8.457468025196945,10.674449976456197,9.350520664682023,10.832815399572235,10.224203971476035,10.37315239985389,24.540557431455117,25.723219339476223,23.701820682659516,25.476173461982473,22.045217306003746,23.531124003696988,24.380494838075453,-10.11286123959672,-10.14923651778841,-10.113051764731443,-10.05018120482928,-10.10235318803098,-10.126384125107199,-10.105327323984557,12.696195811480026,12.524868577859547,13.028549084933543,12.857536939416345,12.601897097359638,12.616077034279389,13.019968755459772,1.8059896331804246,1.9645619470503455,1.5774399575779496,1.873979753592578,1.6038380536756718,1.7610581764722366,1.7035143190339366,1,11.805761776650437,0.9561518990606519
sub-037,CN,57,M,357,0.41685104149862995,0.5732898183016361,0.34647211054579513,0.3372804314735401,0.3064974487147436,0.2995553283433701,0.28476597011169547,0.1458331475223189,0.11428035489979282,0.15112277283193865,0.1909060877064441,0.16013381366698312,0.13673660415148395,0.17048867761586747,0.2947290995797284,0.1515587166366925,0.3336679025796103,0.33547198574023296,0.4083212535808934,0.4855432320577746,0.437016770397646,0.10109344145300496,0.10060968913391224,0.13741792951535578,0.09299227174968436,0.10472587524601003,0.05905353119343672,0.08647823194773228,0.0414932699463178,0.06026142102796649,0.03131928452730031,0.043349223330098614,0.020321608791369645,0.01911130425393428,0.02125034992705855,-0.25512766753835364,-0.08417097367226194,-0.34315296652377847,-0.23136454234172965,-0.4022061755489193,-0.5483466359689366,-0.41274084368899844,0.1779506048376507,0.4630374167749737,0.02322664327247148,0.09768694277792585,-0.042521503889024925,-0.09653180738574761,-0.06134330827441885,0.7225971751404664,0.7170963623756782,0.7566373574592685,0.7370237765299406,0.7151602712036204,0.6730918994653419,0.7026693187362535,5.596051350891131,3.282828780293922,7.293075481589358,6.470537496464274,6.500747364989228,8.040777839640596,7.353126714637396,21.773674654481724,24.797079050153037,20.772968423296433,22.703203109538798,17.956879293762743,16.558954747374333,17.52253413310274,-10.417331507306029,-10.442389890981799,-10.444444434569808,-10.28910692746541,-10.62219645113294,-10.238109517486045,-10.415353601366638,10.305112565896348,10.719631978653776,10.323274040297948,10.740304145167197,9.517000799261139,9.138836901054063,9.51159805327253,2.4868505803672756,2.8004065517100676,2.2335821602387207,2.4108225529898104,2.224433314352673,2.3149892646371653,2.2629654642521184,1,8.520328228916663,1.6024170256900394
sub-038,CN,62,M,401,0.42301740041997743,0.4963446358917379,0.33752789699209657,0.3996564258814961,0.46068904212460465,0.2848208179306593,0.37778809076950653,0.07640087891055938,0.08343285503418683,0.07797273778769366,0.07372153482263466,0.05882852443776356,0.08114839404720522,0.06719934202917491,0.26139147795038253,0.18810101786705533,0.23505655446168572,0.2816952330635795,0.26932141068023374,0.5049080641539023,0.36915940337910846,0.17412737878707288,0.1578308923468519,0.2684103095643426,0.17300960074998034,0.16831279924198891,0.10069811055375283,0.14513930644118503,0.06506286393200783,0.07429059886016827,0.08103250119418176,0.07191720548230936,0.04284822351540927,0.02842461331448017,0.04071385738102502,-0.5020411675325311,-0.35599474579350193,-0.48382683908034446,-0.550839052565929,-0.6008955107433714,-0.7946478514143578,-0.7032442792735653,0.06767885444114148,0.23143866061090881,-0.08610965467778059,0.01847431082098509,0.09666661037572166,-0.21987025013621858,-0.056616159336985494,0.7692292130544056,0.7625077936197965,0.8366364583100506,0.7815450478212145,0.7198279383518512,0.7411135557122832,0.7346182494711965,5.894859918207826,3.668581334186757,8.613162615515428,5.494905313793487,6.649386620496671,9.277500071715568,7.2435610746167125,26.293511770460256,27.92913233514196,26.82732436054631,27.607874251333154,23.51936367327824,21.300618092972414,23.13755262185552,-10.521043075235415,-10.509354937153773,-10.606999098826176,-10.546905768193458,-10.530261357915114,-10.367464713199375,-10.455499220921686,12.218773706269127,12.415302264321792,13.707751639311128,12.667118362291024,10.795996966528078,10.534932651089576,10.943811683843807,2.144590939342194,2.273317276045429,1.8121250709374612,2.1366852953327906,2.290321234517244,1.989963408744198,2.1660112384910635,1,9.919458890065622,1.2603499568620418
sub-039,CN,70,M,399,0.21935649663480042,0.3559282364259385,0.15115590267447976,0.15673504118366044,0.1260392583173874,0.10887506668469735,0.10932170623671476,0.08938467325912064,0.0855750890685032,0.09333869079959174,0.10293665789475291,0.0757684519696105,0.09010755427857575,0.08772980405250183,0.49148023828670123,0.2593738261307587,0.6116620568551671,0.5833794295506143,0.662174631315729,0.683739980908434,0.6793071390181381,0.11044116660037052,0.1420417434458723,0.10526773543430466,0.0919997598922381,0.08894100979019492,0.07673234302174158,0.08084307084397156,0.08933742521900723,0.15708110492892757,0.038575614236456675,0.06494911147873413,0.04707664860707852,0.04054505510655117,0.04279827984867361,-0.7051614481829548,-0.486011447980258,-0.8188454114083276,-0.739806305963668,-0.9399831755559832,-0.8801381974333657,-0.8920284979502885,-0.30444524331883277,0.03531273963364725,-0.47475069628081723,-0.42856157890402746,-0.5759848595339823,-0.5825979087164224,-0.5888835411251414,0.7702294455764926,0.8331383733735506,0.745095898698709,0.7452456750017061,0.7252595369597618,0.705170922678134,0.7096890419405458,8.549401285819595,7.850694517566462,9.025185320114609,8.818670184579064,9.072861797906734,8.957470357613389,8.98186692318628,27.862767764023985,35.01561210341244,21.992004248548955,26.210625554926196,23.419817392676645,21.602667824593553,22.194487329624298,-10.24107496763418,-10.24462417730532,-10.161220824468794,-10.275734651466646,-10.330687793241175,-10.144695342457837,-10.22837754229508,13.36524871772755,15.73883020428559,11.428631354316735,12.571861098613136,11.973964567412532,11.636341023592003,11.760561716434793,2.007345873969743,2.041252951435212,1.9114033758264954,2.075756881761719,1.9099916722235388,2.041794137090826,1.982839086278453,1,9.094982153309486,1.815905404926724
sub-040,CN,61,M,454,0.5024950499978164,0.6098536229039648,0.45774971963460015,0.45475955363787623,0.4204061130452017,0.41246243851992326,0.42812246544358545,0.06314193352349243,0.05690578520852833,0.06148651087604137,0.07553341262681307,0.06217844218176296,0.0641138654029963,0.0646742493914293,0.31864044641452804,0.24077375684148145,0.29369623941815065,0.3220472820357422,0.428725125489497,0.4566494805598754,0.42889045382219126,0.07209455334238417,0.055644504239287074,0.10705638867024818,0.08469690775663055,0.07138182506682093,0.05309135579628022,0.06265238402793692,0.04362801672177884,0.03682233080673842,0.08001114140095918,0.06296284394293739,0.017308494216717204,0.013682859720925238,0.015660447314857127,-0.6840390546573726,-0.6135782626184272,-0.6840012292493123,-0.6076650898185607,-0.8397036264090413,-0.8499596369558919,-0.8169554112297986,0.17580364186824218,0.3746667008001726,0.11106767191445453,0.1227949563014599,-0.015510035741751011,-0.030125221914278986,0.002156587981560979,0.6257501698371413,0.573538071245211,0.6529144618112107,0.6946869993850402,0.6263942771464742,0.628906256887996,0.6268444596221787,2.9579330671139146,1.0683524983951205,2.4805110662588756,4.231530853432243,4.715675393304998,5.10378899698897,4.809338585746585,20.53497776936095,18.54163120525529,27.362800318447643,24.297876205149244,17.13617145515107,14.842369519838932,15.94379262384368,-10.092432292770091,-10.038127013222601,-10.24268678351792,-10.175447579306676,-10.129888978822985,-9.834903432912068,-10.013369546243466,9.306244483776673,8.401462646409211,11.287210990853135,10.710199344339799,8.376604373601966,8.088081598083892,8.179192886011743,2.7775892856445346,3.3543820858836533,2.495698273310812,2.4832147406619756,2.3451787260898747,2.4190159326053093,2.448882547343792,1,8.926165687474372,1.5755170488255672
sub-041,CN,77,F,382,0.23734985796885455,0.32709328317756725,0.30582712960115843,0.13103002611930065,0.2080692968800902,0.07709246762215868,0.1371878839505171,0.04089188062758733,0.04861774646705123,0.04787751410840393,0.034465818257786156,0.037388448831509824,0.02148017240195741,0.030608461110541166,0.33119145370752456,0.2761590666648077,0.23619093781416678,0.3979927145865457,0.41395441970494934,0.40855861144289085,0.45354093737107165,0.21358433212873643,0.18105668058428745,0.23569421692722173,0.23669001154105815,0.2526797033493538,0.18941186968101026,0.2242010463943729,0.17698247556729693,0.16707322310628628,0.17441020154904882,0.199821429495309,0.08790813123409653,0.303456878851983,0.15446167117349702,-0.9030037721286025,-0.7470194223835767,-0.703043850888391,-1.0271409581643465,-1.044901425240522,-1.2877680263571425,-1.1802754515245546,-0.3351273110478528,-0.08782919180625169,-0.13447777389955998,-0.5905690413861618,-0.4619949054704178,-0.8004601818054309,-0.6579393515538587,0.8573508295571346,0.8458429149432,0.8694645714141932,0.8758215120238588,0.8306672235564321,0.8825419619879233,0.8379871389000663,11.087244545891624,9.69623202183757,10.35682036421937,12.928514741774654,11.00683513504318,13.489498377095796,11.668692893469544,35.56351126962736,35.9793044968221,36.12597290979712,36.85530623535358,28.73239947130919,40.92762028021592,33.35655174067317,-10.491499952649322,-10.479729175944707,-10.743835365193533,-10.447299703527609,-10.574823012702595,-10.117610460462679,-10.374897340075126,17.81081087626409,16.986753700394623,17.40958908382174,19.195618569776073,15.18731638363323,22.462470032393092,17.5872999833068,1.701403046474223,1.8170500468914244,1.751429241943389,1.5874938437356032,1.6810892935996125,1.479888286599422,1.6183259908165495,1,10.694067042784548,1.4905922232384636
sub-042,CN,74,M,416,0.3650318471287462,0.46064252667656547,0.31792182381451056,0.30006616375802336,0.34637758408158276,0.2589722649949231,0.26711859212791317,0.06404422719631357,0.060695050949237675,0.08338191536284424,0.06056514738866138,0.056341691706007835,0.06527177466204612,0.05922396560071156,0.3878346745986467,0.3221417135575017,0.381399175419111,0.43864054327650337,0.3911419417898003,0.520840648869513,0.48764951483698915,0.1406492440381006,0.10726946620465436,0.16692686739711485,0.1575752820609382,0.17759302776093036,0.1287942797867213,0.1577914216985726,0.04244000703819295,0.04925124261204085,0.05037021800641942,0.04315286351587341,0.02854575466167832,0.026121031686796626,0.028216505735813382,-0.7670122258462193,-0.7155909847910851,-0.6612006138514099,-0.8227041258231164,-0.8300440146899725,-0.8997725043119793,-0.9048809110491448,-0.0972178167181383,0.08752424294262441,-0.13882581488300616,-0.24235011273743334,-0.15511511158883698,-0.3042924939388679,-0.3117376336914616,0.7475131844404721,0.7162990411731244,0.8028712951524258,0.7598926709165712,0.7481984671312903,0.747938622819833,0.7524636193779219,6.620130146429116,4.285260473086793,8.712070478707814,7.342819436501573,7.260250925286731,9.248703756277855,8.448465348314448,22.962788780458666,23.779450008481653,24.474048079190055,23.204032113066837,21.116523037577505,20.124497483386534,20.773256688715293,-10.27053059201884,-10.264784263332748,-10.513577266866987,-10.157704251967367,-10.336580115845392,-10.052651124511062,-10.189292186726723,11.059775228753303,10.672906840141277,11.81174415440924,11.656513180314398,10.667877417126553,10.68023201472942,10.99413420630333,2.2273701082866357,2.5210205202739386,2.077442688587158,2.1197809218797383,2.0303000279883854,1.9352682891414659,1.937759184975093,1,9.519182383385528,1.4853033351182567
sub-043,CN,72,M,397,0.5658852896291671,0.5603884596479347,0.6323111082837302,0.43561639421112,0.6452029255867391,0.6270468034813723,0.624508022586525,0.07539154032792024,0.08242519546564232,0.08408579307442425,0.057537685794460086,0.07783803766150608,0.06977033129267854,0.07233632380728824,0.15162065464460883,0.15285228279993796,0.10662968511939801,0.17090909922376166,0.1359596964203994,0.19971095856678175,0.18141450738008574,0.11755696851089463,0.11613980161062847,0.11725136854424416,0.1569875894708267,0.09982334561475137,0.07071464503615292,0.08478070493522984,0.08954554688740915,0.08819426047585648,0.059722044978203104,0.17894923129983173,0.04117599471660414,0.03275726162301476,0.036960441290871386,-0.28175502749734327,-0.25199272197982203,-0.09943910382549644,-0.4575317138904532,-0.1903035425886117,-0.44502083689331484,-0.36487172077739816,0.38510814365181495,0.3912737311230721,0.5089639298409218,0.15267342304741804,0.5203647885056857,0.43972938214674234,0.4514265689298714,0.7338843805780105,0.7519301470494041,0.7168589416892609,0.788671555705779,0.6866501360907465,0.6575393727366159,0.6679838240630716,3.8436206379318416,3.0596246563789675,1.6002781330994933,9.210088021937093,1.9398995763012266,2.0752671550508524,2.4332097950063205,26.417301914229302,28.809126442299192,25.909957988921253,29.820009268865757,22.074743577092818,18.515354750378606,20.070600906641623,-10.64064133902123,-10.7259109355776,-10.744177012707885,-10.483808340649691,-10.691502229487368,-10.424268901587816,-10.547178800900927,11.785443918904948,12.186232354694186,10.574686825901258,15.432214323114222,9.361935167075751,8.540542352473416,8.94275525666144,2.669336468622141,2.5506764607659957,2.6904960989279973,2.376596737495383,2.9709033124389883,3.1860362471881105,3.093998627599358,1,9.06189287335468,0.8166450947336408
sub-044,CN,64,F,429,0.2611534546720387,0.30613026230843404,0.320016944246015,0.21903150672803925,0.2250001556498125,0.15391323800502935,0.1808252493073629,0.07117829191347731,0.08028049785167887,0.08349974365891548,0.07062577740129194,0.06321498084993488,0.03388838913129914,0.05157693982108315,0.5293968845905389,0.49757851029043454,0.4275571215697143,0.5529074420905218,0.5404304954502822,0.7299493078825605,0.6321167239587792,0.11083516788757568,0.08798577437154428,0.1342166646070195,0.12233340788553178,0.15236907567368116,0.07043845843944957,0.11716525496984209,0.02743620093636933,0.0280249551779082,0.034709525918335794,0.03510186589461521,0.01898529237628942,0.01181060654166172,0.01831583194293268,-0.8810506089562861,-0.7885083919982848,-0.7149870719046447,-0.9025785659844909,-0.9324809747672048,-1.3338422111139638,-1.101048372818439,-0.3003268782465054,-0.18591166780267604,-0.14405702156273856,-0.3915991246969326,-0.38170002328228136,-0.6305806893710403,-0.5196576613298042,0.7435186734144108,0.7456321803676259,0.7804825438193292,0.7562928762607756,0.7610735713541604,0.6287948408684261,0.7103281514155733,9.83438377532838,9.112281633879212,9.780085951397135,10.158390612768045,10.492527569321853,10.807958640427783,10.61153849509225,20.951472775048497,20.754138963088582,22.2384938204947,22.23570734471583,20.65377232355651,17.589691086642215,19.797369565896968,-10.24889026371506,-10.193381433466177,-10.511218491736432,-10.269762208688553,-10.334081410056188,-9.880148218095432,-10.15144360481346,11.39493533928585,10.950387916354046,11.488543176008896,12.082001639078436,11.632001258927117,11.080708085415502,11.561713118363864,1.856480984632942,2.0058977875983013,1.9240867949839242,1.864680013229381,1.6473401347128795,1.5294266764149262,1.6214606381371974,1,11.074287839254517,1.97378988262939
sub-045,CN,70,F,376,0.4445407638699699,0.5388206216175591,0.42401842426225095,0.37363883237389567,0.40029384974240023,0.3535190053484891,0.37066014305555356,0.13776343255102408,0.12075001290773982,0.16355482481206443,0.13710650509702046,0.14100764339092098,0.15507085155912048,0.14602175673605208,0.22377714989703057,0.15153039695865705,0.21207543795283687,0.2809838809854162,0.266881806446388,0.3151229060968207,0.29244233907902306,0.12276774668792698,0.10488673413190198,0.1215330554647977,0.1425848124034596,0.13913582019651993,0.12301708577475373,0.1358250890022902,0.07115090699404848,0.08401223438414174,0.0788182575080503,0.06568596914020841,0.052680880223770654,0.05327015122081624,0.05505067212708113,-0.19465575659610787,-0.09750632772361849,-0.11720860376860381,-0.30825527236612854,-0.27178963416707186,-0.3079496389945893,-0.298405095762805,0.23735180107058543,0.4163604664330703,0.24922640622697986,0.08349624553148684,0.1279883325159597,0.06476587847743256,0.08293325793809445,0.808546345795544,0.7742258638501796,0.8246433963868379,0.8328759210778806,0.8254748693972725,0.830470520750112,0.8319427371087004,4.974257232418646,2.7575244933859087,4.863911189751012,6.793698617542718,6.3832356296792865,7.145990516895571,6.9962764015614525,28.010061338226514,30.07783997064733,29.05633173105188,27.221488373972942,25.029273388869786,25.25175838805786,25.474792481141446,-10.472333052433163,-10.49614148544332,-10.652885329198854,-10.209061926280881,-10.621123588908544,-10.42153156934058,-10.514029499203827,11.879441686772756,12.015952942810397,12.04395583629053,12.079414477730097,11.378210165252456,11.506782766730113,11.582020783859903,2.291881200575559,2.4758124102147394,2.261170322413997,2.1449877875195633,2.1821678896733308,2.1525450765461054,2.1448060067342776,1,11.720350708792832,0.8454460927367133
sub-046,CN,63,M,322,0.16130847520451744,0.21374734047063468,0.13329612221631534,0.16870967944315085,0.10146533852282102,0.09475327280068788,0.0944195427051556,0.16771814284113348,0.1679221563072301,0.20046902517428658,0.14337729557636608,0.18606316753309007,0.13904192970166568,0.16451479256569707,0.4277044876848971,0.36540484287383324,0.3528522214251932,0.45261657072169303,0.4982701258516218,0.6023590205894981,0.5448582203145141,0.18689265648781395,0.1861097541610183,0.24203634435709723,0.1841808932945484,0.17630683785291737,0.12821953716654966,0.15810998213820263,0.05637623778163808,0.06681590618728349,0.0713462868271076,0.051115560964241885,0.03789453023955014,0.03562623974159913,0.03809746227643112,-0.4041559435346561,-0.3470617499480353,-0.2391506834493502,-0.4898414634662692,-0.4318999971386058,-0.638506390946637,-0.5246994070090891,-0.27827161699957315,-0.1628601344358897,-0.2515310905446831,-0.32133617441507945,-0.372383375294779,-0.49502584338097866,-0.4366484893597618,0.8409836250248105,0.8506693510465672,0.8864223338492451,0.8269054582557819,0.8259203776259373,0.7896767253483785,0.8114446239170146,9.07738499997641,8.732053712464706,9.523742378895783,9.075228269612278,9.283466058642395,9.311700310617585,9.320469012921189,25.29133603225509,26.92440947579353,26.641112530454986,24.897693644925326,22.965626365018505,21.826763508085065,22.73161911951155,-10.113012010103798,-10.144992709628728,-10.203955924658876,-10.101984031210831,-10.110428323659427,-9.890595177386427,-10.020810025816525,12.703509791518925,12.91970757630599,13.750067662602882,12.529976820414571,12.040180143397045,11.719041152529789,12.01328467422279,1.838878446892946,1.9323289822426857,1.734367266496686,1.8639923641574956,1.723643621805678,1.7911927468650504,1.750032558889829,1,9.567562550360822,1.2643823285716174
sub-047,CN,70,F,371,0.21013193398418115,0.27437219359441706,0.1612802663572017,0.12836926615581,0.15552053034315885,0.30401096790710047,0.18154421491124922,0.10529597927898982,0.10790155221415174,0.12521780022234816,0.10312066752655623,0.11261993684076003,0.059658429753097375,0.0912289264764731,0.5229692502490586,0.4612873890916789,0.5208422540619616,0.5714763242978259,0.5907100197487364,0.5434209562334824,0.5932353781293944,0.12756853689561545,0.11560124230996054,0.15450012369937166,0.15989617695607627,0.11881009302329143,0.07753907342733776,0.11306581830535735,0.03403429959215501,0.040837622789791674,0.03815955565911754,0.03713756506373187,0.02233942004405332,0.015370572678981797,0.020925662177525922,-0.6996784229118209,-0.6279699133903917,-0.6185316151418424,-0.7432928526000714,-0.7184245622538037,-0.9570303495023157,-0.8250390538104349,-0.33068614842170974,-0.18285525429850452,-0.3756873317272389,-0.5072149972704884,-0.42858391657859235,-0.2806881529617524,-0.4409758818732875,0.785356094910059,0.7965113167465419,0.8133877127926868,0.8088010953748586,0.7665070364929107,0.6856489783545487,0.7461856745805401,8.56965706221195,8.092225143770495,9.373021484996718,9.777718629998818,9.048936396701556,5.900580005271741,8.375246186829566,22.008522837244826,23.042777037760935,22.922603256384843,22.774298656182964,20.653667162175974,17.518244381455432,19.786035204254407,-10.407027271273101,-10.39255299975611,-10.6945638834258,-10.376664816246524,-10.467103132136105,-9.996993422112164,-10.263626923454584,11.547576151613576,11.493444553307011,12.113379279629513,12.423920457741444,11.112925096454537,9.78762002414547,10.934175844039618,1.8952793565962425,2.075491560473581,1.8132334257798037,1.744432012075328,1.7287971006280964,1.9390236122442586,1.7667561116942587,1,10.712801192533943,1.5259691475994632
sub-048,CN,65,M,350,0.32449585934353664,0.39360427635961326,0.2198284615329246,0.26416429334065894,0.3332460908107826,0.3471552813080727,0.3077171197146752,0.07050519743702144,0.06815201421846981,0.08138663510651177,0.07396907829936891,0.06970618860120838,0.056689933726741276,0.06492686562731474,0.3877772015649008,0.3103943344907259,0.45274893098092955,0.43011435816622623,0.37407807754681793,0.4970340150249435,0.46191345751159424,0.1414130695696624,0.12065389292900508,0.18443788239200773,0.1590935858003559,0.16284754940506532,0.08202021636395364,0.12635861636176152,0.07580867208487861,0.10719548200218562,0.061598089987626316,0.07265868439339006,0.06012209363612555,0.017100553576289132,0.039083940784654374,-0.7254610792859688,-0.642575522541439,-0.7425125313445932,-0.7473830692814754,-0.7301198135281807,-0.9391512684495551,-0.8462237733846801,-0.12811135033544632,0.030616566748611174,-0.32670905379175824,-0.2397854188091966,-0.1270878676804411,-0.16394959198018705,-0.2035252740415118,0.7874318089472485,0.7911156901574187,0.8201792611180859,0.8042474033967495,0.7920551072067342,0.6848509101671665,0.7457671938410743,7.937643871321572,6.43020899681265,9.492358595290746,9.400443057680846,8.967033340132554,6.411911270214034,8.315756343035158,27.95069276809203,33.01703938963093,26.520777498306263,27.282432776676938,25.654966193862077,17.14346234155967,21.639260377548425,-10.34097364750919,-10.26100032052897,-10.72889221140229,-10.304083418733327,-10.4738579144479,-9.913456503243971,-10.204723241524306,12.976334575033597,14.096489493546098,13.254537793746493,13.2056480967307,12.218796819873658,9.316167121516223,11.000104953323643,2.094441628862944,2.200379682425968,1.9496998811990105,1.988163699748279,2.075744674573707,2.1813723525514437,2.08962681662912,1,9.611850931099031,1.5449538655634285
sub-049,CN,62,F,379,0.26151360045800304,0.3559118276681704,0.23588954255404024,0.2167363957094856,0.20451716523840155,0.144604954404798,0.1653820335794329,0.06645333331248632,0.06401723403539004,0.08477679450468839,0.07119917674865611,0.05492237364562389,0.05529924162197417,0.05603154084662393,0.4824491781450417,0.42823803288182466,0.423685343873097,0.45452450639256725,0.5825726145191644,0.6659981269179835,0.6234644921820902,0.1289706409621228,0.09173923537783558,0.19150160515118383,0.1637631843433971,0.1256198642881174,0.1009251924719959,0.11834683241376677,0.06061324712234625,0.060093670036779415,0.06414671391699052,0.09377673680589416,0.032367982308692395,0.03317248458324876,0.036775100978085985,-0.8444909849753613,-0.802276112842492,-0.6987543776092937,-0.7730938691368193,-1.026063569694003,-1.0812833030886277,-1.0463403204541377,-0.2840969401788951,-0.09479614039900704,-0.28373806609181584,-0.3498677681629116,-0.4385595758179508,-0.5839524411125051,-0.531726289713659,0.7847931689181076,0.761047767396877,0.8395607148906912,0.8241793001038662,0.7651817717976207,0.736395588592753,0.7535364677114706,8.974509347438431,7.535839702606013,9.686933259140671,9.794946102466215,9.977757116866806,9.795472072600397,9.85077230177313,25.435723716624338,25.454093803791743,27.133424253784657,29.8451202808129,20.808540222431038,20.946859718710776,21.696753407962262,-10.34934530264868,-10.360965647964324,-10.664071571706542,-10.254413615170705,-10.449493565400438,-9.876225671285471,-10.16798567671116,12.493556775643887,11.696717446669686,13.119181141187553,14.429806709204843,11.662182704074988,11.71861911896953,11.942020042461658,2.00550513143657,2.2648167315283625,1.8901949593807574,1.869363868478291,1.8101431075185843,1.8362053509925516,1.8343923838120524,1,9.9600512339357,1.6034370114118435
sub-050,CN,68,M,358,0.30707295362558196,0.43868784716025033,0.22845840880915988,0.15536329939816323,0.31903932037543026,0.24981240180894082,0.2494736252605287,0.17413907650636218,0.15785468960287097,0.19305277257043874,0.2179621150903454,0.10599696445209851,0.21733097748589547,0.20176830396151169,0.29201564527513174,0.23547852438349232,0.2076247641106798,0.2562865755759587,0.4582935384852627,0.4385231897256977,0.42225815822472956,0.10102033653328346,0.07302589326555946,0.14714762168987242,0.15978694078784422,0.0730982688396438,0.05415985326677198,0.07211829168228671,0.12575198805964047,0.09495304558782638,0.22371643281984943,0.21060106914768859,0.04357190784756459,0.04017357771269396,0.054381620870943295,-0.2424120544314186,-0.20478718626728418,-0.07144877995256597,-0.10606812727839923,-0.6374942761943988,-0.31060852638573655,-0.3700388922831814,0.087535946944306,0.30198557798575043,0.05138167676294547,-0.06474566976600336,-0.09876012349114828,-0.024799017354908443,-0.04017099062374417,0.7473684779547075,0.6871334816244818,0.8302862024472458,0.8415936242586771,0.7046126405468044,0.709497841875604,0.7182839842337626,8.091257796756333,4.838596517881341,10.665030673913616,12.374119951923735,7.546635405846865,7.866122233112264,7.73665739741803,29.47787660209913,28.65469796458371,34.25466951288095,37.06250951148311,22.271561466119092,20.834019352432463,24.797787833553993,-10.365045200360285,-10.281038218925882,-10.612140306679992,-10.302759177410291,-10.541171227204432,-10.148809981534903,-10.352970083158693,13.71926749174946,11.909121245613948,17.637947856091053,18.06947159931954,10.399005303315754,10.456743874221768,11.26984716760287,2.359262177924724,2.7337784501685776,1.9520133430195499,1.8628429611427109,2.489549376847121,2.4567361126094327,2.403749594019241,1,7.952593754391527,1.6244914268149238
sub-051,CN,75,F,334,0.4041553711764616,0.48930521450829706,0.4822719974853629,0.27561156672697834,0.412886137132283,0.2329474400169202,0.3178540017218284,0.07386344706717642,0.0736293578089583,0.0838546241684401,0.07895269998475646,0.06755505537466022,0.05898007552265863,0.06696474116776707,0.288090047071137,0.2498272012706539,0.20488487658691132,0.3139013338395662,0.36986984478132207,0.3725254929970303,0.37916991145738665,0.11805427964007252,0.09694157783347183,0.12661836257547684,0.1541934718718665,0.09587642104032368,0.14009101499610374,0.11648441962992817,0.11583685504515243,0.09029664857861906,0.10237013918380881,0.17734092757683237,0.05381254167141105,0.19545597646728693,0.11952692602308965,-0.5885913613252542,-0.5403599939635889,-0.41240062214102124,-0.5866280734649877,-0.7381137394391631,-0.8013302644171041,-0.7557494253910153,0.06893519316955353,0.22176162408307176,0.2323387038830802,-0.12179323099216774,0.013528719232939962,-0.24649602186968753,-0.12109630772060205,0.7153742384093346,0.6622412293780525,0.6549863617313344,0.8307515604553161,0.6576727501025735,0.8477191734039999,0.7530254070509989,5.159180757789895,3.659822663331453,1.0082731628908268,9.227060173371667,4.345632572703565,9.717858927209,7.2340323704433205,31.276771078748993,29.177046500676404,30.651667600629334,37.379816268938804,24.07825268787975,38.15514952510672,31.463846961679735,-10.390312309912614,-10.305955532701294,-10.531823940193172,-10.452537316027822,-10.473641754934603,-10.223849404967996,-10.368066428250469,12.878397902745851,11.30774994712156,11.448776508396632,16.52690549039035,10.09967408577396,17.391168389123536,13.640242814399299,2.4559129792502548,2.77319900891919,2.586389438867853,1.966123790274529,2.638623239917426,1.8552101729332788,2.251620155279686,1,10.209494700036108,1.1762417646756091
sub-052,CN,73,F,360,0.3046218376587689,0.3907901279948078,0.2906797712062518,0.23366586121530525,0.2807508975876824,0.2016642841549651,0.23909310634895092,0.08783132339158113,0.07963007499068171,0.09735967831061827,0.09527366914797972,0.08918643116801173,0.08532580723873034,0.09182058099796962,0.35259552658358795,0.2739101000784059,0.30928451065644347,0.3591599584193418,0.40840963060721663,0.5961110235354907,0.4771862371721051,0.16022034478945957,0.14693587042463033,0.20172667285486826,0.17954717076141036,0.17156800127599772,0.08878137629454017,0.1409207511085065,0.09473096757660257,0.1087338265114741,0.10094936697181851,0.13235334045596314,0.05008503936109135,0.028117508776274152,0.050979324372468014,-0.5872394920970563,-0.5374483476531228,-0.4990537424087686,-0.5588347034409854,-0.6583040763577789,-0.8439998231043135,-0.7097466092691186,-0.11719231639701141,0.04821381543709237,-0.12183078141366514,-0.21180182012439444,-0.19796886961590798,-0.3787722430082834,-0.27475182225954153,0.8414117341324322,0.8359363760829038,0.8781419553648807,0.8833839602585104,0.8302702066324313,0.7382479944549534,0.8060940134101336,8.873631997540567,7.717777429587999,9.199749935357564,9.898778282173414,9.418372838359788,9.562542248154536,9.471876768800444,29.894139131137972,32.36455937340715,30.044265749153993,34.12834944866237,24.818432070028095,20.167618312787866,24.78726475343607,-10.302383538830934,-10.27756801598794,-10.431860658685999,-10.290017873586864,-10.422692704130322,-10.039289771537872,-10.262702791998725,13.96034418524743,14.13026414832652,14.45296659536121,16.024823871930735,12.309030428712921,10.974701960735107,12.29375990531411,1.9365449570139794,2.0673347130103106,1.8366001245818255,1.859548332037989,1.8807740878317176,1.866347613400428,1.9031937708310913,1,9.91264178335077,1.4258878074236545
sub-053,CN,70,M,318,0.27238148225652276,0.30541883204569154,0.34460809354686156,0.23305654431670775,0.2693683959779817,0.13158034635636567,0.19248043304479587,0.17755060317428784,0.16256948402824395,0.19090284794269688,0.2053969169765852,0.1621669539888606,0.17733899920637386,0.1845600387111475,0.38307608467639326,0.3427615939812806,0.3193082776156602,0.3533710819397347,0.4673485590220477,0.5528298066552222,0.4834913844430311,0.09800621286970648,0.10727251601063516,0.1021611411687055,0.11219799944094781,0.06958675535569402,0.07358737255649363,0.08104968058764836,0.06898561702309004,0.0819775739341496,0.04301963972607601,0.09597745732602461,0.03152933565541614,0.06466347522554423,0.05841846321337713,-0.327687117685348,-0.3312971931816961,-0.22714238351037683,-0.2235153751420153,-0.44827834697458696,-0.4933255958633933,-0.41497886597367434,-0.028787719796822205,0.02058333343469481,0.10741191699584918,-0.02738371717656978,-0.09671084154324953,-0.3068091839170027,-0.179034675833327,0.7533869002388841,0.7710132912460305,0.7201384512322115,0.7741277929699348,0.7247539670372101,0.7430348195642911,0.7419485497490612,7.372301157183493,7.191572648684182,6.059125532551452,7.811282952205886,7.851173589055414,8.37834213602647,8.083585494793699,26.995374854207135,29.42855567913433,22.54029902476724,31.435716348032855,19.256824810565192,27.888997788933242,25.475312555124813,-10.121439974988974,-10.074053831119224,-10.439288424335546,-9.970595520211937,-10.305839809647315,-9.835607962079802,-10.077187870686627,12.195215231918302,12.80556145789345,10.473216579353698,13.675176338861252,10.18742150146579,12.693769801645061,11.99602746083966,2.2719342735210617,2.2569174001266075,2.4270268025441752,2.195608183872647,2.3137489629277344,2.1817846820538027,2.2166399936679295,1,8.134347752431351,1.650582526876418
sub-054,CN,78,M,394,0.202979178857937,0.2883515246040563,0.1263106726283818,0.1315736477124657,0.11144275866033,0.2992944206782055,0.1548620644189547,0.14195867897564446,0.12579787299289596,0.2222578910921996,0.1496763643810528,0.12608289092166516,0.08645099301058355,0.11308507766510137,0.47148767898669064,0.40316792447043953,0.3964713440670626,0.5364211438671271,0.6116071050278475,0.48308525335040275,0.5957905252664588,0.14131531460274444,0.13227428422279025,0.2081269813305754,0.13226651654509608,0.13275299461362045,0.10368249693982057,0.11473279718952134,0.04225914857698352,0.050408393709818256,0.046833110881781014,0.05006232749425786,0.018114250776537097,0.02748683602098676,0.021529535459963466,-0.5278015959616337,-0.5112700855845421,-0.2581633402454941,-0.5486970800825035,-0.6994335757241569,-0.6908803279701383,-0.7146907873990888,-0.267275545072507,-0.1137645040975167,-0.2406030846393513,-0.39107829704700914,-0.5060846352413529,-0.23875373993243398,-0.45741123492293756,0.7786776244148439,0.77631752258744,0.8469897401747982,0.7844345126270792,0.7457581609580446,0.7223352259315536,0.731109805634481,8.807402106954374,8.331934482013235,9.559796220719905,9.57031025341076,9.81859355595302,6.300344157189325,8.766235444340685,23.386748865038765,24.696868871428848,24.243744309929394,25.367783249159743,19.093056879516308,19.994304885379247,19.443553053351227,-10.188178200419406,-10.145936032763633,-10.410494663165275,-10.115832590381482,-10.101756466445904,-10.276874914131904,-10.100077591776621,11.887446456192027,11.816769324690766,12.654143156612271,12.60653004668496,11.159226535076613,10.638934066503342,11.02440309735392,1.9162531270662768,2.103219897608217,1.768583526197334,1.8524864641075953,1.6123016751557557,2.066834335256047,1.7660613576457127,1,10.086642839972075,1.8197100279551304
sub-055,CN,67,M,401,0.25448036030574067,0.3726233761138615,0.1750498084319593,0.2241294749973775,0.2112800719773544,0.0856278358972952,0.16106743514766736,0.05359960457027547,0.059407129462596915,0.06600755881911793,0.056020482771147566,0.04373772805017983,0.024612394452285982,0.03816540144140298,0.35345664015416145,0.2803545559672375,0.2628730611723682,0.36603771783696737,0.3452197766855525,0.7323824431183865,0.4845060574263421,0.25003877543627473,0.18372997187221266,0.387983956491689,0.2678784500760538,0.3279347587336287,0.1226784921017813,0.2559794999285844,0.08842461953354781,0.10388496658409141,0.1080856150848661,0.08593387431845327,0.07182766455328515,0.03469883443025106,0.060281606056003245,-0.8143085721594149,-0.6828206226468888,-0.60125058173749,-0.8155416856624698,-0.892920382606996,-1.4737194384086632,-1.0925040273170543,-0.3205100038930133,-0.03431815457954529,-0.4401501504368836,-0.3676157428708571,-0.426414772485541,-0.8896526258298665,-0.5948603420349164,0.8076850147502771,0.7870589300245895,0.889700585613982,0.8314145002217518,0.828108501752137,0.6787587535488863,0.7843881577984014,9.962782911392333,7.396883010571118,12.438094975518297,10.890108586430673,11.542578933829283,11.006119084345535,11.261171569374662,27.83149736716385,29.505481592708687,28.320705097419346,28.7933133284392,26.253519936641492,21.682075205606502,25.091107954806258,-10.309845630061615,-10.295905384850595,-10.47178537882783,-10.277305171869974,-10.43279488453313,-9.996383899826874,-10.243088126083217,14.137639349364061,13.604926333950857,15.832136640348972,14.46402927616699,14.26057651613756,12.623203363066821,13.787663528052603,1.74693374208993,1.9646599872213906,1.5145404000219107,1.7387624464029954,1.614336575494048,1.5487202384995387,1.598636470561018,1,10.996756571913144,1.5995413033204802
sub-056,CN,64,F,427,0.1432874841428326,0.19447803342792164,0.12147757441981201,0.141317527860833,0.07623132537466666,0.10135957694579975,0.09169795789703383,0.0865180620565873,0.08269645449808058,0.09591297829417023,0.1083459258690712,0.06243098944878892,0.07827619544171605,0.07594150364473364,0.6601036609179312,0.6057943352009315,0.6352150672935176,0.6355663646026436,0.7848041529730277,0.7495430459119803,0.7585142954246996,0.08431595582242872,0.08047659056659795,0.12537583043080436,0.08969269292535959,0.06408891447056686,0.055751010127204,0.06034445624040029,0.0257748370602204,0.036554586306468476,0.022018549561695258,0.025077488742093052,0.012444617732950204,0.015070171573299814,0.013501786793132959,-0.8875479031249961,-0.8645662754181158,-0.824286217085861,-0.7679564931996467,-1.1014474819963562,-0.9812095807014388,-1.0065652063314776,-0.5277552504740818,-0.4058580400978974,-0.5444160117008239,-0.4713181952082078,-0.7877352594029751,-0.6523084420890222,-0.6949115998157797,0.7125715795013309,0.719555175612836,0.7574422874080802,0.7235495547291753,0.6714777931893705,0.6605076602631923,0.6636449580455895,8.886195607545258,8.72737349009928,9.125315687224392,8.769369108348805,9.226858318856204,8.806051830513976,8.950433256115927,19.453852365875036,21.579636329669558,20.31483097614661,19.128645436468332,16.507367708766754,15.792281421662704,16.194630195543578,-10.291487703951214,-10.278338307466639,-10.515830468600507,-10.258775013061507,-10.257538470970069,-10.117345675924433,-10.158589521803918,10.814053568014199,11.061573472087943,11.172903558800044,10.760439035098871,10.411363485865213,10.12072310663147,10.188636861441465,1.8605672737114247,2.0450854466989337,1.701645765784065,1.8805648620005797,1.603682504071273,1.7984679080280979,1.7079629767090319,1,8.829668763806913,1.9247340703385447
sub-057,CN,64,M,387,0.3168088493561124,0.45313177431469287,0.286483737038775,0.2541798197075724,0.21913988012008476,0.1569277936282084,0.20143097537838253,0.12518017290470568,0.12508729179235348,0.13203364667363837,0.14141526701696877,0.11049496333848711,0.10478267226934107,0.1175466838291016,0.35852876366338093,0.28177609673040904,0.2976426448165214,0.33133477731219374,0.454043769519171,0.6296077401177614,0.4805737513632278,0.14176008992846076,0.09391145940795477,0.19421713111752262,0.18464143254993348,0.1789462162829755,0.08900286019192138,0.16020189253806003,0.05772212414734019,0.04609337775459006,0.08962284035354247,0.08842870341333096,0.03737517073928171,0.01967893379276838,0.04024669689122815,-0.44003214390649087,-0.3478885924126229,-0.3546357559118571,-0.3663261012047862,-0.6131271126875161,-0.7783987883588509,-0.6052631547568106,-0.05538963399898693,0.19446262698267122,-0.07427097681473356,-0.11445729903814916,-0.2840016390131992,-0.44049719561152756,-0.30544692769402276,0.8166463242741,0.7775537849859534,0.8776487051958318,0.8806770455832473,0.820599410835512,0.7279755679396038,0.8090676964645294,8.12733267388258,5.046376227320059,9.37980667109447,9.476349427619203,10.608847798009728,10.611663047369621,10.453072183062856,25.492256994928958,23.29317253502034,30.56257466682869,31.141132403267818,22.548112215448388,18.702042449302667,23.044239358677434,-10.394108101299858,-10.294575573722344,-10.694138602012162,-10.448022745989567,-10.524837103569622,-9.988503403968652,-10.362204261824903,12.452527310077684,10.899016078129932,14.238336190268996,14.399746017536915,12.511229127070587,11.228613161200029,12.483325569896476,2.090327926977121,2.4744375254545723,1.9323122355059545,1.963584212205483,1.7930568487795726,1.6823619163523904,1.798446150333571,1,11.12131862622098,1.5135616201230917
sub-058,CN,62,M,351,0.22361288854042988,0.3299099207355351,0.14780425437296976,0.16178914169321626,0.19973969994671245,0.12474350369375452,0.1475045553061291,0.06882971946424189,0.058812244545327956,0.08114901665222911,0.07659714023167526,0.07398303511660653,0.062147120885046134,0.06936064601608909,0.3902514134632411,0.28734548484777805,0.38136026757037617,0.46011708194434014,0.45807546177294345,0.5222914730299074,0.5240557759933077,0.1846306359144007,0.16990000453387064,0.2597837356807735,0.1622504618531373,0.19009951767991484,0.1600152215709526,0.16322099483378222,0.1326753426176866,0.15403234533748833,0.1299027257236518,0.13924617427763114,0.07810228548382288,0.13080268082033908,0.09585802785069188,-0.7407650532229987,-0.6790115372658164,-0.671408995948836,-0.7669715332215494,-0.7928636583107856,-0.930375577355599,-0.883006408581562,-0.31557728844454247,-0.09123037931956336,-0.44715816990878504,-0.4402925663152011,-0.3743965453774803,-0.5657607070448822,-0.5146912590971852,0.8229008228223403,0.8002423624664151,0.8745092986318618,0.8136148967227339,0.8322296970538455,0.8293712612057511,0.8048987347782239,8.496212779277895,6.85628127074523,9.513579706008883,9.611583163033622,9.287365180032157,9.292453300402904,9.207128687882937,31.20226517424002,31.4655556104569,31.471771893904613,32.01187657321833,27.10125625098337,34.40877915491238,29.773292394444223,-10.26947171993065,-10.148398628547033,-10.51113589818565,-10.195119811267258,-10.4689486099858,-10.180219754634852,-10.264610393566203,15.213011168642666,15.06091506586455,16.053986371458908,15.72502474517255,13.58230733944976,15.905913314871258,14.342218696182496,1.8404417637278643,1.9225103074838128,1.6761979764832595,1.8400758096282268,1.8205592439341738,1.830123229338763,1.8535410565021275,1,9.169561797211857,1.521679460282952
sub-059,CN,77,M,383,0.3089044954107862,0.32171696832899727,0.26212835715488664,0.28598432491753656,0.28464681886200116,0.41645190339057325,0.32663021857953617,0.08325917733135169,0.07551143405934456,0.09869979133232576,0.08561121753946829,0.0812560383049865,0.08551598590522994,0.08401339255320552,0.2292201099361745,0.17283741182916063,0.2184499353343492,0.24427878246208826,0.36667205537195185,0.20641955200796785,0.29860094442692414,0.2323607771641488,0.23050050154983096,0.3149467077378414,0.23175316855811373,0.19951834327517484,0.1654717139992536,0.1922676864074579,0.14625544015753877,0.19943368423266628,0.10577520844059697,0.15237250652279288,0.06790674418588617,0.12614084469697584,0.09848775803287654,-0.4226664107375425,-0.35626608116790087,-0.34356377082901784,-0.447139685803306,-0.6545113848321866,-0.3770075128205822,-0.537442484120478,-0.07334465539142868,-0.021072999433507173,-0.17077585908443818,-0.11102161588227415,-0.18954232761368303,0.13950178361043278,-0.07491425221835593,0.8755150788982021,0.8880457781071478,0.9002797750223532,0.8941978790623999,0.8323069583287451,0.821957168006455,0.8391707039614437,9.857915570531041,10.982826769378082,10.344620333134676,10.015477383698581,9.43166151347205,5.514926689914355,8.263684732484874,33.5430157124604,36.41030983308339,29.753631158195812,35.38290776096236,27.239132803832955,34.96760338761412,30.90123880519761,-10.809336382073372,-10.72789370222307,-11.014270727757404,-10.783576964365512,-10.904690235055066,-10.695472298966557,-10.79429888700306,16.154333534124483,17.8331410770135,15.28691371858929,16.699626375718864,13.225100555040571,14.88290064275282,14.22706309221451,1.8504640487343391,1.803355013765826,1.7211792219570647,1.8447470675109392,1.942750126142838,2.0822777576240967,1.987342936617149,1,9.861892506413902,0.8921055900546957
sub-060,CN,71,F,355,0.4343134408764698,0.5781002666621757,0.3184659365435527,0.31890993595469563,0.330974624169831,0.49064604202938117,0.3540440189508839,0.06378814046975409,0.05705871957931319,0.08043929563566801,0.06319220626744475,0.0694516569664022,0.05506097449707279,0.06308172862832977,0.11917274705741203,0.0788375028580204,0.1197553587204086,0.16694638790096436,0.13190613295885706,0.14482482372151542,0.15883461898736767,0.27426218236098276,0.18605097844879795,0.3698383757143391,0.30210187969018343,0.380684453030971,0.22432430536021186,0.3228676908795446,0.10846348923538138,0.0999525324516927,0.11150103338603172,0.14884959018671198,0.08698313287393906,0.0851438543918184,0.10117194255387418,-0.2494149506557744,-0.12992558392927808,-0.17654634211161027,-0.40527829763568185,-0.27911609600949727,-0.42065223502435856,-0.3938396259055506,0.11342439246154434,0.39601635521875306,-0.08918567044081853,-0.09113474563181488,-0.10840593005631571,0.17013137712836673,-0.06707777744895473,0.8251778249640415,0.7516109872940451,0.8905344430567309,0.8951808159966622,0.877771060127185,0.7657309948600368,0.85504766827989,7.27222764276959,3.1559986818398653,11.69202658420712,10.530161144872036,10.971811002336416,2.9840885503122117,8.966027020307122,30.89927763207412,30.892016238304517,28.3396233707119,35.4998269361523,28.36293971766428,29.36758216576941,30.68030951037975,-10.657276723191812,-10.561560539822475,-10.81707437353723,-10.673662824597367,-10.846473604862302,-10.436019364149532,-10.670982189845047,14.639304362328406,13.370470577761036,15.65213687280915,16.795743772418998,14.850200009752768,12.931751551275358,14.885703855062816,1.990350339881024,2.3237476880287855,1.6315311369417154,1.777799552194866,1.7188663940018507,2.1940159199638964,1.8547242573086038,1,11.506300451088213,0.45395700787443793
sub-061,CN,63,F,356,0.3857522896680145,0.4960135836497996,0.3166509171059212,0.34247906709024123,0.3624641306587413,0.22496850324436365,0.2966748108167948,0.0571635375181135,0.05260282617715413,0.07533618829889861,0.06332425993361769,0.05607760184483478,0.03517450971920312,0.04907752400889541,0.3644483510852475,0.27398834377908093,0.2950430699153873,0.37571456454415897,0.43306832877510965,0.6597039049590039,0.5259861137637063,0.07380549287480682,0.06376794447790848,0.10656531065803383,0.08893933780525086,0.06608240723744215,0.04111412418426952,0.05980882395535142,0.11883032885381757,0.11362730191605672,0.20640451402175822,0.12954277062673086,0.08230753148387236,0.03903895789316078,0.06845272745525238,-0.7619409336729069,-0.6568205101866267,-0.5772186992627325,-0.735208827529758,-0.8886445998847873,-1.270354480458627,-1.0296438026299046,0.013913302100515916,0.23413542579257315,-0.009899949340651991,-0.05181309258725867,-0.07656294558398984,-0.45397709275762477,-0.24166351326267263,0.7498773055529052,0.7155241711608883,0.8473124098007331,0.7896325088662641,0.7468287943708467,0.6490229796995933,0.7188024027846639,7.275949528732063,4.464511968572544,9.95971716983887,7.767517334116115,9.00123533480014,9.519265207759947,9.169102178486089,32.78616650915245,33.2333876296774,37.21851038235257,35.38951711725811,32.05531267416814,20.461956313780146,28.372624776709838,-10.622408745996488,-10.447260974312387,-10.999158187831648,-10.641708506113085,-10.888033732199277,-10.23326478460072,-10.596151831918164,14.176885001737253,13.363761035247425,17.814085622215856,15.180614037619572,13.067168706019357,11.224134325545954,12.535479297549013,2.288082120248634,2.509951390019372,1.9742605779174784,2.1230054012692374,2.347351605900425,2.223521199028891,2.279673400576289,1,9.964190677330022,1.75003676126188
sub-062,CN,67,M,409,0.4832229577169933,0.5480577939796305,0.4297304946279632,0.40291268722312246,0.4375446279419654,0.5656777610815911,0.4838983763502375,0.08062585784614172,0.08155021831632826,0.0908415273293252,0.10015339025513544,0.05490466325169422,0.06159381904939738,0.06328970984462615,0.2873009779127019,0.1960151286617811,0.2941483271368703,0.36764840438360313,0.39846165339520595,0.26909456028911427,0.34358598462833384,0.10483148014009054,0.10378620618425302,0.13597486733929123,0.10137115663797915,0.09522106060261597,0.08311113449715554,0.09231347152198957,0.044018726384072386,0.07059065285800684,0.049304783566550124,0.02791436150015959,0.0138679948085181,0.020522725082742187,0.016912457654812814,-0.5463937055096648,-0.3891531894425588,-0.5047291877233954,-0.5700786973452114,-0.8606297288459328,-0.640508269748444,-0.731881314480563,0.17334751013772107,0.34013611786348014,0.08238968200487409,0.04010617587095283,-0.0010450532145580723,0.25409563885879016,0.10792933411843451,0.6442136460433466,0.6341878593367898,0.6964483705194945,0.6813433729008922,0.5922112630652364,0.6046959335541487,0.6071988946418816,3.325280607081179,2.1858616582601127,4.553949071670666,5.931310909704499,2.7413840741498743,1.1340284252209947,2.840395405938414,21.546874904823866,25.57929347006774,23.847039602383187,18.222988101724066,17.448949128511156,16.777825150800012,16.78647289061478,-10.414240510466257,-10.3881175507942,-10.589529136415289,-10.365689307822937,-10.377893844042307,-10.394360335317478,-10.363727807481098,9.720433084204007,10.702877327807922,10.668243406411369,9.379778439888621,8.188699746774235,7.839072043054697,8.144462376417362,2.6790292412790144,2.805259544983244,2.546191830773287,2.6608067789570216,2.362248216306311,2.9480957561758405,2.6762098194969868,1,9.060987695138326,1.5134424236666675
sub-063,CN,66,M,387,0.3610326330294125,0.42981402314895717,0.3459965524259541,0.2863003478507411,0.3779919531622971,0.2668774786742095,0.3043987820932116,0.08921145532478436,0.0936423651371474,0.09840527126806094,0.07852046975823541,0.09264997476164738,0.07613673904440213,0.08367801091755812,0.2565967118030102,0.20370817217640175,0.2078331645887539,0.28419025892170274,0.24253821617051793,0.4807525705288772,0.3556479228123903,0.17577792035421572,0.1477507023927409,0.19942822000271346,0.1997168449209167,0.21514790134897396,0.13146491312109132,0.18863788028040468,0.11738127948857723,0.1250847371447525,0.14833679171451744,0.15127207854840397,0.07167195455656393,0.04476829863141961,0.06763740389643537,-0.43319349020711617,-0.33190734573094666,-0.33085625096874133,-0.5173744179536609,-0.41523900869271024,-0.7997707215097911,-0.609878067145315,0.02042292150020117,0.17716183267990407,0.024710515385777992,-0.11508407571723828,0.012415617587123359,-0.25156970815262863,-0.1502193236527751,0.8574397659839811,0.8452080528744178,0.8844631463178877,0.8853619302831086,0.8569935966178456,0.8045406168175417,0.8434030540471135,7.917834837208315,5.9029635878395235,8.815286960527985,10.00191151704221,7.709164431789401,9.768558273480146,8.915710151504113,31.94852338181528,34.09987956622119,33.07556772125752,34.90540759031449,27.43712621432014,23.581537561475532,27.224558058415106,-10.686800815426826,-10.711388897697615,-10.821316843535937,-10.612522353909512,-10.792792142885922,-10.38853841716139,-10.628356848415965,14.736020010827675,14.748839456683076,15.721555083650594,16.53190662426745,13.151199222370797,11.998307296905136,13.192035204099186,1.9662422195433957,2.0761689696657806,1.8900573733047918,1.8379799889495447,1.962135439545569,1.9584604946573938,1.9371504723485873,1,10.14416093613089,1.077830026531231
sub-064,CN,66,M,356,0.186278398908685,0.2792650453355606,0.12855345970267565,0.15247868660663172,0.12589386298465752,0.1055887737137823,0.10445720684941327,0.06750675646752406,0.06006010904197524,0.08191700859502526,0.07173778763660009,0.07148298787967304,0.05752823480931758,0.06422543884909013,0.5967549572253347,0.5178271214911586,0.5740851929119845,0.6338096659928059,0.6467581608302765,0.7578928058226213,0.7153725411448308,0.12063644979026207,0.10674934164712659,0.18244011011627348,0.11257831153608558,0.13644026190195124,0.0689463961430385,0.1013070455922778,0.02882343760819427,0.03609838248417918,0.033004228674041174,0.02939554822787661,0.01942472640344195,0.010043789511240523,0.014637767564388032,-0.9438463440919315,-0.9297631471286242,-0.8495366443226184,-0.9405620819019613,-0.9584054523553288,-1.1193319451023214,-1.048571982113037,-0.48036478676941674,-0.27973984177980044,-0.5561093961659386,-0.5621836941992788,-0.6047502427796297,-0.7187191812632472,-0.6981980063774919,0.735667625018906,0.7318183294967434,0.7954112757948085,0.7293206697975513,0.752726220936664,0.6466306997486946,0.6926607638762338,8.766645419484297,7.905259870515974,9.331555455492316,9.1552361322574,9.351556012942753,9.279582471127492,9.276661816863827,20.756004163609933,21.560131691046497,22.702960672037836,20.83811530068664,19.56826908133031,16.638503404206137,18.17249982416837,-9.885044880869943,-9.920247290942285,-10.04721839446592,-9.849483581322596,-9.886153888821065,-9.588035262390793,-9.715585303303168,11.170250495302511,10.914859049543281,12.228616042049628,11.409406622169884,11.126834018870658,10.063384696252188,10.631813625378538,1.8606795504513804,2.1610128698781703,1.6987769322245698,1.7932494380967174,1.6197223698310015,1.5486628554377255,1.579741062252051,1,9.622409184392577,1.8471803901616486
sub-065,CN,71,F,407,0.36664365993475484,0.3836698964263109,0.3843888855896757,0.2986807519007199,0.40001422493397665,0.3663039623011637,0.33788019638473,0.05814339425972186,0.05338688682424959,0.07237477999418812,0.05844755923133581,0.061972662678678465,0.04709185911051267,0.05406203291945324,0.23597381340926832,0.1635005943172698,0.17317733225132562,0.33299394592650683,0.22199097118558198,0.4107588002692298,0.3548157639321689,0.1925938778911156,0.168557117608067,0.22305816028432335,0.19673108764053027,0.24851606322391726,0.1388684177939423,0.19813785962334882,0.14664525450513938,0.23088550482410272,0.14700084188048707,0.11314665530090706,0.06750607797784543,0.036976960525151675,0.0551041471402988,-0.5652587014610085,-0.46733837610102774,-0.38056432732885276,-0.7010974643805928,-0.5523544391747196,-0.9327002690094404,-0.790881976634899,0.004179984155025047,0.12313324100173773,0.05735416158649812,-0.16809742230905728,-0.008054481037264595,-0.12901117023907985,-0.15702357356274158,0.8446343961337334,0.8655358506692045,0.8682431930167359,0.84410422781041,0.8314027423977742,0.7569739271856655,0.8046472074360639,8.820309321191164,9.405727847515072,8.208415593869043,9.723944136301187,7.944218442881315,7.1960517572853995,8.405362063287422,32.57843467281738,38.183499962505756,34.088145232662754,31.471302160601297,26.989832305137963,21.29330889509124,24.93620112131377,-10.715427361170066,-10.697581916654359,-10.854646178847728,-10.577960590044443,-10.970632754264722,-10.46118364306782,-10.698222903934811,15.892435469867,18.844551873892847,15.99096663342362,15.101444612615438,13.094785929502061,11.190687335492118,12.55212203943067,1.8888552789486415,1.8133065722979216,1.882630218149748,1.8658425299141803,1.9701936510704814,2.086631283310664,1.968668312685135,1,10.453811471636524,1.2103045351333002
sub-066,FTD,73,M,251,0.5925716452838374,0.6526553360086191,0.49566182491607447,0.5502758168072501,0.6111126676358888,0.5844235817238432,0.5853080703824682,0.22161521087815717,0.1891361323916973,0.256862698438236,0.23881408071454263,0.2230016318692214,0.24594338308128114,0.24249474749227873,0.1236392833864649,0.11042265396223451,0.14602866508451154,0.11724286669491812,0.12937762290848473,0.14049873792426507,0.13546834478068512,0.0385006006353099,0.030782384103176023,0.0607042818201462,0.050678265781062264,0.028467903902299224,0.022902551528535278,0.027923654207137577,0.023673259816230433,0.0170034935342731,0.040742529741031736,0.042988970002226644,0.008040173684105768,0.006231745742073724,0.00880518313742988,0.25702782804039875,0.24758878661819392,0.2395564907505265,0.3113820265034624,0.23421603104247848,0.24178077752367705,0.24966700019180751,0.7116160523913984,0.7934888357777966,0.5620356006985796,0.6745499665857642,0.7232478280689042,0.706116496173242,0.705176117861882,0.6937911454648347,0.6719660482242382,0.7540730531985108,0.7169872111574136,0.6683038432335163,0.6715949461682271,0.6766780523264123,2.2441418951798133,1.81063669222826,3.639647348349373,2.5290628625995097,1.7048539752479381,1.9072418708143264,1.9800636120593462,14.881998256749455,12.22809201469995,22.591799009353746,18.927613820569917,11.04998806026211,10.26275314210637,11.098010860177387,-10.041608670153128,-9.990267490960104,-10.233240961422183,-10.039934186187315,-10.04759551967477,-9.928223054074293,-10.011705796318681,7.689430247860403,6.998445767327199,9.729481560211545,9.199819268729748,6.298791469311355,6.112979087284788,6.451554816448307,3.2436480819239937,3.6792077289019685,2.7644446572529033,2.984251976222004,3.2056827455187276,3.0137346705195953,3.120530611716004,1,7.940101226763143,1.0766426412410564
sub-067,FTD,66,M,227,0.17915327004174425,0.16239904572838698,0.14734646412190586,0.12280821983324613,0.21052109283254797,0.3511416302490428,0.2246543805527437,0.04023804934114267,0.04545810995596267,0.04576086302350224,0.028687856430379004,0.03886389557162532,0.03884523314153669,0.03640373967341902,0.23170635901965966,0.17200464162551563,0.23556287632147188,0.1893617107280647,0.35910262193759784,0.32847249615272867,0.3230593881782946,0.2995615911086444,0.290773060129024,0.3968855903156408,0.30776113434011015,0.2831494480459255,0.19255457885796817,0.2608191903617581,0.24934073048880898,0.32936514256111094,0.17444420621747914,0.35138107866820023,0.10836294161230293,0.08898606159872342,0.15506330123378456,-0.7460339628008618,-0.5830589763793274,-0.7213312430035703,-0.8018963218422324,-0.9585079406925342,-0.9230648100519201,-0.9430075468022782,-0.43405655873929716,-0.40493033367262904,-0.5343403438483184,-0.5680721468398912,-0.4252839620306417,-0.1307003876708993,-0.38313361409395735,0.9154304564832468,0.9487112963401229,0.9302481778614685,0.9527905804590423,0.8549703936080281,0.7926907812780848,0.8628923359866956,15.390111630716996,17.616614353480582,14.25988983668145,17.72857360528673,11.8188310669673,9.97268168858281,12.287752144646126,38.112846197934694,40.219627063465836,37.30538295076357,41.649248829737516,33.72223016366879,31.463426827125538,35.219716534578914,-10.182494900321759,-10.029168683612696,-10.487595585691908,-9.983157764748196,-10.428105106065148,-10.291744593280278,-10.324368416097352,20.37959066923782,22.68750489777086,19.114556859754547,23.82048156049913,16.053557569167396,13.806709451180092,17.215758342647487,1.5879852760899662,1.4861880558283145,1.5499371627652163,1.4267527826717945,1.7533899890525448,2.0757056343853493,1.768905035843207,1,11.7706214051247,1.0496774925393169
sub-068,FTD,78,M,268,0.32881619399540124,0.37913921425961755,0.3170295474716948,0.25257305841935396,0.2721250857425024,0.4078885263876465,0.29779772654386905,0.09025270273203327,0.09473942114912835,0.10144445970932821,0.0866544918686975,0.07365499278599774,0.08985453945198293,0.08068839127925573,0.378655956352283,0.29478742395702123,0.3611316133144053,0.44537952008015386,0.4955052170571885,0.3897613157794153,0.48989499466953684,0.11040637810444849,0.1123983316200244,0.1383688268538518,0.10918964482966088,0.10298552533982995,0.07505561337233085,0.08621917736884388,0.09186876881583413,0.11893560901420855,0.08202555265072003,0.1062032848021336,0.055729179074481515,0.03744000500862474,0.0453997101384947,-0.6125589089627851,-0.49468036997471465,-0.5534443260772398,-0.6898793980537582,-0.8282017642050142,-0.6357004087040595,-0.7800950855707312,-0.06626911023169418,0.06990135322435044,-0.07685834628284512,-0.21314163933023839,-0.24143243160589403,0.029508162007264256,-0.18835908372097485,0.7994313206354532,0.8117774473248726,0.8232481365358216,0.7917102124685516,0.7941901584710207,0.7437986129523846,0.7568283402666102,7.9779281618102775,7.257715787016484,8.626238217424133,8.811186248960142,9.32514206458127,5.838869361711555,8.09876653156628,29.567596207436825,34.19255692912451,28.812750997626328,29.65181838230123,25.056781406866747,21.110279347372,22.940867279122607,-10.687100124185,-10.691953644299785,-10.8555948696741,-10.581264343361125,-10.771112939441347,-10.503023024312824,-10.593721256585708,13.195679867546692,14.414689717905848,13.026910956647072,13.84876393094827,11.890936319220295,9.833245953325513,10.94924297745022,2.124468975275154,2.1451525131226536,2.102667359908503,2.0229517496364435,2.019494954380742,2.4452744984779238,2.175788738146357,1,8.729626856795017,1.5142836824053454
sub-069,FTD,70,M,303,0.31943179232525987,0.3799030758231284,0.18672819175581049,0.29001543254460543,0.28625578662022527,0.4154344290557547,0.34321062383080436,0.407372059917595,0.3507463431817257,0.49836154761408097,0.447300252465862,0.4269416535627695,0.35986706138411273,0.41632083039331313,0.1834281028182488,0.16020218898942698,0.1999125863993748,0.16750829579751836,0.24006585579976425,0.1868750604166241,0.19928836788155396,0.05988930859906131,0.06751879951495218,0.09217960178812956,0.053257385553769104,0.038245417219882685,0.030480333769193256,0.03327627858855238,0.02987873633983492,0.041629592490766545,0.022818072442604347,0.041918633638245266,0.008491286797358126,0.007343115374314559,0.007903899305775964,0.3481789207567951,0.3355871172296257,0.3976767187779598,0.4292467139450386,0.2614619669270789,0.2859433804382281,0.33182834954869767,0.4807683218908996,0.5072513764959108,0.37019995852763743,0.5298104367078804,0.415762357556494,0.5533548926859013,0.5243011610719845,0.7513594598251004,0.7676686215721669,0.7628805721052586,0.7521980603502828,0.7244756903748709,0.7156441784151094,0.7163837826241181,6.248471980208785,5.76262702739521,6.986105927861753,6.664849405687525,6.536219371708701,5.5781024553695016,6.18679531109464,18.822996236320243,22.221970039058,19.714200275304695,21.085695552293004,12.18383684119263,11.023122329007307,11.400819650043275,-9.85688387979945,-9.91806045911722,-9.951880906518749,-9.77565209221989,-9.788064319797213,-9.765963227270746,-9.756305546345903,9.2654142010719,10.001905452486328,9.776478120886093,9.918053907670108,7.6995659477212754,6.964591908229647,7.329764789267946,2.4536209340449533,2.657440107319094,2.173431210162574,2.4275485498185203,2.2510892185102915,2.516480755163891,2.391077522130113,1,8.340650880227606,1.2673160787192579
sub-070,FTD,67,F,228,0.39054140936332865,0.4776245864954287,0.3571737201523439,0.29493126437032846,0.3797779126631388,0.34316735825374006,0.34523524779127357,0.12823169621923527,0.11486499092149426,0.15952440233310314,0.12390730341118593,0.12637696411728025,0.13950698935955808,0.13656691111915564,0.17461976384121985,0.1275059803261422,0.15914017973028266,0.18831718528663144,0.23557643681357257,0.2439075299610452,0.23380443933690107,0.1780912986471095,0.15270337894813074,0.2219953650567161,0.1923516692898234,0.18243739303824727,0.16605303510699082,0.16982296862721327,0.12851583192910673,0.127301063308804,0.10216633272755388,0.20049257764203046,0.07583129336776122,0.10736508731866648,0.11457043312545634,-0.129088472321966,-0.05170876046106741,-0.006579531299521176,-0.1956160174239075,-0.2685373392984113,-0.2414524847002274,-0.23023834925755327,0.16794102555690557,0.32835991372292433,0.13451322078525704,0.023953623717517053,0.08406376694469642,0.07040731573040357,0.07781833374668382,0.855059621559361,0.8267112857094773,0.8685019972776974,0.9019807910732867,0.8387566708468025,0.864727320497434,0.8628234886557501,6.713697109175516,4.253282638908936,7.51200525562345,10.026751626692459,6.583844217084934,7.696355838538635,7.328000325956869,33.722863300247596,34.19554466005832,31.141124479505294,38.21937370923479,28.861996589763972,34.23936601977461,33.217085714558195,-10.70067667263533,-10.596530643952491,-10.828574554521227,-10.55677940223616,-10.914842969755421,-10.839886045314604,-10.838828813660983,15.020115420884075,14.585151216387397,14.307213629455523,18.01678282980535,13.025252526698878,14.610802347200512,14.754793756942027,2.0564549712946296,2.167038744019995,1.984195141849833,1.8401550804545987,2.139830096700518,2.085338604494276,2.051259653508365,1,9.75971133470073,0.5273684976392161
sub-071,FTD,62,M,300,0.2818923763263881,0.4128500807305779,0.23937711919032675,0.20282920565349505,0.1688174439272332,0.21505203656033467,0.18450523551611098,0.09330622776085279,0.09071378860106909,0.10436247375075303,0.09849497196960368,0.08740820355643118,0.08426494372437612,0.09148100728078078,0.3644933215198149,0.2671651775034432,0.28379389873032984,0.380533259628032,0.546796533636068,0.520656265370529,0.5071115987973076,0.16504813323694445,0.1327636252380436,0.24834512165651035,0.18107692904144432,0.15542052880509608,0.13548224364252118,0.15837006036699805,0.09525994115599967,0.09650732792686609,0.12412138667208002,0.1370656337074252,0.04155729007517115,0.04454451070223849,0.05853209803880222,-0.5735422464834948,-0.46507255130357233,-0.4413550948650979,-0.5857073504404461,-0.7977689240269145,-0.7907966828117869,-0.7456078766953169,-0.1550639636470239,0.10661823699235795,-0.20046084217033033,-0.27024330199242275,-0.4427627216172388,-0.34094953445378107,-0.38546467329359124,0.8405151921747819,0.8206963195230256,0.8993995780009026,0.8924891258678795,0.7848940187709287,0.8010385604363329,0.8159524802472221,8.4669988135654,6.27270747868095,10.150945813250768,9.98879974852348,9.330794389797772,9.281802751868202,9.540703019703269,30.988807041354537,32.55532124619158,33.50651227793784,35.90149018167385,23.19818642576676,23.59001411229298,26.148798113534713,-10.43045329172123,-10.342041934497596,-10.643448865910663,-10.407365958449276,-10.471112157966468,-10.40558604789586,-10.440692604869614,14.333318880905587,13.796324222494905,16.143064437787505,16.572039491385937,12.286937930649051,12.090312054444214,13.055014679397255,1.9874574170461685,2.207791545325388,1.7994918097979038,1.8421157143896532,1.8630108189995511,1.9755896813242537,1.9001063696063913,1,9.345801979574336,1.3039275446345222
sub-072,FTD,65,M,309,0.7003626312159025,0.7474069388996715,0.5884331996091725,0.6608214666582839,0.7051885576786184,0.77544514115397,0.7272750080970946,0.1778373704303368,0.14019858571181548,0.2179751432571064,0.2304367495591447,0.17963709614132584,0.1414681108809072,0.1740255327209858,0.056552587045424964,0.04649052874477404,0.08250162663512697,0.0579064909353182,0.0591362925890122,0.04626286561798294,0.052754437668349786,0.041766008782453595,0.03756965196838582,0.07219786067211019,0.03250510306398561,0.043775542767654975,0.026312990256339753,0.0334104061990441,0.02348140252588199,0.02833429467535307,0.03889216982648439,0.018330189783267312,0.012262510823388145,0.010510892090799688,0.012534615314525276,0.49821058849687433,0.48541306695834274,0.4212562269910534,0.603865440100362,0.4724005408974734,0.48583882433259173,0.5128004316539233,0.9704738790995274,1.0362207531778158,0.7170191592834808,1.004874293236726,0.936599297833975,1.1025529431735204,1.0268671423365627,0.6465932932884136,0.6302630727548636,0.7263257985409912,0.6524284302959962,0.6350443257352261,0.5898034845915875,0.6177550358832526,1.4318780123520016,1.2773265678297716,1.9645957210819713,1.570265627796713,1.3064519895718438,1.0850953083656631,1.2088623549514297,15.057215664799472,15.909291171142147,21.757734346056072,12.446987587376233,13.18519089955736,10.052666673424842,11.553075158060162,-10.081593882572392,-9.978952405533205,-10.350565405348021,-10.050074870017824,-10.132974214108811,-10.023349295850618,-10.047969942824677,7.238478508959673,7.430159795481638,9.440582727944221,6.87782399770777,6.244624607761003,5.476527551957783,6.022039312088272,3.874172455194105,4.021236631422592,3.0391394972247467,3.9691808017124415,3.7921310502216827,4.545042689770394,4.145143923961229,1,7.141257118214846,0.6567798627522166
sub-073,FTD,57,F,410,0.35363657403891446,0.45591020422617756,0.4035014481393287,0.24562016138837536,0.30155899587644436,0.2150307497776552,0.24538952435848155,0.1492068466387327,0.16450043988534885,0.1313861810025026,0.14378211295229315,0.1556503801091021,0.1235944358972465,0.13963524573412073,0.34398759464746215,0.25433116073572976,0.2666450630498479,0.4053949159774065,0.399351381517266,0.5679385877703528,0.48906331728957037,0.08062623255799335,0.06594549248526144,0.09647712386854464,0.09582811279547589,0.09335661263413951,0.058733155257543815,0.07918496583705846,0.07254275211689729,0.05931270266748261,0.10199018393977594,0.10937469688644867,0.05008262986304842,0.0347030712972012,0.046726946780768684,-0.33756415479125096,-0.18201142879293733,-0.3003010559534384,-0.42184643600572175,-0.4075428940879999,-0.6643606726680025,-0.5400623988219173,0.08170199500571215,0.29714230263687924,0.17252658100375154,-0.1030754098596037,-0.03263221044113573,-0.2675198427995284,-0.17176857254109848,0.7815543239288693,0.7603583851812795,0.7671567782544805,0.825002084577915,0.8096869358273587,0.7482419889111915,0.7810232302028918,6.507275256676906,4.158985345884465,6.0121903445357034,8.464319197390179,8.24405503487032,8.949659763945597,8.645305093452933,26.973364967880126,26.44546641725481,28.75989900730846,31.743841343352045,24.60771542604566,20.14873039773407,23.45724785181534,-10.760779268958823,-10.696289830504352,-10.840726607645292,-10.715031032410291,-10.999196854066534,-10.600441390955266,-10.799189314985469,12.04681265814796,11.0114191615879,12.78753008247214,14.349224711945865,11.502192704591977,10.77171958236006,11.42110058916724,2.3945714452728195,2.673283985306572,2.512551860549645,2.0601283111391284,2.2339921194758556,2.1518621892022725,2.182107166541005,1,9.511273198755102,1.4361801226539122
sub-074,FTD,53,F,426,0.45650810140023335,0.5660846234060001,0.411147340766782,0.3363653260566621,0.42597568370337807,0.4271155925626522,0.40768610172231107,0.12525386275888134,0.14107898917647774,0.13044338616100662,0.11138860048422258,0.12104151343647356,0.0961306837270351,0.10862944562242471,0.2622041426868689,0.1890818185585848,0.25331147550214905,0.2905391651605398,0.3205733599032673,0.38724740714100403,0.3592963881820682,0.08194511230997308,0.05886666178755815,0.11192239406823863,0.11067322961247356,0.08611123840606422,0.05404834275188927,0.07435516992191446,0.07408878084404318,0.044887907071378956,0.09317540350182359,0.1510336786861018,0.046298204550816895,0.035457973817419726,0.050032894551281584,-0.2967193090969308,-0.10798453472284678,-0.281780411834927,-0.3893516641595577,-0.421607182344357,-0.6071028453028372,-0.5187706584618141,0.2445211418457649,0.48307386302472566,0.17319245579360684,0.05265061708024142,0.1290201187206956,0.07357223101628974,0.07568696412241582,0.7510203582217126,0.7030723785969105,0.7644445499176316,0.8267713218612052,0.7705490831197427,0.7179069847386119,0.7525428111309943,5.101008097175846,2.737835675628521,5.779840813478745,8.425817946740121,5.2924541655179995,5.417073696495347,6.1174720789874275,25.3393583425813,21.619820801254427,28.50486393499314,33.80705696260847,23.556199560637054,19.348822281469644,23.43708938887379,-10.542757797427033,-10.445060620992626,-10.728541978839266,-10.490282038917474,-10.757734642563518,-10.388507892143487,-10.567560581072616,11.344331131909353,9.439813540042428,12.015425732071085,15.578485116684853,10.640472973260426,9.590980071623385,10.740292705569477,2.66942240074361,3.142643863022409,2.542904333460776,2.104327689499214,2.492754397299235,2.598115811347417,2.496342899196047,1,9.479281144198362,1.2367142168743044
sub-075,FTD,71,F,327,0.2031279112957114,0.30000245988057156,0.15257738082101013,0.17742629911830823,0.1378443390240052,0.08922136972311806,0.11431659997912394,0.13082023038868426,0.07685155421617659,0.13705063537531326,0.19896601872139916,0.17829706805518752,0.10285815634733272,0.1386485256736572,0.3520343588828574,0.17449044379745654,0.34802523472834795,0.4170695349475402,0.47054684537214486,0.6716126660502281,0.5697851700842912,0.16954390604821606,0.1950007079892923,0.21162434122254195,0.12842886362098616,0.16489317140472523,0.10653063331265619,0.13439090254686964,0.14447359338453095,0.25365483411650314,0.15072240785278654,0.0781092835917662,0.0484185761439373,0.029777174566664833,0.042858801716057986,-0.4005562366752278,-0.3240502891461173,-0.3994403158215665,-0.3114585857464026,-0.421838251765986,-0.8162732135291193,-0.6256536980465528,-0.20178961524323533,-0.01812524714617325,-0.28262185354506614,-0.18267169738805597,-0.304119986047733,-0.6081068256338186,-0.45857603319158796,0.84728549813821,0.8716193739331686,0.8995085059528618,0.8168185213168817,0.8426310762163126,0.751698007659378,0.7984247674364465,10.813123984155531,12.473506673229563,10.784459324668896,8.758590224089884,9.983362824391328,10.39849082140397,10.205973540645017,31.569511110909247,37.369809291427636,34.79223483467085,29.651650516424958,24.534136174338443,20.82316548727719,23.37078263828824,-10.1647358682345,-9.96723748499526,-10.453603325095271,-10.122625828913069,-10.514198971549348,-9.982704447951274,-10.234390358964998,16.15076563358107,19.42292876247813,17.40776346419429,13.86069202983656,13.00024322104971,12.118628762807601,12.751234317345006,1.8680188327651233,1.9010832360154575,1.7209877398099156,1.9897985477450253,1.8661667833971733,1.7320587049138882,1.8298023993487809,1,10.738701942048799,1.5639588155818362
sub-076,FTD,44,M,364,0.2368105135817253,0.2671804400084068,0.1853072077399224,0.205946634651566,0.25186511954440866,0.24691657876733797,0.2315694573030762,0.12135124054534678,0.0995606058923144,0.1243345934181494,0.1557376448759684,0.11401553954798947,0.13537417535654905,0.13665635146419225,0.13283688410405428,0.10202382942931763,0.1271334227864481,0.16809573131293956,0.15151498452444123,0.15070292239369054,0.15969267851858263,0.2326274363107581,0.21678872446543473,0.2822104859427505,0.2301959992284377,0.2445927604691525,0.20060324124845066,0.226735220484553,0.2763739254581155,0.31444640020452647,0.2810142901127295,0.24002398993108826,0.2380115959140081,0.26640308223397213,0.24534629222959595,-0.04863735118575172,-0.02602233718898535,-0.011635933186703607,-0.053574052264718286,-0.12657465151272917,-0.056512674524606905,-0.08592274203679658,-0.012007459152613356,0.05067776403982506,-0.12219035375959213,-0.044930811940709046,-0.035345105190001516,0.034721776216593975,-0.023042507281464085,0.930554396838572,0.9155319206223018,0.9577483964834776,0.9411161370041053,0.9231090783813851,0.9323865614828741,0.9308267862069445,12.78886263120927,13.594261827771305,14.842514191145654,11.485527872482214,11.753254021945374,11.04957053468753,11.487824749978184,36.59719085135151,36.95206658142121,37.64854236713193,36.61765933933958,34.74510770637867,36.515286263920146,35.47160910224676,-10.446068755725987,-10.333902297647425,-10.51211005328195,-10.51806751415224,-10.570159826713413,-10.409455289333353,-10.506898878898244,19.312956290927513,19.955734920060706,20.236916600382894,18.710955506068498,18.027616227162174,18.809302290144316,18.336975211637476,1.582479302698853,1.564173513771324,1.506227047444843,1.6199531975403234,1.6219537814211844,1.6267684390597839,1.6222662883184955,1,8.039797685536858,0.2861174570752709
sub-077,FTD,61,M,314,0.44941636178819533,0.45142247307017114,0.3945415038781781,0.4180873352364418,0.5160333886928052,0.4874397719128981,0.49789994516439745,0.0737822750366826,0.06328946607702875,0.0915621285638915,0.07229425217692795,0.089227392882007,0.0636456950561804,0.07945630448233501,0.10871535206849534,0.06794649424452273,0.09501226940621972,0.1226149820522095,0.13405805128212675,0.20614766965793757,0.16259341657555712,0.14901056623275996,0.14604607079243623,0.1507920791370577,0.17304421009819929,0.12349641447294446,0.1469179708262912,0.1355274143383711,0.21907544487386668,0.27129549581584095,0.26809201901465296,0.21395922043622162,0.13718475267011654,0.09584889254669263,0.12452291943933942,-0.1274084308647399,0.0020643308521319167,-0.017973473903167347,-0.20868481897786806,-0.17569256421567322,-0.5097365560634939,-0.3067827745973607,0.3060255929958008,0.3682400945457367,0.2930009387097488,0.21411398733209697,0.3713536773638664,0.19364290377541252,0.2908732079732478,0.8301475580043105,0.8293555257086265,0.8771877401479818,0.848658611197276,0.8018603289254261,0.7677681350560914,0.7928851909195493,7.207388696268385,9.166432809066082,8.782922898608623,8.060411303677103,2.8138976950998362,2.8716242849014915,3.028381976027535,37.96810187266966,39.41128783149213,39.50630271534228,38.41351744579424,35.955649967262985,32.73749646464286,34.99812074898319,-10.731589944669201,-10.521373983518146,-11.064190868642434,-10.72145428215684,-10.9716273529261,-10.62865963537742,-10.811526796404612,17.74944780639522,19.377631824091363,19.48340883172045,17.98448993819492,14.791175848766676,13.41718587931428,14.42978694236355,1.9590323534245015,1.8862648592526376,1.799770323958211,1.8904047085948363,2.184413990064629,2.2517944619245993,2.1925378400156883,1,10.366515785477683,0.7100532520047764
sub-078,FTD,62,M,408,0.5237126503756273,0.591286980620108,0.4537714111567752,0.344913961293867,0.6433180791195506,0.5703035883958586,0.5499625749612365,0.08091373611428505,0.07535535980240667,0.09291854308919152,0.0849700246114545,0.06671562470628407,0.09554543286116246,0.08393464809708048,0.10511956697513117,0.07788685558063049,0.11354029402138847,0.1524594595396111,0.08620281801292035,0.12149830460085415,0.11895288754858314,0.1648271512058167,0.12576375846665613,0.19327255618850955,0.2366712293685644,0.13850861947721302,0.1546705595862496,0.16895577880134313,0.12542689532913975,0.12970704553019868,0.14649719554413498,0.1809853251865031,0.06525485868403194,0.05798211455587565,0.07819411059175695,-0.10900901807639944,-0.028462847357803796,-0.10188483360169258,-0.26094177568501997,-0.09990531417827908,-0.11139693293348404,-0.1416866650565529,0.3635997821432195,0.520974076767485,0.2494332714961569,0.0335923488170861,0.5372593260916696,0.3835650676584754,0.36600560123050413,0.7670670842776898,0.731234952108766,0.8206218256360129,0.8750787395154608,0.6769816333669983,0.7312523007219327,0.7403198833370828,4.137175171365929,1.9371361807841136,4.797412810057413,9.908116451282492,2.4922649670072303,1.7724379270699684,3.5413368184759415,32.194233017933485,32.879876488379935,34.527199958058894,37.24239844436836,25.926371110854756,25.600492468931037,28.16847037058731,-10.656034540679768,-10.462544880439657,-10.92803343331677,-10.67625302392436,-10.78603392366206,-10.689813971602032,-10.76493145335333,14.034689584776643,13.668433139326938,15.323853315890878,17.580741783573135,10.852178630181001,11.064503581479748,12.102069541149664,2.3359657752288436,2.4604290260222466,2.035271010107245,1.8526252771377556,2.8486053806401936,2.5491081331994847,2.5236776597615056,1,12.90633527846948,0.3727592060522458
sub-079,FTD,60,F,381,0.30668764688812333,0.3360807115983926,0.30447110495676305,0.2652234705498532,0.35718062495048747,0.21432561888221566,0.2916335787021112,0.06857971458418242,0.06080267559057876,0.08601814134870794,0.07698901339852682,0.07322114837976029,0.04586096259295138,0.06510909568601336,0.28288976866499627,0.16622495100376217,0.19315613642489068,0.3069087997183635,0.3957571484741498,0.6084779470190095,0.4558636041154584,0.17262508344653874,0.20303464826682888,0.2162214215551105,0.17114598492234795,0.11921082223712616,0.08387668827516581,0.11888038077365327,0.1692177864161592,0.23385701354043767,0.200133195714528,0.1797327314109084,0.054630255958475926,0.04745878323065793,0.06851334072276356,-0.5704888249578489,-0.4287141729416514,-0.3553062895743329,-0.5825900647540774,-0.7321692050422556,-1.1227508603707474,-0.8454058089122211,-0.08301740792010573,0.029329990041715326,-0.0424966023161395,-0.142657143497998,-0.07780270301022087,-0.4255570954014716,-0.21327325053387944,0.8527669167991179,0.8750003466040516,0.9027090232015484,0.884381347118361,0.7854967560903501,0.7377131333028698,0.7885751128940959,10.307828078589202,10.710296546841096,10.406669379823532,10.573190464912855,9.198902664848006,9.883589835820578,9.518674192503836,34.8473678670725,38.99919902902891,37.14600887705354,38.24081968025178,25.60330670537431,23.947185401442212,28.014747039024847,-10.398349701842882,-10.185002375479268,-10.758554187368707,-10.429119797200642,-10.642173862628937,-10.177482183932202,-10.445141704965058,16.79465310145888,18.988060531966664,18.058469177142367,17.853340812891524,12.069126237389595,12.19291785439505,12.989772185835806,1.888743232037031,1.7610318533476128,1.8306092840263177,1.8433789980235777,2.207368401663651,2.035724693053038,2.099527511450113,1,10.230229848777524,1.4094802119369163
sub-080,FTD,71,F,414,0.163162646927176,0.30519659582319314,0.10997302234206803,0.09958667989395104,0.05766974124226464,0.031219555262594827,0.05032144423760743,0.059522254374812775,0.04381468328219488,0.08671744571680678,0.07510483879972914,0.05916553271956484,0.04307587981902353,0.05341926432225937,0.567426425560138,0.4904418675619783,0.4599106526324881,0.5655336929751511,0.6913695023779801,0.8160168878883842,0.7322853133928291,0.1452345001033183,0.09089695805505915,0.2412589002321149,0.18348437432336195,0.16173033006670187,0.09013580369386773,0.13549124663242887,0.06465417303455472,0.06964989527757473,0.10213997907652195,0.0762904140078064,0.03006489359348867,0.019551873336129535,0.02848273141487508,-0.9894958241095351,-1.04401724484319,-0.7373532987021386,-0.88016901732557,-1.0676043218097064,-1.2783755066705114,-1.140002569834836,-0.5766263703908414,-0.2601607003528483,-0.5702754420274652,-0.6636599843226011,-0.8653966537023324,-1.0865599552381262,-0.9318118700606366,0.6910320196435569,0.666702096562302,0.813906711405605,0.7473859952683082,0.6544598375850857,0.5340250346230818,0.6180514619376044,8.866080560850984,7.538760606788254,9.711434773111376,9.651687751396022,9.607427112464864,9.560434873169037,9.589449851814285,25.87611282201009,26.225455240331268,31.149729661967296,28.30369382465842,21.093536727357407,19.061691234632505,20.703086226295067,-10.200027457604785,-10.07617132973873,-10.628142992886948,-10.24413786581171,-10.313229166975056,-9.733327221743487,-10.05317427526522,13.044801363876344,12.232205744306162,15.33908221962358,14.210937450397665,12.219623421292106,11.35295948958484,12.034074380782984,1.9210156545112635,2.277071555008617,1.7165293618480424,1.7883301521321688,1.6522270425526413,1.6501033644614829,1.68071441140288,1,9.684959345895734,2.1817325119643733
sub-081,FTD,61,F,395,0.4651819952679118,0.5714274378149481,0.523541740541848,0.3861884881461705,0.38421350549019634,0.2852230773524368,0.3378081199093938,0.21669965888690018,0.20323290828550605,0.18837754394586237,0.25172634263184906,0.231712149273394,0.2137443553336979,0.23597569062228593,0.20930254069656257,0.13230546171366295,0.1726761411907353,0.2342192373014073,0.26483811194325213,0.4005951663157282,0.3123710321258967,0.0697011598825762,0.05298429469297338,0.08427326828538627,0.07223891821371695,0.09004138364679097,0.07076617313336739,0.07956450690105629,0.03911464526604915,0.040049897492909756,0.031131306036168035,0.05562701370685572,0.02919484964636655,0.02967122786476951,0.03428065044136709,0.04922277658478122,0.18098243405278494,0.04844678379682583,0.06363562566408891,-0.06154339365269812,-0.27344847817369505,-0.11254156549030035,0.42104212357478593,0.6321313693624143,0.48701822953583007,0.334833278350453,0.24140942564955423,0.025132341713033482,0.17062287542868979,0.7629627532160754,0.7317719264376287,0.7207864634335325,0.7987432041849487,0.8032335099966118,0.8034280445059037,0.8020625003594447,4.577112644344428,2.6720133068387946,4.10470586553586,5.737552312758998,5.953140987810372,7.568648641798949,6.601930167897437,21.303062318557693,20.693674113615316,19.028654945836614,25.909654040487943,20.069024447354156,19.485405457882457,20.905250288920616,-10.828782771245056,-10.733592506536555,-10.916298844061956,-10.833044318350968,-10.997247201927204,-10.76945484826439,-10.887113694202046,9.690475297665552,9.108856832850636,8.816938714911064,11.0779878191863,9.657528851472074,10.310839424898202,10.156402298518064,2.759741081092487,3.069640696220096,3.0156347129477106,2.5827905981633816,2.386460153395586,2.2050743377665842,2.3693981461645177,1,10.800153990735454,0.9001090933286555
sub-082,FTD,63,M,364,0.2910887865364652,0.3554252817594015,0.2196808463460036,0.23698808131840196,0.25936579892676814,0.3288088553925522,0.2688948476068485,0.10651175768698816,0.1052113948991462,0.1080786525857254,0.108377983457657,0.11295049366945664,0.09532212958128888,0.1043785396557176,0.38003863409961547,0.30056040807027606,0.3284199187393723,0.45155216192875136,0.44808358822343336,0.4905460113986696,0.5009550175758285,0.11529603882043409,0.11544166558894846,0.16163338724703605,0.09663774078762899,0.12936496286260346,0.061493532493086964,0.0900642785855769,0.10706478285649686,0.12336124968222785,0.1821871950818621,0.10644403250756063,0.05023515631773761,0.023829471134401994,0.03570731657602807,-0.539917451082397,-0.4550551516458978,-0.4836475426540227,-0.6013252852639503,-0.5976591684550352,-0.7119121173306424,-0.679933639002096,-0.0976251298575719,0.04115772156353504,-0.18464622262981123,-0.1955472422253557,-0.19234159042885132,-0.11491455508060029,-0.201780445897358,0.8208719061234672,0.8223014674435298,0.8907116913182392,0.8007447246039132,0.8278495436183363,0.7408966705078925,0.7721507375191905,8.450585884583482,7.279652727028766,10.132514156340775,8.79464163268705,8.998431760132116,8.516079218858938,8.796698885850507,29.42393149362012,32.61508432343675,35.34952026683984,28.653632126335026,24.832324132396632,17.794523205837756,20.941049034443296,-10.616488315259629,-10.619854707338956,-10.728042276373138,-10.522172760526942,-10.789535459399646,-10.366435394567072,-10.547974835419426,13.967500230207065,14.510473162190888,17.333671136555026,14.063469524438501,12.031260452071173,9.730259687482715,10.873631493794148,2.0522091294800178,2.1541251112994804,1.7900227486539881,2.0057732766910217,1.9902280190843598,2.2746261355224227,2.115515835846867,1,9.257794646049335,1.457326270015681
sub-083,FTD,68,F,427,0.48030537929265205,0.5939896118287458,0.49053890951890283,0.37043957584855636,0.39644386524497155,0.41258414803665966,0.40688662901050315,0.08540047514774986,0.07854916143719559,0.0911889564554158,0.07494604305906735,0.10930176609029334,0.08575427893674059,0.0905431844034954,0.13186388911227567,0.08450946273075914,0.1328603557336175,0.14352935648249182,0.18149442129328722,0.19833294850362104,0.17504831303891516,0.1346446126278094,0.10234745842960179,0.13052178975651943,0.18265571843025094,0.14965700910925697,0.13532808030141694,0.1500628654328074,0.16778564381951303,0.14060430557369752,0.1548899885355444,0.22842930617963347,0.16310293826219116,0.1680005442215619,0.177459008114279,-0.1686697393680431,-0.028771665524078307,-0.16124526986104873,-0.28090976973007903,-0.22236115997888092,-0.3644325104420831,-0.290787142595511,0.3393175374842879,0.5746852764947732,0.34190560292660405,0.12736747672995902,0.1807390789410859,0.17341616210757604,0.17927595583204334,0.7970578597282739,0.7447021532803578,0.7864390016572124,0.8438868199777667,0.8502337579111244,0.8228093516293111,0.8282546245566457,5.170591152114591,2.6223378476447436,3.750807675197727,8.720990947698867,6.9394243343136495,6.465103568667216,6.812491447108811,36.87370769031218,36.19056782202704,34.899457578755914,38.72699191456272,37.29147638720439,37.89285090280519,37.495097933027026,-11.001394957710199,-10.76031697200229,-11.309738724191893,-10.830742133191537,-11.426025620553588,-11.087011912737584,-11.157573224126283,15.794771632039364,14.42371759430864,15.245515814056896,18.019858917451103,16.22784138736532,16.31756528725817,16.51417297862425,2.1633053888999707,2.395191176611113,2.21885250538479,1.8980264930434325,2.0164968215667916,2.0191550998965924,2.0209706367697184,1,12.224098903799588,0.558825851958531
sub-084,FTD,71,F,299,0.5703298927319119,0.6890822180587809,0.4804968535755649,0.4360470572021072,0.5374796530875295,0.6072873433485729,0.5214803492600413,0.2373850370593249,0.16387126800862895,0.2792534293937322,0.3471145064885258,0.2527363489863573,0.18939473348619934,0.2597842726572152,0.07258161930612025,0.03970214619704137,0.07592893511309932,0.08872374097362355,0.10240156434719777,0.10562464058080487,0.1114083843186185,0.06704323089187332,0.051731262723408,0.0913805892902143,0.06938108992855282,0.07404414039082036,0.06895199956221093,0.0725056506552988,0.05266022001076972,0.05561310501214067,0.0729401926273893,0.05873360540719041,0.03333829318809533,0.028741283022212225,0.034821343108826355,0.5413684490060721,0.6224138032097343,0.5627381124271301,0.6425596814800418,0.391200232384622,0.24852507414590227,0.35732243655634527,0.7900522295950898,0.9852011172987488,0.6571542617073228,0.7143142174987369,0.6532442274149632,0.6630661019268271,0.6310897532386516,0.726409307281797,0.6712439248925269,0.7814150219627866,0.7697721115454869,0.7499457759261472,0.7149492621288502,0.7496327808232591,2.809363985398176,1.4481961843841495,3.8195552809577946,4.610658923991911,3.0879703912972887,2.0376648595716973,3.391897961331509,24.482793806851074,24.390945318587875,28.98755462764667,27.32059818034105,20.502196229623934,18.34240990343962,20.580035872885595,-10.34830642805574,-10.178835438196428,-10.565264488198586,-10.322395120672502,-10.531726713739431,-10.392709988589985,-10.480539704783316,10.05673533281249,9.71423966742233,11.723211004588853,10.942006343906293,9.078057417563938,8.45323150469872,9.193718130028854,3.011178531981969,3.329832283936087,2.5930766070359534,2.7397823873258504,2.9495850884961414,3.1582257421025535,2.9494033769039527,1,6.51413283774908,0.7043779214734389
sub-085,FTD,64,M,190,0.4069590840577188,0.3466251506785961,0.29262399892075025,0.462428615699986,0.5210753785727246,0.5075169735330574,0.5333595305834481,0.23306025142673828,0.14306027479610875,0.2795260721690768,0.26073669474396877,0.3126285709487184,0.30365607260300265,0.2872768521656699,0.04947875042230331,0.04373713853355214,0.06267896138442675,0.04317058127040975,0.05239814009822524,0.05801132937965144,0.0513954036529069,0.11385315922865102,0.15461887755477294,0.14901255215954878,0.09004639513789627,0.05220903084354497,0.058513776450046254,0.0564020089318381,0.19664875486458883,0.31195855843697007,0.21615841536619743,0.14361771314773986,0.06168887953678696,0.07230184803424226,0.07156620466613736,0.6567277635037714,0.5110518546226605,0.6611598299389595,0.7858396754946066,0.7777009438131977,0.7202617504890674,0.7519436170565592,0.5989297348714122,0.38815340447647084,0.42446579397104117,0.7483073441425265,0.9023031809345259,0.8445274149673649,0.8864465659525574,0.8254511057769476,0.8886612437985616,0.8821175367281339,0.7797957280180833,0.7255922566210681,0.7603150055260659,0.7302095097251545,7.523426302989516,11.932207442488876,9.407093001923368,3.8618694297728746,2.9968396424958086,3.3801860035148286,2.7899756217718386,36.48510581873925,41.0789130649427,39.257900440097856,35.81480155336476,27.601623390574606,30.91342069798525,29.625417789754227,-10.410323282260778,-10.176107542457176,-10.581988092708988,-10.352898016276423,-10.66389141825798,-10.707079483873958,-10.581753035351111,16.834996299612452,21.439133752157858,18.33393966753098,14.964021768547974,10.638719246425433,11.508464805735223,11.195792409368858,2.232678867089716,1.720854370263861,1.911622026430069,2.4332999526020185,3.0646277944331306,2.8564843049299538,2.962754939799314,0,,0.7951355994525375
sub-087,FTD,73,M,286,0.5222200031677808,0.5374366395962492,0.46008301855098493,0.505428609626869,0.5555628661573909,0.5457357451907443,0.5045296376752681,0.1547461580732528,0.18104709815805162,0.1482452564450443,0.12072297540133287,0.15219856511327626,0.14431197500257437,0.14141962149077378,0.16695870281079533,0.14349068125767797,0.14865588275269723,0.21670992922346127,0.15160754503020427,0.20007529217940778,0.2181240936704105,0.10757027461760094,0.0925446663581407,0.1751027187460534,0.09558351108971107,0.10478092675791421,0.08701878617834309,0.10049218199800146,0.04850486133057019,0.04548091462988073,0.0679131235052201,0.0615549746586263,0.035850096941214195,0.022858201448930207,0.035434465165546006,-0.009924970533086738,0.09281476277111922,0.0049100822766642615,-0.16076395295371165,0.015260897788885452,-0.12786745395414256,-0.14699496091716843,0.40756707513661405,0.48975588287335464,0.27730063384358333,0.3418293231989204,0.4465713788732016,0.3882749582680747,0.32165853877525413,0.7810848975599812,0.7730853827886612,0.8264520373556464,0.7794211611410778,0.7727793533128043,0.7568182787746744,0.7764054245074694,3.5940023056925785,3.163730572732883,4.38601424090772,4.524336698098944,2.9606349639757674,3.001317695991287,4.084333308202324,23.866382455662027,23.335472589128354,26.429480807769206,27.000339124965844,22.06922680673149,18.307739595157294,21.54021905273703,-10.471899713915588,-10.476368062450941,-10.774457254856728,-10.185118030601174,-10.63406695605981,-10.332736686042633,-10.402716963359962,10.453615955783443,10.112737453871558,11.865679239876826,11.516991385126536,9.503896317170069,8.826424385568842,9.882601264889812,2.574784453229809,2.7408560499300956,2.175966755612342,2.5233147692749744,2.597106065883811,2.6612173601336684,2.52770772702069,1,10.561372243527524,0.9262732715366973
sub-088,FTD,55,M,380,0.25252384994684773,0.30309144695771784,0.19306659361086595,0.2656628595907266,0.20126404674913023,0.2153348304215938,0.23946948711306332,0.17556924454741044,0.21721358637387117,0.16813366109919936,0.12838963255909142,0.18154795149586275,0.126358586881074,0.14400107152948113,0.3481193873510464,0.2806751307983097,0.36005700678927727,0.32998967603667395,0.4058755571230792,0.5158930240989734,0.4497082613524312,0.14819015696397747,0.12202171374312874,0.2118958768539724,0.13943715091787653,0.17709165816716102,0.11837488868938201,0.13660772802961926,0.07559736119071786,0.07699812212697228,0.06684686164668491,0.13652068089563127,0.034220786464767006,0.024038669908976275,0.030213451975404988,-0.289660084982284,-0.1002193119908195,-0.3326140341538535,-0.38189511157737344,-0.3510168949049322,-0.6117665986209038,-0.5045408051600174,-0.06191675348246848,0.11766089209939619,-0.20164760626503844,-0.07642540075680677,-0.1840009991317549,-0.2686985708225336,-0.18643026994967812,0.8449378078692594,0.842706892626837,0.8755930520720202,0.8512539949172901,0.846778833613099,0.7913692322017749,0.8067313242320823,8.85554172093469,7.017014546274345,9.963764245844617,10.310607209672042,9.643000298826232,9.536734200568997,9.243471002864439,26.07043402756014,27.652161968587134,26.798568169493347,29.194784417514953,22.045560609358873,19.23079436845814,20.494049496231565,-10.321725643812407,-10.265140981643798,-10.559105330467434,-10.230890595530887,-10.452666115729095,-10.148961820107996,-10.252968026100278,12.972487579641713,12.604357866304515,13.61684258976611,14.999372520894882,11.87663108316199,10.884423923348548,11.180349403450483,1.9827263423627233,2.1878851929832335,1.7811988086124175,1.9477927610155719,1.8239422988442644,1.87500489378839,1.942785583492086,1,9.836163992750809,1.2894660307962162
