participant_id,group,age,sex,n_epochs,rel_delta__global,rel_delta__frontal,rel_delta__central,rel_delta__temporal,rel_delta__parietal,rel_delta__occipital,rel_delta__posterior,rel_theta__global,rel_theta__frontal,rel_theta__central,rel_theta__temporal,rel_theta__parietal,rel_theta__occipital,rel_theta__posterior,rel_alpha__global,rel_alpha__frontal,rel_alpha__central,rel_alpha__temporal,rel_alpha__parietal,rel_alpha__occipital,rel_alpha__posterior,rel_beta__global,rel_beta__frontal,rel_beta__central,rel_beta__temporal,rel_beta__parietal,rel_beta__occipital,rel_beta__posterior,rel_gamma__global,rel_gamma__frontal,rel_gamma__central,rel_gamma__temporal,rel_gamma__parietal,rel_gamma__occipital,rel_gamma__posterior,logTAR__global,logTAR__frontal,logTAR__central,logTAR__temporal,logTAR__parietal,logTAR__occipital,logTAR__posterior,logSlowFast__global,logSlowFast__frontal,logSlowFast__central,logSlowFast__temporal,logSlowFast__parietal,logSlowFast__occipital,logSlowFast__posterior,entropy__global,entropy__frontal,entropy__central,entropy__temporal,entropy__parietal,entropy__occipital,entropy__posterior,SEF50__global,SEF50__frontal,SEF50__central,SEF50__temporal,SEF50__parietal,SEF50__occipital,SEF50__posterior,SEF95__global,SEF95__frontal,SEF95__central,SEF95__temporal,SEF95__parietal,SEF95__occipital,SEF95__posterior,hjorth_logActivity__global,hjorth_logActivity__frontal,hjorth_logActivity__central,hjorth_logActivity__temporal,hjorth_logActivity__parietal,hjorth_logActivity__occipital,hjorth_logActivity__posterior,hjorth_mobility__global,hjorth_mobility__frontal,hjorth_mobility__central,hjorth_mobility__temporal,hjorth_mobility__parietal,hjorth_mobility__occipital,hjorth_mobility__posterior,hjorth_complexity__global,hjorth_complexity__frontal,hjorth_complexity__central,hjorth_complexity__temporal,hjorth_complexity__parietal,hjorth_complexity__occipital,hjorth_complexity__posterior,alpha_present,alpha_iaf,alpha_height
sub-001,AD,57,F,288,0.6016657804458019,0.6839339754843446,0.4937302331959947,0.5723344785709796,0.5573954894720176,0.6006984588959339,0.5765420750417133,0.2139334434744383,0.17043392616196912,0.2400669962363888,0.19586671608153572,0.30068931429195356,0.23298107348468733,0.2510300941896241,0.06101877776025128,0.04876296338630009,0.06911130978745744,0.07076574667621006,0.06439412769470136,0.06721836729467848,0.06859639003597531,0.05166161813379334,0.03981514498083493,0.07774648722562372,0.06738316402028502,0.035661760844482054,0.04655366469238564,0.047007828035907605,0.07172038018571512,0.05705398998655092,0.11934497355453556,0.09364989465098959,0.04185930769684548,0.05254843563231478,0.05682361269677961,0.5524418678139082,0.5724199421054419,0.5403864645196667,0.44489154582912527,0.6692850561279085,0.5404375742334679,0.5586611226972336,0.8925505258479361,1.0429881654757769,0.7029610381173707,0.7491775271883041,0.9390419476072441,0.8674118834266442,0.8641341455624038,0.7219096164415454,0.6608194283037786,0.799625864076953,0.756737140835796,0.7327667293928596,0.7332101852551438,0.7382411874946858,2.5441033036207807,1.8774721737642557,3.593193319255145,2.518140837021723,3.06809997769974,2.569607156746743,2.7901001893738946,25.11614831264431,20.91599955201205,32.502374706477134,31.469735197712716,19.903978223405645,23.848410747829178,23.650679712142484,-10.376759155024345,-10.095846330534272,-10.742629826471449,-10.474158488794611,-10.540968987211022,-10.37003461774841,-10.452686902742085,10.319654234920614,9.152046931484232,12.97962519853999,12.07843261920213,8.572677965411952,9.519230987218865,9.64386479554693,3.1998215546300153,3.7357392553234505,2.4005351355358706,2.7461175990118156,3.331259782066726,3.233289800925542,3.174340457457416,1,6.400130152799101,0.3182040475680772
sub-002,AD,78,F,385,0.30766921002627495,0.39610323717134993,0.2543762961434696,0.3104322798048627,0.21795742746228855,0.2071310201315243,0.2200015507881025,0.15998455367041683,0.13449324562011927,0.16390516738698147,0.1801384164267223,0.18612792371174194,0.16380043069701306,0.18052572546689066,0.3872329899024011,0.32890143953074824,0.3191466914085868,0.3850149148736196,0.4793899274888372,0.5597236076218168,0.5068455604563437,0.0930674773388364,0.0828778307583169,0.15786400716540738,0.07816086859868607,0.09529984274112607,0.05800111500766442,0.07595394080700711,0.05204576906207091,0.05762424691946598,0.10470783789555516,0.046253520296109754,0.02122487859600616,0.011343826541981288,0.016673222481656196,-0.3736930509352206,-0.383109979053041,-0.2862538041789523,-0.3135330894510722,-0.4127526732610165,-0.5336231621368541,-0.44932392932421206,-0.0010475568444230205,0.13186695348455094,-0.055074561878877513,0.031171331260853356,-0.15308576968664847,-0.22158829239136457,-0.1632234888663069,0.7465166776277481,0.7279298870075551,0.8592484492414032,0.7484430025995994,0.7291502242603736,0.6646698174852996,0.7040632417574625,7.257351328119083,6.0722875290682765,8.340732123866795,7.393914926823198,8.147355975896753,8.17186926210061,8.14004130727974,23.72614533955974,24.596247781086795,31.820946866031516,23.589890281187362,19.284462520893282,15.473618849251782,17.388355103140178,-10.276076162438406,-10.126989114183091,-10.635705348130609,-10.247564697229095,-10.376788081264081,-10.164392104973812,-10.25962890682869,11.09076937793475,10.964132802773822,14.438328221304848,10.698294320359832,9.975946893775665,8.96984296733131,9.458295020953374,2.299176415015972,2.700864106376822,1.9669160961153367,2.2468589962075725,2.030515604573291,1.899286026884769,2.0012682835525446,1,8.475981408943372,1.7616725990143234
sub-003,AD,70,M,142,0.29132576524070186,0.3368600517662404,0.28671766923333086,0.2506193272750642,0.21140031210528853,0.3401689620467687,0.252335724578106,0.2619867591459866,0.2625102400325786,0.27328287078032787,0.257727340642969,0.2772514901972578,0.22883214902053145,0.2547026518008309,0.3950003721549522,0.345910004421083,0.3760356258585338,0.4388380685516298,0.4699788018550366,0.3951207413246402,0.4553888867961035,0.03313411430249192,0.031710093562410266,0.04000147933049331,0.034995107162944246,0.031177064713416757,0.027030728013483704,0.028042802199216312,0.018552989155867543,0.023009610217688013,0.023962354797314595,0.017820156367392436,0.010192331129000422,0.008847419594576189,0.00952993462574327,-0.17769147708953023,-0.12283322318045141,-0.14254678664470824,-0.22728127993404518,-0.23300556287661,-0.2402616670688895,-0.2539688951988604,0.11310265013491938,0.20072962981090617,0.1333117246016166,0.030491610415518455,-0.013037593363113406,0.13052705425477112,0.01983148487272521,0.7392160685888463,0.7464057572774366,0.7567038775277443,0.7325464036954409,0.7257246290869123,0.7213969338101447,0.713694692156251,7.104623964420651,6.642620535453346,7.0220754881137815,7.559367387660366,7.714926101839609,7.020518627658657,7.53389865647761,13.390804226597098,13.852586996052386,15.40688410654325,13.582507814318463,11.615920344853672,11.029363360756754,11.196495790404823,-10.247493900578789,-10.306799857945645,-10.32826800841549,-10.263328571250373,-10.134473514533303,-10.056623125764798,-10.070650384922544,8.594923913566841,8.64819201253936,8.87073434584014,8.853143362210023,8.44419572231188,7.704423308349164,8.183215517219155,2.3405140851704975,2.5853804880293985,2.3737584387709503,2.24477064525107,1.9589836214989493,2.1973977201098416,2.057518810141168,1,8.783574547058944,1.6421599567109588
sub-004,AD,67,F,342,0.6493136296554214,0.6128192470791924,0.6029572466162781,0.6208694810901643,0.7291186598437535,0.7837592950789535,0.7342185931623775,0.16396081249833608,0.14086674841419564,0.18111073516263118,0.20176697250598563,0.17433386199071774,0.12789325854251313,0.16475411614099292,0.03860270613610282,0.03950344329270234,0.042242799301933455,0.039065680875004075,0.03756637076004815,0.030618539925538098,0.035247693820300914,0.05995294585869397,0.08037059539167667,0.07532446624587055,0.05439390973579991,0.028376504569685126,0.023916626091791047,0.028596165635414124,0.08816990585144584,0.12643996582223294,0.09836475267328611,0.08390395579304648,0.030604602835796146,0.033812280361203886,0.03718343124091474,0.6258125804990617,0.5570987916253961,0.6311299720564498,0.7144527706991636,0.6663783892503896,0.6202056606936139,0.6655206766594525,0.9695220533350369,0.8836196868114561,0.8300507051935518,0.9703062201619842,1.1392965902413872,1.2231572193663778,1.1518945919783499,0.6921671069430597,0.715674303176842,0.7257910505604853,0.7070749486627969,0.6380884952824339,0.6107582387501471,0.6358411395226427,2.559520981647612,3.9622438382887166,2.1730488831090504,2.0063569229649443,1.3209026060532898,1.1939548119684114,1.2898255950948407,25.34980857272668,29.468642870991467,29.19180879552057,28.593065733093887,14.91073519775613,14.34298393633052,17.176657721026036,-10.145900841424039,-9.891094080325852,-10.41947840355985,-10.227150828043843,-10.362793445613184,-10.139519282540652,-10.282860982264168,10.994294609643257,13.06497969843644,11.813337477994478,11.212883888583374,7.4121400136483855,7.454385832452342,7.898178922921114,3.3696525624443154,3.110804179625745,2.9096481661075493,3.0982306228739676,4.160312641145064,4.3224822579040385,4.043917073147654,1,6.663424253764639,0.5004813103823658
sub-005,AD,70,M,391,0.7517801784411121,0.8399627375650743,0.6531164881360038,0.6281513676120734,0.8045064548417855,0.7593049640219758,0.7469715802223009,0.08872117751549513,0.0604351795367573,0.10478357640954082,0.14296878042022926,0.07500691520360436,0.07570475975837689,0.09103027791759914,0.056886859193850586,0.031666129201993486,0.06711983984071666,0.08351220563103055,0.05902385922278053,0.07335375027729649,0.07541270134781823,0.055777231814850954,0.034364880658276316,0.09052721709852923,0.07392736710641323,0.04366378551991942,0.06046538179661756,0.057754802896826454,0.046834553034691195,0.03357107303789861,0.08445287851520983,0.07144027923025384,0.01779898521191021,0.031171144145733493,0.02883063761545534,0.22808668272327814,0.333450841387814,0.1971325121295704,0.25030053961911364,0.11525562196988637,0.030562260626381337,0.08847513648524415,0.9421641767398663,1.2167350205878886,0.7021429630915698,0.6958974643402689,0.9478162257005209,0.8252533951024458,0.8259754319282786,0.5966994872443958,0.5313359455257061,0.6684905357109043,0.6933157905711357,0.556170601170511,0.5853460330173941,0.5986385756301829,1.0233946713044866,0.8520943099299922,1.2601421971549371,1.3153330223363477,0.8840508825796256,0.8929636283631094,0.9796504537277629,19.417663139670697,14.467595452959928,28.663263807553914,26.6985250609416,13.595933940037545,17.04536899824148,16.819000297286298,-10.046736972600963,-9.661934627682983,-10.431155551218158,-10.227715496589319,-10.282417356707578,-10.101439687751444,-10.223436352609522,8.571713373328453,7.203353434539287,11.403341557134995,10.895067712852313,6.3996419762780645,7.724929299908588,7.610216392618798,3.8827494175729753,4.6001101850616335,2.996280718309574,2.954713447909546,4.2983641108192385,3.9343396797152295,3.8753587799924962,1,7.976171260641677,0.2858678603955376
sub-006,AD,61,F,307,0.2655644711765547,0.34025483155095226,0.2670612684332891,0.29333602685526433,0.10412297906591128,0.18852214078960716,0.17109831308551282,0.044845290380666356,0.050052517647322374,0.04961098524555497,0.056140446316508615,0.021435664323645656,0.03199557986388389,0.033858016441666264,0.5072760959939121,0.42417240611416995,0.43277864214729717,0.407116013579774,0.7911421414852683,0.6844062879341741,0.6716112130861378,0.11025032676200082,0.09290030260663558,0.18277422058749962,0.14439680279965178,0.06451948814253668,0.062492876421425106,0.08535297453978144,0.07206381568686612,0.09261994208091952,0.06777488358635951,0.09901071044880125,0.01877972698263861,0.03258311499091,0.038079482846902005,-1.056196158575716,-0.922905057880459,-0.937302799347488,-0.8526300883102085,-1.5730007711075424,-1.3329802715847319,-1.3254876977557875,-0.32710894358349796,-0.13479302298483484,-0.2945555786218382,-0.1978701673492879,-0.8353964389867928,-0.545091022484786,-0.600206984817401,0.7632482115844982,0.7721517536058897,0.8134740318294944,0.8276397419601372,0.6456182243389833,0.7044090042591282,0.7109673027405322,9.703036609930951,8.203043078775838,10.62834853868169,10.25350420323959,11.019550586677417,10.489339924110771,10.586364498402002,26.734878824349614,29.429050663522908,27.143639480005476,32.052959121358576,16.986735244678762,20.678191179247662,21.529469370486083,-10.180824027660755,-10.083784485896672,-10.437987920884296,-10.316081908212272,-10.050294176345595,-10.059995599869458,-10.122163014621686,13.273147364516179,13.635913455571654,13.445013542247736,14.469660183407719,11.700546515235425,11.711542415362723,12.207550529680237,1.9172454396619467,2.1150843090090405,1.8223807482593644,1.9805516209598693,1.5025264794439845,1.8625725117820886,1.7446080031865638,1,11.314117096886628,1.8687725910665005
sub-007,AD,79,F,373,0.6245998291608903,0.6948991288419312,0.5156796141522187,0.60175027720304,0.5964279855062093,0.6298894721879762,0.5980947163512388,0.21687574123117115,0.17689048898481227,0.2477558748400183,0.23020229018442873,0.25326007648027227,0.22927432289998984,0.24401885783102212,0.06575190157293083,0.044896003072620254,0.09673802028620958,0.07095222326598483,0.07622785426753752,0.06615379582608176,0.07398026216139485,0.04452546264873227,0.036933128661413024,0.07197157485282042,0.04440696110228964,0.040835302305617105,0.03570170690577536,0.04142343813031809,0.04824706538627562,0.04638125043922347,0.06785491586873314,0.052688248244256886,0.03324878144036383,0.038980702180176977,0.042482725526026256,0.541167034553351,0.6201079730233576,0.41190347206991335,0.5156367232319756,0.5220508587953974,0.5385039799131648,0.5201809729897943,0.9219774241048188,1.090216996405276,0.6594261118011359,0.8642813507851906,0.8661624840455214,0.9260804462369445,0.868439316038404,0.7175179022490268,0.6720342286729283,0.7894954900498092,0.7329313008450709,0.72988751026632,0.719363168846169,0.7330810259584838,2.5314370419932746,1.9956002479865596,3.584195746642331,2.6183003979256965,2.720729943828701,2.370061699425206,2.666895261766331,20.869023535576247,18.401537758815973,27.457070378156086,23.40312787228149,17.621256736103906,19.426595016165514,20.286692780054377,-10.266533409107838,-10.082027216304658,-10.481074589539169,-10.302720381721272,-10.38171871889702,-10.345341403361328,-10.352058977422473,9.070311242291856,8.5434571756304,10.8139012264485,9.594432987863893,8.198392417483882,8.558550245439882,8.860637596447352,3.444512609834369,3.8805325029502953,2.711631348939369,3.258146303686792,3.3917031643235878,3.4697116558324517,3.332885073857561,1,6.69320917027782,0.33440824526408086
sub-008,AD,62,M,388,0.8381154565900983,0.8344721791074735,0.8073622909030028,0.8509534017474554,0.8193293168849319,0.8994999955529626,0.8606541692950208,0.08937109756452746,0.087265700044505,0.09937751155745089,0.0919265755933997,0.10366303541995792,0.05518150505433066,0.07972200643092006,0.030021172148662862,0.03187577910067978,0.03611666317161964,0.024388996807132267,0.033597240305904164,0.02028705972936775,0.026088343389488882,0.022456801256255522,0.024478266743619113,0.0306543955954806,0.017561456191435596,0.021950866714666475,0.013634872483668783,0.017301831284168227,0.020035472440455993,0.021908075003722695,0.026489138772445773,0.015169569660577194,0.021459540674539413,0.011396567179670325,0.016233649600402206,0.47443600033434774,0.4557054938446954,0.43643380976288587,0.554570130427963,0.4786860294091027,0.43035275510596127,0.4786368349114781,1.2834234179062192,1.2480132579792809,1.1404460741771667,1.401931108746975,1.236329387043792,1.4554506578562127,1.3803223048255229,0.5676618646993749,0.5883690953638302,0.604324309100645,0.533432744146688,0.5913676144427846,0.4730925072621356,0.5325735064226799,1.1530315521442744,1.22970872631377,1.2488435760992427,1.011250949415851,1.3060429280464136,0.7949875482222255,1.0683181490826454,10.451597034590504,11.266074002283208,14.042899714130145,7.986540626837814,10.94753978809299,6.4001723136082305,8.522819869400442,-9.11317475923725,-9.21144249089861,-9.482957419396735,-9.01491919895542,-8.690299596001669,-9.045387573600301,-8.929632673427811,7.270549359606133,7.4464350050641555,8.615205006668587,6.223190888651549,8.237202517206965,5.282703335417288,6.758839164539802,5.128779490798124,4.76949491703432,4.292584116707373,5.7698315455548705,4.750724444617616,6.9255470198648315,5.946805247259263,1,10.546712727352254,0.33917941952511654
sub-009,AD,77,F,295,0.3095847660814267,0.4142711023208682,0.22724488428263143,0.27417049265531346,0.2394285689576652,0.24275525447944346,0.2546060868954547,0.1541439230024101,0.16849373631352438,0.18082901388088454,0.1490081827231564,0.12419740764240883,0.11908319369430792,0.13059764725368647,0.35647565244936535,0.2714486690482123,0.3556360041184116,0.337736674993515,0.4809320428090376,0.5061229362220238,0.46347944616609693,0.11962113322770887,0.09535052380708078,0.17377583732440152,0.13250809141641823,0.11966705399869755,0.09749341252096648,0.11049987476336227,0.06017452523908894,0.05043596851031422,0.06251426039367115,0.10657655821159716,0.03577492659219034,0.034545203083258647,0.040816944921399555,-0.36082331906981924,-0.21908962666791418,-0.3047707838991873,-0.3428827904091689,-0.5936161824711751,-0.627661807451702,-0.552508458882171,-0.0039747858247124864,0.22859426235213615,-0.11876215815222191,-0.05051703139282848,-0.2208179802384799,-0.22743611319553525,-0.17659706774788006,0.811590299325189,0.7735104111514398,0.8608608603388971,0.854993276557897,0.8077914485745884,0.7898563880732353,0.8084275811732228,7.866941031449552,5.321995969103062,8.828695548899988,9.473462824444269,9.514804090389722,9.646778799086915,9.272381168243587,24.70927438825712,23.647360703500933,27.14313512864962,28.53329445291478,21.907179830756146,21.33028288125123,22.83587491963703,-10.25052936801121,-10.071318144855557,-10.510745776427916,-10.26598532707056,-10.382658871729449,-10.25833786273487,-10.30990721107997,12.165211322164245,10.904734424753448,13.06703735570133,14.377577006187042,11.690422274485377,11.511593616269128,11.803170616565938,2.1904998268956586,2.550863362884813,1.9266337470024926,2.0172164892392015,1.9732815641059325,1.997420640270867,2.03627934522692,1,11.141691403313171,1.2562158117798674
sub-010,AD,69,M,634,0.44733346995755296,0.5890056951656442,0.3506363132580221,0.34999683797339104,0.4141312310075717,0.34100303917182606,0.365658955747672,0.06433704139109094,0.06069251268291823,0.08260607167312793,0.06238410249512561,0.06497208659897945,0.052642656426737724,0.057877767325648775,0.23489264018410816,0.15550935372132096,0.1917394767641758,0.3091664449252109,0.25307298778283627,0.4016457570534646,0.3403087341513594,0.15695685541789103,0.11122902244217539,0.19494239955993517,0.17112777585595623,0.19429944777630617,0.1756702252060765,0.18159374113477253,0.09647999304935694,0.08356341598794141,0.18007573874473945,0.10732483875031604,0.07352424683430638,0.02903832214189507,0.054560801640547184,-0.5286069305010835,-0.38191442473498466,-0.36591681989544095,-0.6807169739586878,-0.5948876093688424,-0.8824247613740464,-0.7627977739914783,0.1351858225259398,0.4302606090878317,0.02231710781865809,-0.06262266220877441,0.024284495924692673,-0.16630389900846027,-0.09309715064215829,0.7884241222748436,0.7149863198699372,0.8740842533357022,0.8318360529036719,0.8166199486357383,0.7878486333017296,0.8055808700717864,6.691379734552993,3.0615209273359776,10.24319144912044,8.667217444733152,6.627179460890957,10.212792978094116,8.588060649178843,28.67157631385353,27.19814875170768,33.5226494705337,31.902867627042685,28.050184326906123,21.02146840038654,25.157443567628814,-10.5958745349767,-10.473468664106687,-10.822671574088508,-10.508846884205003,-10.792640478839274,-10.56300591010357,-10.647115828334766,13.492625946909891,11.861831045093494,17.0208221437319,14.924582609023803,13.217235364498414,11.45728635742367,12.58263774462262,2.306746522671825,2.8469714817351095,1.9257477708301192,2.0120116771876577,2.0867900246213105,1.9068617317569978,2.026789468641306,1,10.95907886784963,1.0582415206566402
sub-011,AD,71,M,374,0.7595834873517184,0.8206015853347247,0.6731439522713609,0.7334946351131771,0.7702006751803744,0.7119313697658312,0.7442496333743236,0.11650621213910575,0.0794606695215975,0.15038346744764083,0.13166769887287755,0.1495896711351311,0.11540156637600027,0.13621355991381606,0.06687839708714804,0.04012732420503557,0.10598444684550251,0.06883502112122486,0.04621121131872213,0.12893560812149538,0.07838013732142857,0.028820385486549572,0.02473653893141025,0.03812051618611147,0.030536149815933552,0.024549772218368085,0.032138043623698605,0.027639290510604455,0.028211517935478176,0.03507388200723168,0.03236761724938438,0.03546649507678708,0.009448670147404269,0.011593412112974648,0.013517378879827235,0.25620862125203997,0.2774736707853748,0.15378537109090776,0.2823928921401857,0.4660398339194985,-0.03169953765041306,0.2626943182738832,1.0711174712420986,1.3155398305642831,0.8259382896728732,0.9602874723347612,1.1140023680987008,0.7407406384980608,0.9534882825559299,0.5538250852049252,0.49808679468303624,0.6382186357434122,0.5696909326458935,0.5809327943480537,0.5499255176271781,0.5686090430087787,1.1749097825300385,0.8750009686672076,2.0905546687479775,0.9712930431033138,1.478747245832763,0.8026005856223994,1.1572237074558889,13.97366326091424,14.666438762460292,16.00775536678019,15.79978843003882,9.362440107745739,11.7623952382077,10.691930810455075,-9.188714416313609,-9.16228379475204,-9.270001235696418,-9.281195479897843,-8.878186739021158,-9.440120751475083,-9.136998795930298,6.909821714092951,6.755984000994794,7.870986003938445,7.757540814472769,5.67177694521019,6.168136227732771,6.208793155686541,4.93528685011901,6.050056070911038,3.8278443509226725,4.239653051026356,4.8923062139426285,4.150496878591314,4.512004002762339,1,6.563258465484521,0.31651767892242333
sub-012,AD,63,M,438,0.86151788399229,0.8705968652630288,0.893883055181829,0.8407857810532834,0.8764254387254549,0.8002965665386623,0.8412485236781563,0.07775044029879959,0.0706853628361426,0.06239038012563714,0.08285358508326879,0.0805890194333951,0.11105414340701092,0.09204715171893055,0.02841641652046656,0.02785933894928874,0.02132990148597497,0.033510041726208556,0.019223206092016085,0.044598525802517996,0.02999592713201913,0.016281376151278115,0.015276728944493992,0.012385149360664751,0.02064265651815407,0.01400609285112908,0.020332345777414256,0.01865276346812436,0.016033883037165787,0.015581704007046017,0.010011513845893974,0.022207935619085302,0.009756242898005049,0.023718418474394758,0.01805563400276979,0.4412060625279232,0.40710314660461366,0.4699253130559559,0.3963570489897002,0.5824075057617802,0.3953832546931179,0.49525854451196366,1.3552284855918009,1.3610035853982154,1.4922094355639146,1.245695999558873,1.4894941160338961,1.1472107377138945,1.322251813025671,0.5271188942159667,0.514257770219052,0.4731246734501713,0.5694124353203606,0.4985067895150322,0.611455234196475,0.5555079688436056,0.9538710789078076,0.8722995716130418,0.7803944777766416,1.0538707210049871,0.8709465551504426,1.4239737575779268,1.1045508013960565,8.537791615760485,7.804097665490078,6.354050814742894,11.452897964963547,6.297953641604219,11.910875906061552,9.963669404625435,-8.560303301437912,-8.873578519217457,-8.520007515508071,-8.503563555101884,-8.57574848763015,-7.6145954314879765,-8.132988461265702,6.284798802511368,6.262815505103278,4.972252588987422,7.540220206940646,5.018927000086066,7.718524558505,6.6091413188992325,5.833907455497421,5.860439844183821,7.047372608004777,4.852762653832093,6.731225891109837,4.537158316246019,5.510999574585887,0,,0.22173544614935103
sub-013,AD,64,F,409,0.8605089316429981,0.8646578666127429,0.8706643485342719,0.8047979806493021,0.8868427748466584,0.9026756710938828,0.8660827816411548,0.0762635195002699,0.07779757944509269,0.07111713758009004,0.11222374503359327,0.04990548851797625,0.04623047798045364,0.07607097292760631,0.03029202057529252,0.02305222058998349,0.03128283467501119,0.030785417355583624,0.041047191956808664,0.03702554874143975,0.037888302961003796,0.018712813369584837,0.017050931176786365,0.016442466034983883,0.027137995161612517,0.01922697816728224,0.010313311265679479,0.016482463628542523,0.01422271491185436,0.017441402175394506,0.010493213175642802,0.025054861799907763,0.002977566511274452,0.003754990918544249,0.00347547884169231,0.4393892741216482,0.5170592216334344,0.3509513951815058,0.5663230250645367,0.34475462302238485,0.1882857510037279,0.4000195410651282,1.4481186671357391,1.5089635899440725,1.321458093401259,1.255739201997014,1.7280669142108744,1.3899888575730388,1.5021917678772496,0.47744484724307945,0.45599542362928247,0.4732887138200796,0.5619639853080857,0.44518058818442025,0.43811014248384544,0.48703642155271154,0.8809231542981533,0.7625388236467041,0.7247213546233976,1.1203393014234162,1.0616725452884352,0.7796146303544101,1.082032047548974,8.601902579922202,8.311206839958198,7.72967878605785,12.716989432240629,5.60912256490406,7.186669678483093,6.7080134077312366,-9.444820486068394,-9.470187798730594,-9.96980789244853,-9.245357836559839,-9.219024851405544,-9.306172533191887,-9.120858389326754,4.7967299600010085,5.167120715100624,4.547744176854587,6.136875467057253,3.3123151538606863,3.4201721869699844,3.702361194040872,6.999122290791481,6.941776606538221,6.149208073666951,4.830267311656299,10.972152853628605,6.852867625379373,7.982561705325821,1,10.981399966687057,0.26935512008610907
sub-014,AD,77,M,461,0.7651404109143438,0.762933101958094,0.7307495060329111,0.7797807938030211,0.751321569925565,0.815899845289181,0.7803388962984885,0.09246351578950344,0.09903686349219012,0.09954433260388375,0.08056622979385007,0.09936108946587414,0.07228378508528037,0.08612801417702101,0.04114173751656423,0.041510524529059026,0.04762366621194967,0.03604101523677306,0.04731465868965835,0.031070152729695412,0.03914043687267391,0.046014740521610226,0.04541725640251053,0.05687590991778857,0.041970375297284326,0.050234110810718546,0.03357385585918094,0.042119503322840104,0.05523959525797837,0.05110225361814668,0.06520658523346667,0.06164158586907137,0.05176857110818406,0.04717236103666238,0.052273149328976524,0.36435154276447257,0.4002733807244813,0.31711056574938484,0.3499749872230381,0.346270684908273,0.36536097329424133,0.3559949474288609,1.0481067068134144,1.1132745715000725,0.9017944366541556,1.0459919597395744,0.9824403041008566,1.1422166838655143,1.054678649298128,0.6274317633137599,0.6215197175754098,0.6649756654109699,0.6247559298019033,0.6490520129360547,0.5647293628424424,0.6173046866063913,1.2942076102136957,1.526881039748958,1.2687727549400298,1.092592660953527,1.3179985845758138,0.8855463267279351,1.1367950881978226,23.04011955418836,19.915193848739786,27.70367384298463,27.000576151132705,21.83338983961289,20.87120946803846,22.663587848151913,-9.60682976468013,-9.273608068379758,-9.905222121522566,-9.804643506559575,-9.820583049392589,-9.609259755640204,-9.747742302821019,10.071708273583628,9.656735915664546,11.120777003444587,10.606384449763706,10.060546683383217,8.897898464449447,9.786594780536182,3.715775898349381,4.1405018716412085,3.180667984785312,3.3641940313623513,3.571193024888506,3.9519349063394618,3.649115622853119,0,,0.018638802803501164
sub-015,AD,61,M,444,0.3742572639094173,0.511085238705652,0.36755707014800243,0.24181705915798687,0.3093086220978509,0.2677130149849285,0.2695272732989789,0.1130984624957129,0.10339306656026594,0.11864020739698293,0.13688757409989455,0.10640415070070923,0.1012179754020143,0.10816389322975539,0.37939024601479915,0.2502409924224441,0.3473532211612022,0.4624551112388058,0.4883107642470879,0.5499576630719911,0.5357652115407346,0.07494014108542067,0.06762414791343198,0.08947882833579246,0.08878911690662483,0.06898085749047449,0.05997906006183426,0.06204344113177729,0.05831388649465004,0.06765655439820603,0.07697067295801975,0.07005113859668816,0.026995605463877862,0.021132286479231554,0.024500180798753823,-0.49328717181794335,-0.35687735682765714,-0.462556426692581,-0.5063175437053015,-0.6635250353497762,-0.7354001028995226,-0.6946997074777101,0.05880683035031792,0.34830397198192514,0.0483295712594399,-0.16135943909311895,-0.1278900137976967,-0.21833947161509476,-0.20162208365604478,0.7449002038123264,0.7020808185134267,0.7841598380051554,0.7791606330088797,0.756451949873732,0.7500301235840154,0.7435510227508325,6.859882957917101,4.298986716467672,7.586063345269525,8.538526596298032,8.576235138060802,8.801933674984044,8.66799325924533,24.13320014593394,25.848534027171947,29.575126322977365,24.695263544566952,18.73531426711497,16.93934431699823,17.827633605958976,-10.369816836145517,-10.19211069353841,-10.660940023712904,-10.38733679802989,-10.515968990824266,-10.300835398132456,-10.376743605930216,11.30710115937598,11.062354474274242,12.44400410778016,12.382450021757398,10.209782296411447,9.95364070430973,10.102986122245275,2.4479593032189326,2.9218981096397605,2.3313863171622935,2.131580832731585,2.1407463676647795,2.057609304136923,2.119348758221858,1,9.007502767606328,1.4631445857772913
sub-016,AD,68,F,481,0.8519020527271506,0.8344823525288023,0.8870303266583068,0.8606537441736323,0.8554144318172151,0.8374066409965748,0.8616471372632507,0.08247822129344955,0.09567165175126037,0.0644908872583383,0.07184220206190191,0.07867826544265095,0.09025418798307175,0.07584342869063851,0.025462590373159587,0.026554311654984404,0.019684901844003757,0.025491071254866503,0.026261874918270065,0.029052210099426948,0.02485319821406511,0.02388420507655414,0.024557050313439684,0.0174530007979683,0.025943924081116225,0.02420231750570423,0.02657944651248418,0.022977181769708067,0.016272930529686064,0.018734633751512915,0.011340883441382366,0.01606905842848311,0.015443110316160094,0.01670751440844248,0.014679054062337809,0.5040662894152268,0.5414625505468319,0.5164611605840258,0.4558428065837735,0.47596269285606385,0.4931894292030622,0.48551362227956857,1.2992580490208836,1.269166393053632,1.4573866120598824,1.2875482931448747,1.2769186209369199,1.2243146542257302,1.3083435773047796,0.5338884066291247,0.5570507893164137,0.4701695208886423,0.5206051979180653,0.5361450953985621,0.5715797801022999,0.5278461051126014,0.9539817996240924,1.040458760615613,0.7986302732761824,0.8877482439151617,0.8965451322314243,1.1029618381824993,0.9193529682150865,9.62581551350045,10.331922716754795,7.1316331601540055,10.081392357256506,9.370382850144313,10.367709139652007,8.922747591184168,-9.172998767150673,-9.163265689865481,-9.122129530238015,-8.868340827060589,-9.450947278708133,-9.475761505861808,-9.404390207303235,5.7396576841074065,6.283760680855862,4.620167383620053,5.559534357722459,5.655817624558946,6.000539388311433,5.482206736439188,5.7193463614984195,5.25779624738148,7.031859342363283,5.818723807837181,5.661690364706527,5.253731392120728,5.894560129135029,1,7.976414474124488,0.17838373425091802
sub-017,AD,61,F,412,0.839933299694593,0.8063928659178928,0.8861876553593095,0.8310213406290401,0.8286330003740273,0.9227176515279227,0.8538680874004799,0.1007356090705136,0.13097934369983957,0.06873370423238118,0.10198792794198003,0.10036955535486412,0.04092983795561268,0.08652516070790188,0.032462238760854564,0.034324476019955974,0.01975278233335152,0.032059673131228324,0.04720641926794892,0.023697453493865088,0.0381103526592569,0.016694507277157617,0.016994962161878083,0.017537780231436133,0.019455254898035124,0.016594381945591555,0.00900669850481229,0.014371820689444217,0.010174345196881134,0.011308352200433417,0.007788077843521729,0.015475803399716158,0.0071966430575678905,0.0036483585177870736,0.007124578542916904,0.46147251498010644,0.5646401086617372,0.4912504804463371,0.47400353974470016,0.31306656215548406,0.25326586860279954,0.3362776789930195,1.3677741559951269,1.333712891704529,1.560224196290763,1.2604864631208108,1.308349337248813,1.5020261344368675,1.3409425058124833,0.5113415370331064,0.5460647129609464,0.43874867010942403,0.5403168859939599,0.5131260180386491,0.4380723022411676,0.5012248003044258,0.9725780377292027,1.125007958408856,0.8180610128418809,0.9597624569693555,0.9468172746479174,0.7351211588230223,0.8783309702982371,7.668572148751703,8.019741210706755,5.655764450769173,9.712335329642867,7.696104414767297,5.3298672180771,7.36169080154829,-9.64997142662819,-9.67260120849401,-9.567233011106447,-9.721019038103158,-9.847025522664168,-9.257198446376531,-9.677464165196719,4.736635627019032,4.99334048285859,4.096493893158939,5.7567968629632515,4.364473196851285,3.3163024057338895,4.240022030725231,6.105264284670601,5.764209347535735,7.373465250281664,5.007462753725386,6.338262791540978,7.242760417810897,6.326721139019533,1,10.176789496378149,0.41067894494868007
sub-018,AD,73,F,412,0.36678059091296117,0.4236328854771557,0.22411915137037908,0.3286152598335893,0.36998381403761904,0.45331554672391006,0.37476105738748305,0.28651377055853017,0.24021867383908688,0.26785608058919436,0.36603894503681367,0.3120903671519384,0.2791179001839059,0.32911937201857827,0.1790277196648755,0.1612786145800176,0.2225393446610063,0.17386615307822803,0.18881229391806476,0.17152842176119268,0.18254865460073572,0.1159191444072813,0.10956759070773435,0.2333701060338265,0.07586337764015968,0.10150058581801485,0.06371251133402073,0.08113405499847566,0.05175877445635192,0.06530223539600523,0.05211531734559366,0.05561626441120941,0.027612939074363158,0.03232561999697087,0.03243686099472758,0.21296196372660284,0.18042535683628566,0.0908444646141014,0.35758800748592234,0.2184349180342513,0.21255481753135302,0.26088908176409664,0.36580006580876506,0.41011722068037904,0.03352764874243949,0.4683030704165047,0.3727170202402282,0.4937172084949305,0.43423016123848246,0.8141298348377174,0.8057229368537976,0.8817082366219641,0.8051775365426753,0.809287458836923,0.7673545356963427,0.792923323994675,5.593301783398688,4.7044038166122135,7.898645506671133,6.081738244861096,5.564963188905651,4.312064051057428,5.3576895018861865,24.196357479926682,26.248806351916084,24.981697976163527,25.085727696226982,20.528234783685303,19.558219295370023,20.635033200236336,-10.047861499943108,-9.975512715774972,-10.178808729016554,-10.018602080834206,-10.143797759523265,-10.019275849768988,-10.071738355589385,10.999756352921597,11.467806751217065,12.718897950195148,10.97856067152052,9.506549761467328,9.06506881296069,9.55499482291869,2.4283078376734797,2.4880140294543787,1.8637426449184824,2.600797133933088,2.331020258349967,2.867136732038878,2.570972884621575,1,8.005128958256453,0.6522197765216351
sub-019,AD,62,F,449,0.5353255091728374,0.6241348196676221,0.4616223954876282,0.43519929421066417,0.5366721138216056,0.5332801159200997,0.5349636055681245,0.046162409490160906,0.04011734821969128,0.05058926283464683,0.04434046001051534,0.05190268343255434,0.05571333196577669,0.05303450737978115,0.14107280259064572,0.07699710008144531,0.12563780350014064,0.13885116905985312,0.2162919325808648,0.2801048320848616,0.22275234867450755,0.12266707300378654,0.10164740685305924,0.14621615678995395,0.16853020668904772,0.11198667832625099,0.08520660349786222,0.10908484484378476,0.1547722057425694,0.1571033251781824,0.215934381387631,0.21307887002991965,0.08314659183872379,0.0456951165313996,0.08016469353380172,-0.4358049425653695,-0.26560150187115056,-0.39001278629045766,-0.4986294753780758,-0.6187022418003161,-0.7002102049296712,-0.6161438704572012,0.3754333038696103,0.6346798133551059,0.26616302072922715,0.1780791613547414,0.25419948571611783,0.2085349576409275,0.25031877132377994,0.7414938445361658,0.6778014280543178,0.8162483635355464,0.8228732476065115,0.7318144032217831,0.7040458795544458,0.7313784145651282,5.481292732224406,5.634586069041683,7.197473899164311,8.130892836790597,2.070565208108858,2.187385379995012,2.0903183520617925,31.09218127027622,27.992197879961246,36.776814307114655,37.515314611520076,29.220795595465958,23.37598541084865,28.806629809923624,-10.460389643886455,-10.196186698840632,-10.801833598718146,-10.469672708578736,-10.752660069206664,-10.415962251934435,-10.606327196514007,14.510167936214406,13.58142360351647,17.35117878864705,17.95793870481102,12.11425625747169,10.19758280292903,12.062261069662352,2.5543765162675776,3.1881819232403936,2.0333736878814173,1.9360369023203186,2.4236953196148576,2.550262857315561,2.4165877445078694,1,10.453190525933648,0.944411654770029
sub-020,AD,71,M,423,0.7275048193485572,0.7736173777983639,0.6519628688081561,0.6690132605998261,0.7826152388892799,0.7137412787712132,0.7348420646385974,0.10248999543908024,0.084834380981153,0.11722479957295578,0.1174018694744354,0.10137432535831559,0.11403219689144901,0.10996352453912905,0.062157421210323326,0.04905431027165735,0.062339370527624303,0.07409600859539238,0.05334217831490989,0.09709107509268483,0.0772618128896259,0.04660594671445533,0.03978487888796149,0.06559398796788947,0.057337795059099285,0.03049582483657276,0.044699108354568445,0.041348998601920865,0.061241817287584065,0.052709052060864306,0.10287897312337481,0.08215106627124674,0.03217243260092193,0.03043634089008488,0.036583599330726975,0.25291856977431837,0.3033413183909655,0.28150197938801474,0.21519181059622333,0.27872545686689,0.07030702291284142,0.17084679242743778,0.9285068312529994,1.079730290920921,0.782493156353114,0.7820941359677969,1.0247864793855737,0.7666511531366473,0.8695279048367351,0.6219608541484454,0.5782951787345466,0.6703184784491615,0.6804004429802308,0.5822020617636325,0.6450132925596659,0.6245535837122699,1.0309186798178285,0.8901015667049025,1.0977491673973339,1.2358225205832087,0.9232161080490385,1.1752790204662373,1.0815599583431355,22.35400974862977,19.966017640909172,31.085292241333917,29.291764943009913,14.79996004493974,15.070622553370427,17.218410424582462,-10.244675855984815,-9.963761643191614,-10.625781261443342,-10.269963098080302,-10.466181852514032,-10.273384013588418,-10.370103865666708,9.248521914676797,8.38377205031737,11.75475939279495,11.098645911018119,7.2318347214478225,7.840573019918374,8.008656571667771,3.7102514897445182,4.252715187454379,2.816731813950087,3.0148933936730193,4.267019602079711,3.707472085091852,3.8436974668376247,1,11.93757710644505,0.34895035859993406
sub-021,AD,79,M,450,0.5476919136794889,0.5768851677215369,0.4514153323437076,0.5159364921696227,0.6258539556295467,0.536198176630639,0.5726500736150675,0.10347684389073172,0.11098499853197012,0.11078346232862689,0.09899277751533854,0.09268233445560174,0.09139827189303587,0.09097948405452841,0.10840987563292755,0.09165172866169662,0.11613089638789176,0.14757277821311623,0.09669707694779099,0.09472525176711685,0.10662666723726755,0.10000352568489486,0.08592284667777385,0.14321327658964078,0.09889368286873887,0.09393997180216702,0.09578629230910313,0.09680924096854057,0.140417841111957,0.1345552584070224,0.1784570323501333,0.13860426923318378,0.09082666116489367,0.1818920074001051,0.1329345341245959,0.0029936487815702155,0.10509416028359433,-0.022795221281058393,-0.14708232532316534,0.0036861899800893355,-0.01656169996987886,-0.04057922971869068,0.5193503350626898,0.6235205251304318,0.3373058207417494,0.4141783996611256,0.5997972136753221,0.5174949941911829,0.5336171349127258,0.7739270160192006,0.749572450652013,0.840257189867705,0.7888650817005534,0.7323370302591728,0.7921815813089376,0.7621618214234366,3.490452165899992,3.335688973444504,4.9426553700974525,4.094962875892028,2.339755536353333,2.370842057533917,3.106926348225122,33.733534418987105,33.269016162113516,35.516185066928166,34.545703014174855,29.215944465924384,37.83742008535161,33.05671161267166,-10.29167177511197,-10.083067353544454,-10.680121769263787,-10.242071808771948,-10.496051296896086,-10.231742909374423,-10.321984144553436,13.997915126288818,13.564045860589996,15.859280107180297,14.245012392042504,11.623603519415731,15.791682963699742,13.565122085701395,2.3888851060835075,2.5155069931805065,1.9828414541901058,2.3630169688030143,2.6998532584800654,2.1400580250502585,2.4751891314511534,1,8.72022700986016,0.2799029430408879
sub-022,AD,68,F,400,0.7102603600111553,0.7493196422652586,0.5834100706456152,0.7069602513200646,0.7107082836854955,0.7697566380407759,0.7201680609199413,0.12998924496501243,0.10983846555022761,0.17240270697149582,0.13145028394580485,0.14566032243760577,0.11046808573655911,0.1338092239515551,0.07927639290653035,0.05994362241171646,0.1042121058005343,0.09453374779621038,0.0785100106683012,0.08017238387535666,0.09145247134046619,0.04325573798031684,0.038390100782324,0.08075407868136927,0.03547942785579552,0.03966127414381879,0.024982273125502823,0.0332107700011295,0.037218264136984876,0.042508168990473015,0.059221037900985436,0.03157628908212461,0.025460109064779163,0.01462061922180462,0.021359473786907803,0.2323479693192721,0.2734263920649895,0.22197566900088664,0.17224951962225687,0.27509439337423564,0.1602092034984241,0.18616545214761165,0.8978281264624688,1.0657756786096964,0.613238172864798,0.8230055659214985,0.8664281881970308,0.9336416528237756,0.8498021284229406,0.628032043845956,0.5928852929608919,0.7265935661402944,0.6223304802305583,0.6457276469992453,0.5880631110030341,0.6245160910422332,1.276871609740791,1.223381259359544,1.8655218281854336,1.0695913410094189,1.2709766851452005,1.0045154327643226,1.1639581842054274,17.72332392494232,17.825893737946114,26.67796139828685,16.29374339783807,15.141246276030259,10.664650896988814,13.175624470319278,-9.59973808832662,-9.257744058883256,-9.979709925109782,-9.775693523088753,-9.804883771497453,-9.567130041923122,-9.714451796818414,8.68227093324241,8.742517637697905,11.209864928017936,8.374299743806318,7.946233368869702,6.400015200916132,7.40479354638243,4.223867716551455,4.931444913194368,2.881984800624798,3.9068013718404218,4.000308358008632,4.729643629427544,4.226829013563092,1,8.919388774322229,0.5469562827067005
sub-023,AD,60,M,420,0.6761629424034058,0.6599462476275031,0.6866346423468528,0.6287308107725571,0.6980612101758196,0.7792306858069729,0.7112759868047249,0.1542726084473306,0.16625560945450205,0.16786022580282114,0.1398950507019456,0.1478688604698418,0.13031141634599805,0.14164883840085163,0.07979294006935223,0.08177677916544249,0.07145181190974383,0.09495227837817939,0.08324553654479257,0.0498636241416342,0.08363712100782843,0.0470954251484587,0.04702337222996932,0.04374257852179831,0.060779993229568945,0.05033411100634976,0.020149715354105008,0.04123215827074963,0.04267608393145246,0.04499799152258329,0.030310741418783708,0.07564186691774878,0.02049028180319616,0.020444558351289503,0.02220589551584517,0.2984613465816563,0.31523867038401393,0.39080658396230755,0.19078459023084604,0.25670513313079407,0.37921069008034186,0.2486621644768723,0.8445123826342604,0.8339993101177041,0.8880092052977684,0.6988471935388919,0.8171412059916857,1.1484500456015456,0.8769482228729053,0.6752861055219035,0.6895260646777543,0.6709146116127479,0.7172887713111767,0.6642523788580673,0.5645487477573663,0.6383191075106458,1.8300423703500028,1.9648834121622052,1.7443179535220008,1.9377708646741691,1.6042143515300207,1.6099703888309391,1.6183068424170979,19.33563249847195,20.81512015760563,16.464230962520418,26.151937528382856,14.926329441543038,11.445872521002881,14.278636372751217,-9.29356649548847,-9.5081015582681,-9.33778057790032,-9.509525659923575,-9.273225402072624,-8.074965963395552,-8.937706170452543,9.584200758636348,9.80434405826476,8.86692141931079,11.52516729605258,8.16499511070842,8.136493615984637,8.262482571685661,3.666069942015028,3.5000934818959215,3.784005050779481,3.0645445643085027,3.82689476953734,5.031898403414802,4.1131782320525945,1,9.015464356173972,0.3452140772987278
sub-024,AD,69,F,372,0.5441907222565684,0.5983906824846048,0.43902179662503893,0.4969476319979671,0.5571714392749373,0.5872593548953846,0.5390748232182764,0.29751397500589966,0.27128220899392236,0.34176280740956605,0.33792635772931584,0.2961563420272684,0.24416359146343547,0.29721366965305374,0.0946170169866323,0.07862605994276535,0.12077606813846285,0.09898765060215102,0.09798066665042483,0.0975600481856945,0.10096498703291291,0.04683069563905027,0.03724529052419097,0.08028688754239231,0.046299007234183884,0.03853783986427552,0.04369798615793963,0.04372556566710702,0.01684759011184934,0.0144557580545166,0.018152440284539963,0.01983935243638127,0.010153712183094325,0.027319019297546654,0.019020954428650212,0.5069412314641234,0.5548458793754912,0.44970908473528765,0.5362511765925535,0.48490288047600427,0.3995608200929092,0.4682112061337223,0.8060636611933459,0.9335464190129452,0.5915958821761645,0.7628712346976002,0.8040099709844216,0.7710410656553983,0.7673647977573822,0.7175462169946837,0.6798283746482541,0.77526410530891,0.7367194595229891,0.717881279082003,0.7241327545482574,0.7288202127260407,3.179402955779685,2.7367007498267273,4.45292559876662,3.6142574310304845,2.8793520160226898,2.3989441712685258,3.105516646165061,13.879220061807155,12.209043663556935,16.876237057885994,14.668744198920432,12.426540498597754,15.829283032152217,14.37314984778026,-10.122928980894088,-9.916491550081693,-10.456652452147992,-10.121115668181657,-10.239157925619262,-10.174157990193706,-10.200565509799715,7.245394845010478,6.619941759415326,8.239021222786576,7.716911339816054,6.535225453349631,8.066262175809484,7.45370042411722,3.3577304952070595,3.8170769721330857,2.6849780062454847,3.176174241975772,3.1466845027181822,3.4388280546042207,3.2141134336753723,1,7.34470978293645,0.6617785327353349
sub-025,AD,79,F,338,0.41924217761544125,0.5236477379988506,0.36864756488398887,0.31465282026031194,0.39489828692605583,0.3754091861150233,0.35787888849403743,0.039828902633741135,0.02985938527283549,0.051416752088290045,0.04440602503894791,0.04250773915136922,0.04416793962823189,0.04771859999979746,0.30797304197980885,0.2148963579835503,0.2605732516815121,0.29852214738194016,0.4380413830889652,0.5286403989461618,0.48559754248167464,0.08333180070620803,0.06988237833599516,0.1140877386635733,0.11483546227521202,0.07344567118269181,0.03609274321317161,0.06265998470067886,0.14962407706480058,0.16171414040876822,0.20527469268263598,0.22758354504358777,0.05110691965091733,0.015689732097411195,0.04614498432381119,-0.819338496658884,-0.7853449383391906,-0.6991490902288938,-0.6924356133294233,-1.015535398952821,-1.0781104736408125,-1.0110192552385266,0.11801672137955277,0.37450946080810843,0.06019290218552962,-0.022147014805970408,-0.07102105398198792,-0.12908800241600027,-0.13349313972348212,0.7054732892218673,0.6655201277294325,0.784598458261938,0.7803524727675641,0.6763328860817454,0.6205738385040724,0.6683900999703029,8.181147473212572,6.465504288748363,8.322977107359952,11.580148203406633,7.292841333016509,8.507611917522205,8.0624424856013,28.52260838415077,27.94365683713986,36.515235049159216,35.22377963879225,23.521052396710413,12.659990273053904,21.76641772018754,-9.98894311749172,-9.716601897416995,-10.414950960318395,-10.017452566382733,-10.336837408630009,-9.724265289023776,-10.06804993616442,14.245454322056057,13.830399977631462,17.206430334180723,17.95526540178721,10.986909919081805,8.724874954354181,10.784271761594498,2.682251014965612,3.537216742690216,2.015775699265689,1.9474088660046358,2.529853230643463,2.3878649158845544,2.43626354178935,1,9.362630175243602,1.831490539695519
sub-026,AD,61,F,447,0.5309919956089854,0.5027944662558985,0.35160359745744,0.5029404716388476,0.6772643638586624,0.7354604411378671,0.6665990736432226,0.12588433659344406,0.12588725962030797,0.11322073004594928,0.1129939949490478,0.16208360785083367,0.11635129222337065,0.14598955280522188,0.04850589975693864,0.04006315650701013,0.06759588093108328,0.04547442596266307,0.05523721781227683,0.04538649987601538,0.051396223649208504,0.08492599515008448,0.09284657535415654,0.12810861125617137,0.0945934601478027,0.0396219804462083,0.04105113233707958,0.04817619612850012,0.2096917728905476,0.2384085422626266,0.3394711803093564,0.24399764730163898,0.06579283003201919,0.06175063442566785,0.0878389537738473,0.40280257937576286,0.4920164868228692,0.18014171980587348,0.3622138946974732,0.4651244872402123,0.4122397002256297,0.4448574572650029,0.7148603997614693,0.7352290664935687,0.34255884415003335,0.6413342015442027,0.9474583569359072,1.0001778602891525,0.9166244267430523,0.7712696037064873,0.7894044344707185,0.8776822851451377,0.806783601859653,0.6903187755953176,0.598576919734126,0.6828100984766013,7.2031975512537,9.345852914875701,16.186642692081364,4.040529811534706,1.6524895935302943,0.8801334833582979,1.57589451875502,32.642839154468305,31.666045433753084,37.39396891796874,38.974064708455565,26.584520436508864,25.359949500685595,29.16865662842073,-9.811461869573856,-9.565877514312472,-10.043029455241198,-9.874277345234876,-10.139725701015708,-9.705629036002888,-9.957452080275221,16.0480767997814,17.238430212220674,21.08520112896198,17.93392790007458,10.125619877169532,9.438136545804495,11.175001713367648,2.5943082151069135,2.6269496991079326,1.852225087444299,2.035600287537335,3.3455004593189615,3.5838152014183544,3.149780775362486,0,,0.15799835371091042
sub-027,AD,67,F,404,0.68818915801714,0.6771199827792982,0.6288381358467593,0.713557260816143,0.7262538311462708,0.708124589313456,0.708662489020325,0.2019201958177297,0.22697073726292377,0.1950646418083819,0.1516038920523492,0.2085280432819707,0.21524746810797168,0.2063744975545574,0.03239453771792531,0.02743656832914224,0.037663863688123696,0.03563108949204825,0.027978333282118076,0.04199464472883344,0.03422519364549444,0.03479293296917036,0.028385839020131913,0.06384872685419067,0.04144884810964212,0.020396966618783444,0.021916190207911385,0.02536271262214037,0.042703175478034525,0.040086872608503694,0.07458463180254443,0.05775890952981721,0.016842825670857372,0.012717107641827933,0.02537510715748325,0.7914782600157337,0.9275295163641603,0.7108740041580933,0.5873229678220919,0.878254830354179,0.7143509754623167,0.7935961412667492,1.162076147567662,1.2639479901175503,0.9108062815027314,1.0739668425058928,1.2918885254130017,1.1639295410959778,1.2028534834246443,0.6691076937921988,0.671177982825523,0.7318614489998674,0.6453163200958163,0.647787936803249,0.6472934322402524,0.654834008804806,2.122786155004917,2.4315455408296036,2.3624519523966394,1.6664434774601082,1.933116105727243,1.8798200375370593,1.894186132884609,18.362942059669408,18.833079418607895,27.167151496561356,21.670124593561827,9.512890991533864,10.171858682465238,12.90621797871422,-9.533496889330058,-9.416710095067632,-9.810135560892816,-9.301129310813055,-9.769822101939349,-9.637540000024469,-9.723168061686335,8.616248853776728,8.322884911168094,10.995723328338718,10.101787271080182,6.5850445581102575,6.14954054995675,7.263521381709764,4.048123446860798,4.17757984823812,3.062608887787,3.6401577874686915,4.797432617546668,4.765265443406271,4.486809896955866,0,,0.0581555888531895
sub-028,AD,49,M,402,0.6288732754647249,0.6768154564334148,0.5001737677061215,0.605277429979705,0.6379397346043585,0.687716905972805,0.6416726407222486,0.24514111515261053,0.21840235636133323,0.3201549539003454,0.2652334419603547,0.2450148576953791,0.18621074537083798,0.2336065333640412,0.0687291536874484,0.05472712282032872,0.09604591474000439,0.07298505745533136,0.07055209161943721,0.06551490570978413,0.07045368657786766,0.040280211533472256,0.03369396953625009,0.06545612729056692,0.03838560442798955,0.0354540804514337,0.03659659572213113,0.03728995024548546,0.01697624416174382,0.01636109484867315,0.018169236362961774,0.018118466176619375,0.011039235629391561,0.02396084722444151,0.016977189090356892,0.5585121553489653,0.6094216342604468,0.5192102094876433,0.5616901091324404,0.5437444058298041,0.4550776146625547,0.5193797446317531,0.9473853400976507,1.0912512850922502,0.7120838648370512,0.895573429580505,0.9253351727209905,0.9335058176067332,0.9137009673176973,0.6574822101671879,0.6258523104687768,0.7286710145496013,0.6699436606743865,0.6561014910599002,0.6385518301845414,0.6540286069987155,1.9445545276817788,1.9062411805478294,3.3805785525628593,1.6575441972816918,1.489975651341882,1.1805041806390033,1.432562821295722,12.998764196196708,11.904891882387233,15.675943570235404,13.222737961963151,11.91200761694187,13.993735570821212,12.984221566495957,-10.140655788675243,-9.922845444695222,-10.490128083018757,-10.16847012747343,-10.233717488742883,-10.183562323392238,-10.210752861254722,6.716811956553463,6.3006961890447695,7.728522977730173,6.978820273952686,6.04041220078248,7.146233609926856,6.620616297848278,3.974147605631611,4.623299707491485,3.098472269381095,3.7295275193098494,3.655704864615393,3.9825325376656706,3.7627688901209497,1,6.978483739287649,0.5533243050180054
sub-029,AD,53,F,359,0.8212215869936617,0.8364422783424087,0.8249069709401319,0.7968863931480206,0.8202521784167273,0.8125455919100253,0.8134145739218764,0.10750608256058096,0.09297529430964582,0.09879373603623824,0.13386383912344157,0.11427212149888062,0.10856778969219752,0.11773443431408337,0.03263841675430259,0.03445062504766762,0.03156921611557721,0.028528057732760917,0.03172234216158179,0.037494318617777585,0.032741756163945555,0.02039167005763567,0.018378391292867644,0.025470122993722283,0.02016372491725543,0.018509366993383805,0.023099811207332132,0.019709322785413493,0.01824224363381907,0.017753411007410323,0.01925995391433041,0.020557985078521794,0.015243990929425808,0.018292488572667093,0.016399912814680676,0.5452259865899249,0.5131029740336356,0.49491029958590776,0.6718366675948235,0.5573336211740821,0.4617472471569306,0.5568418852050468,1.2841212828486679,1.3512109762443578,1.2119704012540073,1.2817260922195328,1.270795730377085,1.1823123883213913,1.2521035692513114,0.5473924887461645,0.5320733536167319,0.5476489984630413,0.562620165734384,0.5504328288725332,0.5656088329578719,0.5578917678979238,0.9327069872984161,0.9497304210045086,0.9025535464718158,0.9309649560962336,0.9224605874619328,0.9372087927260833,0.9332641247888895,9.77784269457707,9.391042367332494,10.845037094287648,9.893795214705353,8.99454546892494,10.47389303858886,9.378383799905876,-9.319517433656355,-8.833756789420503,-9.662007982260794,-9.583052088890582,-9.611842422202358,-9.540387072287734,-9.582731073261685,7.07037153597299,6.491667508369251,7.654849960047048,7.516788948440451,7.114566346519481,7.259990955720337,7.157584453135951,5.212659289741897,5.764856232207136,4.7714833978799165,4.812913586095292,5.125422008900096,4.872081157462448,5.035397616953008,1,6.232193534042036,0.37506175013620435
sub-030,AD,56,F,267,0.8044732413596024,0.7872499023736621,0.8375378495868334,0.8049089433918553,0.8202157429742939,0.7906728589830032,0.8064853806318473,0.10769464911738184,0.12022771973813194,0.09022459036641517,0.11113903205682849,0.09908545133770703,0.09605902086182536,0.1012324295595414,0.03654803958184701,0.03285694531461759,0.03511859348951963,0.03957913014605652,0.038625199010637,0.04243311838403703,0.040651728780473725,0.025942059356532182,0.02896076825877759,0.021535105352612192,0.022635500416499907,0.022676075047095012,0.03349910354877356,0.026147891135988192,0.025342010584636684,0.030704664314810864,0.01558386120461959,0.021737393988760133,0.019397531630266956,0.037335898222360414,0.025482569892149132,0.47121313166884954,0.5621012827534252,0.43128445544473887,0.44884407111549246,0.4099887118805035,0.3495723679982342,0.3946111229598891,1.1763055099727522,1.1722022495330808,1.2642243447547745,1.1699692110023456,1.1790428393830035,1.0673552731640052,1.1361758822502692,0.6055843227894373,0.6294876369790895,0.546654247368292,0.6098402083101924,0.5903106659330004,0.6247165505005168,0.6063490322410727,1.337299910752394,1.4961968121150302,1.1050533832011462,1.3586097573731677,1.195397918182115,1.2997638429239096,1.26479603911549,13.27761391822207,15.533586267431351,9.275831242192035,11.375549079359027,10.690426337377339,19.069295759027835,13.369179768497633,-9.063390615302813,-9.090954392995469,-9.114261625832947,-9.223728814191636,-9.279048765295736,-8.246447254816303,-8.978945538925897,6.874226701942716,7.338804239760693,5.9185547414558775,6.492011907101965,6.494067638246624,8.01638144553569,6.970661403088049,4.533904013611669,4.206992710464209,5.4933572125591965,4.5471061570066125,4.758433263397673,3.875715614737598,4.421310980366933,1,6.574296127207271,0.3052877973810233
sub-031,AD,67,F,567,0.49799915671604095,0.607582965668395,0.34088467222754154,0.4723239562819548,0.4001850984962266,0.5481990403134442,0.48071408257393955,0.10201322085139178,0.09671506990667264,0.09645719013663258,0.10762587221403258,0.1297731872822455,0.07602554285848555,0.1030909296373863,0.23393838947991416,0.15829301221400585,0.24348390268466655,0.2374986155695131,0.34457299396188734,0.3113065812013067,0.32562312980928626,0.07970501249944062,0.0632473090685348,0.12862708804822778,0.0838379604748866,0.08232413595356824,0.051729280052346796,0.06166154185062961,0.08634422045321245,0.07416164314239168,0.19054714690293126,0.09871359545961282,0.04314458430607202,0.012739555574417083,0.02891031612875802,-0.3115223338355452,-0.1563215519179693,-0.3526101050010802,-0.29940919023410884,-0.42009514488465943,-0.6544604844279592,-0.5099429592532038,0.31839920800637855,0.5554840432128734,0.08184312934005965,0.2723622691558584,0.09561865085035169,0.2696811162182054,0.19737595350673326,0.7281984542164741,0.6824789238855328,0.8477810998764421,0.7455683011942893,0.7756446731029718,0.602933819599441,0.6866036160419824,5.136589445555619,3.024342574903624,8.840281079379244,5.400018233357721,6.478894920862725,4.433600253537307,5.301456657490766,25.251907340701894,24.898886679520793,35.47237000864959,25.93039962666075,22.992156600880378,13.189427190728775,17.707911151022227,-10.226936622473861,-10.048590108648161,-10.50966739515499,-10.232962845415594,-10.54220804211581,-9.942093686495719,-10.220910914278226,11.893590720533089,10.986766856038189,17.406214340442173,12.49688885172708,10.773456754769894,7.272143502658414,9.030094874722268,2.6968627855565033,3.082069464542926,1.896632932784289,2.6174316776378337,2.3839828956050875,3.1771662390268096,2.8612843041991147,1,8.831364480980774,1.390239347536843
sub-032,AD,59,F,416,0.517980666500209,0.6409914288216626,0.33173169709690575,0.5173321016648236,0.45592440299731374,0.4611979774051895,0.46305194545951256,0.23900826248181956,0.205300575251741,0.2987070292474356,0.24980491630555085,0.2355315756647378,0.25105874021683044,0.24715174943445525,0.13540844162664478,0.08349121158545511,0.1763132530712573,0.14027300131858486,0.17536434832015801,0.1860985501797396,0.1741177964470393,0.08529817180901235,0.05240750249448054,0.15801304271590738,0.07077141781619811,0.10932976129387945,0.08434933180785906,0.09418111642308005,0.022304457582314297,0.01780928184666116,0.03523497786849355,0.021818562894842457,0.02384991172391082,0.017295400390380307,0.0214973922359123,0.27361181654396044,0.4042414236484329,0.22532771466210386,0.25743069001537144,0.13048596079009012,0.135885381189075,0.1569075298752984,0.6051651414788832,0.9130029336111739,0.2761979940339949,0.5672252421835333,0.38701754866168425,0.4242847779996959,0.4262065694549983,0.7189734483149783,0.6346097408476414,0.8280233661597548,0.72504424818802,0.7717427296234941,0.7593760259746366,0.7617021944477974,3.6691151761312537,2.5211933509643103,6.2054872715555325,3.0530351560469313,4.276412010183052,4.2034982101700855,4.1376428766411,16.380137249098272,12.878001079549222,22.494456036842404,16.154909634292498,19.364356807290292,15.440261553227291,17.480356877876744,-10.12396172368023,-9.834729637012003,-10.49618866658411,-10.164227500031057,-10.374016551758109,-10.122319817844744,-10.238106871529203,8.124984407024646,6.724849224232238,10.499896863641622,8.066969849997513,8.994972302531943,8.274136132665927,8.62171033186184,3.1689454883042587,4.154493458773137,2.1538891315266016,2.994195325804276,2.491254956390168,2.608148249700776,2.6037022219795034,1,6.923595509759138,0.5770435224417643
sub-033,AD,72,F,342,0.3335194491294004,0.4207704661472188,0.24717580877306458,0.2494526465229167,0.3024708294871118,0.3723628847779399,0.3084203791953077,0.10747164849315842,0.10720747244434548,0.1267455365133838,0.10908719936558564,0.08740603744824105,0.1063527474561871,0.09719839211644507,0.21051450539562663,0.13048709473429923,0.20695270254736386,0.33547886958326617,0.2298811262182363,0.21697448737347297,0.25123614600429106,0.18125869402665193,0.14763700157340318,0.26478776532895165,0.16698209376595707,0.21214532279986878,0.15586426802113745,0.185666954731637,0.16723570295516269,0.19389796510073337,0.1543381868372362,0.13899919076227435,0.168096684046542,0.1484456123712627,0.15747812795231916,-0.27115932176941265,-0.09602412838132948,-0.22937650272014884,-0.4865810256299954,-0.41074272458689487,-0.3065882152542106,-0.4029581300202305,0.062336487642608,0.2883897242876561,-0.10105138729094841,-0.14668314892303758,-0.055297425950072615,0.11072211530558658,-0.032386688375526954,0.8653198682392297,0.8205723979149658,0.9244538418379792,0.8869982256040166,0.8875761308423987,0.8564939453417022,0.8799590588904663,8.37106227251205,6.260111416413794,10.49788895061827,9.751667065870402,9.648487429979758,7.891802928778362,9.254273175109093,33.25714800521913,32.352306405313506,33.70283079452738,34.576401867391816,33.233261377337676,33.1528916384033,33.541714500974116,-10.326007909994017,-10.148443331512894,-10.573249799501376,-10.285971093308717,-10.515160205343202,-10.372966290763742,-10.429090501861822,15.762534953770906,15.474165280723067,16.59520592647544,15.747466792910119,16.118819836220876,15.018531348428143,15.775382427851067,1.8665792501807361,1.9488460854976435,1.6990142709077602,1.8785881284609836,1.7704401943925845,1.9501836226027556,1.8396274192387483,1,11.47235661326112,0.5907522797406219
sub-034,AD,75,F,474,0.8366172546614468,0.8520020076263416,0.8356772402480163,0.8137278806800331,0.8407531920948582,0.823755482717171,0.8282371771336628,0.08810711474000527,0.08262889126420607,0.08542952477415598,0.10097395433697376,0.08400438980445202,0.09171769006346933,0.0905270645529602,0.03348532701169338,0.02894371735203252,0.03272114887530642,0.038042255359617076,0.033195535093671354,0.041848059206272506,0.03794649680430699,0.023238736197543543,0.018860425457956104,0.025985387318166006,0.025895730956153475,0.025034154943247195,0.026435729469390556,0.026243308289656264,0.018551567389310953,0.017564958299463754,0.020186698784354928,0.021360178667222805,0.017012728063771108,0.016243038543696305,0.017045953219413653,0.42458384409003724,0.46011663040795775,0.4164763386207986,0.42569445736703676,0.40408180657350573,0.34091217990197153,0.3796565176955506,1.2194261924046135,1.298027316894204,1.196934025050749,1.1570089752941364,1.203052241932051,1.127455867651643,1.158193585102826,0.5913801682718057,0.575549578789382,0.5952174764438652,0.6111745307501616,0.5910093021784549,0.6019988433855142,0.5996034436693588,1.3825885257429937,1.3073278959806662,1.4063399890948007,1.4667525553449314,1.4004802177855888,1.415207937615663,1.422403922581836,10.657548514092406,9.30026563949033,11.717705556573618,11.999655711037413,10.650918666430089,11.143533389081334,11.025142987262246,-9.512688732324152,-9.247987809196534,-9.671709450302728,-9.674760444890488,-9.668956738682661,-9.642065451632519,-9.663847145886523,7.113004026179379,6.811981234976032,7.370923218154226,7.546843065893652,7.044988644901707,7.014049999916786,7.111813302790635,4.904669830659223,5.167975671966984,4.733396846998821,4.594983798008568,4.914251456634082,4.8450084879116995,4.825107246440678,1,10.540669131758015,0.2543618649232844
sub-035,AD,57,F,367,0.6872141722885053,0.7404478212450344,0.6344426711618555,0.6009460457364904,0.704265972538589,0.7270122053595327,0.7063177798107162,0.1363888654086351,0.12109944602210508,0.16767321460133025,0.14867100294204544,0.14208789730534074,0.1098624865605681,0.12476566070364162,0.06572945288517511,0.06036659354524227,0.08644914470798615,0.06110924733175314,0.0699917027804517,0.056266959104652514,0.06194799060636892,0.051895068280595265,0.04049653001242743,0.05957240646156022,0.0785041908358302,0.04085453315913978,0.04361650251944864,0.04735416495586747,0.05877244113708942,0.03758960917519093,0.05186256306726824,0.11076951315388087,0.042799894216478986,0.0632418464557987,0.05961440392340611,0.3153981937241371,0.29201764972514505,0.3116630485372946,0.37699020296587554,0.30817766863903145,0.29047958464505497,0.303908076767157,0.8708770929535724,0.9792868498653104,0.7467069105267515,0.7376879646933091,0.8839046719364138,0.9245351054489845,0.8828297977569458,0.6656311872241476,0.6135687837012765,0.7018656035714788,0.7373449339835368,0.6604004570540846,0.6579165767695148,0.6674592303692283,1.529224829834195,1.2101269514258637,1.6324129169265014,2.2855233471666243,1.335777936976184,1.2688585782470543,1.327531013258612,23.403045254746843,17.79823239385608,24.32190734906511,33.67832203226918,19.88545723705759,26.367425597876366,24.672451401886057,-10.253851501959694,-10.003340124899056,-10.576998630314444,-10.203235344349952,-10.541586777751144,-10.315550030672101,-10.398775421061746,9.61211455277576,7.979074861400043,9.636836093183549,13.013460968839134,8.612704368950688,9.987093605589934,9.738904180059725,3.4190861407834086,3.9661571835090768,3.0950625098761115,2.618090598311664,3.5934220484686197,3.330860161020186,3.339002669561926,1,7.021010689622049,0.48445089196240154
sub-036,AD,58,F,415,0.34496214022305677,0.5427558339331396,0.1923669671206766,0.26991831448985265,0.20475381990486777,0.24197710383502868,0.21610412750981026,0.10651019841813036,0.0850704966657149,0.11694096644574603,0.12871017595110934,0.10869952571093534,0.11821905650499553,0.11689376914884632,0.3146411499370978,0.1910264854696481,0.38520328544864685,0.37804405644122396,0.40297272957732844,0.38214608983724974,0.39586478814273063,0.19060749961473647,0.13974301301895756,0.25807389703305444,0.1707986246623599,0.25092384710194127,0.2165768352464316,0.22534878972047925,0.04327901180697869,0.04140417091253982,0.0474148839518764,0.0525288284554543,0.03265007770492726,0.041080914576294175,0.04578852547813351,-0.44786472881202744,-0.3386876259976978,-0.5137164865371746,-0.46729395980073385,-0.5684195151137376,-0.5115163106444823,-0.5309551304344587,-0.03547164772809804,0.32507054241619,-0.31956441855614176,-0.1431106898396382,-0.32405803366146557,-0.223072493867909,-0.2738785035667069,0.7941067957947165,0.7062833971528731,0.8578280456251642,0.8389860951311843,0.8429632743323868,0.8428634998160558,0.8478640242679162,7.820483284426172,4.438856185663058,10.465765174315232,8.765089735295113,10.468559784227557,9.826927643823518,9.968442358433071,22.34175370434148,20.74154832829216,23.54872463633059,24.52441803832,21.633052521947487,22.829739228164343,23.77629572317347,-9.98762431178806,-9.853978066881412,-10.099973041194728,-10.006575893606676,-10.08523550668929,-10.102543118862267,-10.081948571810042,11.403488604707233,9.777336536924526,12.754981251430104,12.187159591709714,12.27776415844111,12.189026567256626,12.58738679019068,2.1563253998048344,2.7914941835028557,1.6200715508793289,1.9887763616470557,1.6518057101400567,1.8294930410627401,1.7683515526726195,1,11.79871446500715,0.9431197171366339
sub-037,CN,57,M,377,0.3885448360654953,0.41852689304022206,0.43108086776777643,0.530787257276608,0.22132931313643342,0.186142031071897,0.3189733141355395,0.14135972755316512,0.13501850933299603,0.13441930929024537,0.126888650626633,0.16339918992793664,0.16984757900904368,0.14981256350448144,0.37557327700657184,0.3486045200600777,0.29968762170684365,0.25130299103375897,0.535811114641397,0.5919762247622817,0.4681764198706842,0.0673656957371497,0.06361742108800449,0.1078293874113639,0.060027632925057126,0.06568102882172334,0.036992245495161474,0.04993596350342507,0.027156463637617964,0.034232656478699476,0.026982813823770806,0.030993468137942796,0.013779353472509573,0.01504191966161637,0.01310173898586983,-0.3970511788560421,-0.41289857024128335,-0.34654561666364936,-0.24759337816871554,-0.5128077348479184,-0.5426244196831247,-0.44190465038261983,0.10951880796275208,0.13890489878869494,0.1444062477784869,0.44026303314580023,-0.1971260083004168,-0.24718489562299345,0.024569852878607794,0.6578073364868081,0.6563685045773104,0.7260385751240435,0.6556693617894321,0.6292815933353096,0.6075609543361968,0.6087298692909737,6.1183598504691,5.841848523681607,5.559858402943319,4.560883899297664,8.063270603221241,8.121487438728654,7.036062752162276,18.029151030176084,19.284996690851262,19.510087034383844,18.51627101070912,16.210449810195378,13.166099080406331,14.223117694874945,-10.041051159931232,-10.060078941377359,-10.34808512630066,-9.834620536422625,-10.095043804863971,-9.845775254933757,-9.84405772212992,9.138830535650019,9.416299541912077,9.489442044506776,8.497022754091246,9.053081610107862,9.054010701878452,8.234071183717873,2.657444170911578,2.709790836449462,2.4261008603342202,3.4871557027931326,2.005582970873253,2.1396145436894014,2.6923861543887435,1,8.336179070475813,1.6482596911925746
sub-038,CN,62,M,436,0.8352636546989485,0.7317155319908205,0.8795199496107201,0.8600018085066312,0.9580171411801084,0.8976911044726332,0.9394560702348433,0.03326400070517686,0.050370126817426544,0.02100335760600977,0.031231715636883997,0.014449596141557533,0.024069700943068317,0.018130022901673426,0.05802029474353957,0.0954727953498793,0.03937223669694157,0.04167619700637385,0.01521644094146215,0.05180260586869519,0.026548225678366767,0.04892887905249689,0.07999204739962014,0.04375532832417958,0.04245309786504012,0.009875979858344264,0.019499027096183952,0.012052119254240847,0.024523170799838078,0.042449498442253444,0.016349127762148696,0.024637180985071026,0.0024408418785275324,0.006937561619418284,0.0038135619308754297,-0.1669395179688595,-0.27756185832911945,0.04986698795670604,-0.13726529011204988,-0.046076998655736244,-0.34561332027960207,-0.15162954455953978,1.109776430183335,0.6561495871847616,1.5909831621181603,1.1675026816857255,1.6088974062779913,1.111526315629336,1.4576555589826652,0.5324527590041106,0.6460532661688063,0.4851554439505958,0.5193069588030899,0.40927187495264555,0.4168598829871868,0.40573374038205134,1.0090882588174588,1.240741742014378,0.9525628211308149,0.9908006588904585,0.7713694700047623,0.6762426072312548,0.7148426218298687,14.380390697027027,23.21275149333936,9.593559600900967,13.330776033987076,3.1028462401905084,9.66292056545765,4.950325097978596,-9.603794876472923,-10.10386839924067,-9.131920376625835,-9.586719028761287,-9.198470757976123,-9.203487169724932,-9.124096027145505,6.491487659077686,9.407836871520486,4.761599693845162,6.221128828969631,3.098188062865391,4.509764417911228,3.409326319871902,5.529068060379728,3.0504127246107435,8.017244583098245,6.068966971680471,8.342086117454567,5.172772043279654,7.62772207501109,1,9.953426259882034,0.7444255456698752
sub-039,CN,70,M,417,0.47688101871151223,0.410909243322822,0.46239846220045583,0.6240968976117625,0.438059485268816,0.4933066097020564,0.48562384150802806,0.06420104778778131,0.07503378138717523,0.06109382604492927,0.05627182927450154,0.05486200015474682,0.06081432128029199,0.060864233290832175,0.36823109414359867,0.3676407061593036,0.38571052785007726,0.2703706325565256,0.4576621701706373,0.40565261066250163,0.4095959272150996,0.054703899511779217,0.07548105855586948,0.06713398022411603,0.03297431223015665,0.040481131299351235,0.028132048670845046,0.033557241485204614,0.035982939845328556,0.0709352105748296,0.023663203680421758,0.01628632832705343,0.00893521310644852,0.01209440968430538,0.01035875650083547,-0.7141957690246614,-0.697689861764181,-0.7956726821307692,-0.5810086748562294,-0.7814259831663842,-0.8152799419014608,-0.720812441994107,0.19830278471359583,0.04037961409269734,0.10027796383250538,0.6355700647857312,0.11376030683349787,0.1503502698842526,0.20305571427681043,0.6194450380363252,0.7102735054554911,0.6206193462971283,0.5295471003255514,0.574431486483137,0.5471001424293704,0.5602979085810046,5.545575649613297,6.14337387970935,5.991844165099253,4.2301558969143676,6.0820335016602485,4.61003179837561,5.230493337146773,18.48264771540533,27.334751214163948,16.896812796500956,11.745213665516832,12.78791143356928,11.8960103706378,12.403629559303184,-9.642424812909198,-9.867852417661158,-9.748759815882778,-9.40370251747893,-9.485015018484047,-9.407484974315226,-9.428320677441627,8.921967342789491,11.714357168015672,8.431752340885753,6.527696365892443,7.398215463714905,6.958095229759419,7.021440348097806,3.412204885014442,2.457204463330099,2.8838388813019886,5.404664733081025,3.4880029985773326,3.4486385000008157,3.6382963989411867,1,8.994476780071672,1.5329534585275297
sub-040,CN,61,M,497,0.6628420846747498,0.7114048174181441,0.5872904623806887,0.5594459059328065,0.6577232274837547,0.82067059678434,0.7092229490052091,0.08726997265780347,0.06125712542693966,0.06774683218338301,0.15926109515146566,0.08544813747916458,0.06635015645809135,0.08151362734323196,0.1657145128836419,0.1489274736939347,0.19727628830839303,0.1788854387113566,0.20470086131648477,0.09230511260579677,0.16487525452093993,0.04931944284485192,0.04532474452724351,0.07867580058220215,0.05967607870055342,0.039649053121689565,0.01305866322379649,0.031431058996511024,0.03485398693895306,0.03308583893373814,0.0690106165453331,0.04273148150381783,0.012478720598906328,0.007615470927975798,0.012957110134108123,-0.2983798590641532,-0.3750512973023229,-0.4677687391761385,-0.00211720475902466,-0.39501886493123123,-0.2235133048722212,-0.2620268400810712,0.5872564540872846,0.630428578644886,0.3750394955598095,0.5696495356889961,0.4957984799927373,0.9268802538652904,0.6819580598451501,0.6148204877997012,0.5692562218560604,0.6436108510022477,0.7296270207496446,0.629168783533494,0.47997436429804713,0.5920764613628845,1.5605851651984748,0.9107522279002528,1.02216598357477,3.610011917141517,1.4598985035373089,0.6948057067834743,1.5083664412787414,17.17073428498487,16.267900054970433,25.589126924988268,19.94813248190619,12.542198861779113,9.091071870996288,11.837660288347545,-9.701660085917917,-9.833411556893395,-10.073123698086961,-9.436329213623683,-9.825862784143945,-9.027692216499592,-9.44762092942868,8.047707938275357,7.760676327437657,10.418367497417353,9.398967197231102,6.771097859730234,4.708725837400502,6.307779604839458,3.5324868271602696,3.7823128060029716,2.818583790610182,3.1555929364275075,3.2068933004019406,4.971128527638962,3.8466343345708025,1,8.981384596024423,0.7530020123447141
sub-041,CN,77,F,432,0.32448203144253307,0.4534737804050831,0.34017495496134126,0.20811575988583336,0.28546054039867125,0.140736304474588,0.20922222629322737,0.04147205834590521,0.04764930532884509,0.047930753285674206,0.03551309681326569,0.04054035219056303,0.0234791337942545,0.03313727956835501,0.26556662707944245,0.17266127040454055,0.1997251149584983,0.3517156187424343,0.3647967828578102,0.3683544266294795,0.40602533840285876,0.18665983516841592,0.1437954149701405,0.215474726087199,0.2138845898574641,0.22786764471437346,0.17720174578717263,0.20532320586145442,0.18181944796370342,0.18242022889139076,0.19669445070728744,0.1907709347010028,0.08133467983858189,0.29022838931450534,0.14629194987410446,-0.7758929201857228,-0.5390658084432743,-0.6322703027252161,-0.9507866578979527,-0.9542289073049751,-1.2029302813717129,-1.09628859096969,-0.10650965344302929,0.20243313087200399,-0.03663321835097538,-0.36148447015242224,-0.2712391609233543,-0.5355801565444531,-0.42904220158317363,0.8408490137778448,0.8064948753577104,0.8682118412558277,0.86963645071684,0.8234891107717504,0.8885092376624928,0.8391697295230045,9.73653300732798,7.3570516541032,9.724442495745576,12.0044903337709,10.542588686564466,12.337855339247724,11.106071162587558,35.28417760094887,35.29762431608397,36.92873532053088,36.600548986380545,28.179888501496006,40.79396839691887,32.95756727768866,-10.371579386924784,-10.235178343426991,-10.678765647629739,-10.397438743960254,-10.536611020791026,-10.08893748323933,-10.341888143123523,17.43149277139608,16.625744361111405,17.94141214255852,18.52557350777329,14.414591306307665,21.82392387552695,16.8966281013136,1.8285424560446444,2.0589371412352486,1.7610008035709954,1.6595163769284142,1.7828053088433962,1.5301314156223342,1.698796400445467,1,10.703957936843512,1.3984373846398643
sub-042,CN,74,M,476,0.6940955629152782,0.7774634404703262,0.6768713302465041,0.5863832535265198,0.738982561107854,0.5762384619644237,0.5919055505964285,0.03809645162618789,0.034977382864840666,0.04784840608378804,0.03796534128811797,0.02895140723360223,0.048365047869521324,0.039821471833382756,0.18088481681270352,0.12198945425951711,0.16274719570238352,0.26483831200757857,0.1529476914769398,0.2882237150282313,0.270654115166547,0.06441021881074059,0.04329885126931685,0.07851093559211973,0.08479127503308062,0.0673655759908227,0.0719537818188517,0.08125012367746687,0.022512949835089863,0.022270871135998984,0.034022132375204336,0.02602181814470316,0.011752764190781625,0.01521899331897196,0.01636873872617498,-0.6154974464029257,-0.5154435072859632,-0.5280726251923005,-0.7209388490345141,-0.6981135042761895,-0.7620165730551596,-0.7877229906006773,0.5294880940367535,0.725656723759875,0.48588870893955577,0.3381997448392951,0.5587521235167329,0.24697762182657138,0.28202669748913595,0.5263569023967696,0.4853546221250807,0.5694560032347861,0.5767674581361844,0.4591811666236367,0.6051587242715268,0.5689574273139743,1.3149236294014162,0.7267188272049825,0.8621797052046377,3.253748846377899,0.5741611567178347,1.286249598456509,2.3013703722935976,15.619898158519897,13.651485241459591,18.72231976576128,17.03410711919965,14.923562682604135,16.07179624988303,16.441383790241535,-9.796955143321679,-9.710743086442834,-10.054931098911482,-9.798787089023655,-9.785863334877687,-9.724707230274973,-9.808526712754057,7.273048859430072,6.626730543991416,8.167344285875531,8.411441410453362,6.158318921484323,7.589029628669228,7.612233310448554,3.6727233298871425,4.2789953895486565,3.3480175332105766,3.3498299498859208,3.590658164071692,2.8067143248123054,2.9910897168052344,1,9.516833936563657,1.3499434280511853
sub-043,CN,72,M,403,0.6468354285090387,0.6722048600860937,0.702684760805168,0.5878130918445553,0.6293544128628796,0.6185346163433588,0.6585868124963318,0.07995628597492604,0.07324715144002995,0.07866703456944625,0.07044115990295106,0.09496518849656983,0.10188903231676644,0.09503683571492563,0.09878704645283794,0.09772148206863666,0.08116087881978336,0.08376789704537671,0.11266027551650727,0.13818422846654269,0.11138774630623823,0.10279932475606611,0.09129129486847103,0.09243534698194249,0.12358298754982963,0.11198076523135554,0.10328390972337323,0.09423538029385554,0.07162191430713118,0.06553521153676885,0.04505197882366043,0.13439486365728737,0.05103935789268757,0.03810821314995842,0.04075322518864881,-0.06352871049774113,-0.10990026378681347,-0.010476190380626018,0.011768784881018513,-0.08713793104356288,-0.09598821410044703,0.003204509502957285,0.6075602179859763,0.6275398606876802,0.6569112126072069,0.6655976178927234,0.5152754166310552,0.48595737881705287,0.6732097101358047,0.683751738914218,0.6754221136605014,0.6540475599327388,0.7111366720065115,0.6870772281583636,0.697703595723638,0.6650933723262649,2.305333250902907,1.4902279225282495,1.114576773199053,5.381313576435675,1.7677746562423176,1.598713857695337,1.6706917303216728,24.45100754662645,25.07063893955146,22.897211889301825,26.6393260113863,23.339601032135977,21.903463999591846,20.406720169402668,-10.176815695591873,-10.350003773420074,-10.511841411811977,-9.87280652470773,-10.270610624679051,-9.53544479700052,-9.833604433246453,10.623646262654002,10.520564703885563,9.218799898272698,12.707452687436328,10.2298627197386,9.514763729723947,9.065570980487392,3.0208011162034403,2.9705171563353447,3.0237969121558153,3.501781472978487,2.730990407062549,2.665056631974449,3.393109867985106,1,9.056393487465035,0.1580392234916168
sub-044,CN,64,F,429,0.3231012005050741,0.4127091058492745,0.3339607136984702,0.27388548444825317,0.26342682144837615,0.18112726270896712,0.21833170841336133,0.06780649962459093,0.07359298246685002,0.08314383020625912,0.06750258319826195,0.06205984806165587,0.03377562400124233,0.05086354839866939,0.4846919720491854,0.4193852558811509,0.4189791220232755,0.5162182903803936,0.513059197277474,0.7062312791713219,0.6030287743724199,0.0996651123247725,0.07084015689325428,0.13022232368529416,0.11061858586131182,0.14326272662225584,0.06741327077499998,0.11027408889582624,0.024735215496377062,0.023472498909470278,0.03369401038670084,0.031775056111779776,0.018191406590237737,0.011452563343468733,0.017501879919723008,-0.8549507472774406,-0.7393454936960835,-0.7075681825780135,-0.8876924499782051,-0.9177790562432365,-1.3209171130111081,-1.0851877650382138,-0.18495943636605144,-0.00029344484265435885,-0.1195392848298487,-0.28105820615750793,-0.30508984557075786,-0.5570274806122727,-0.4320010104782449,0.7263826393667078,0.7081450753918634,0.7775712642507268,0.7454959679909281,0.7559823534028035,0.6308049476500504,0.7088992714287474,8.672901712033019,6.382812026910725,9.609958033271118,9.663500070437983,10.35380051820689,10.78008620203316,10.509111947134722,19.910874068376938,18.622191471044157,22.07335298966377,21.46341413102005,20.462537940063708,17.244968844295066,19.5140298222955,-10.178943547841667,-10.055496857695752,-10.498556478745583,-10.220673807400152,-10.304522979162103,-9.85975790089888,-10.123082386336538,10.738704108013417,9.8050147489111,11.332464815175575,11.47595329794695,11.270679540838072,10.843514275024255,11.217693745636264,2.0100232181283273,2.3266222196416018,1.9476947553095652,1.9571932284921767,1.7030092329805406,1.5616003640539935,1.6718423201694808,1,11.074114657704845,1.9644741170010764
sub-045,CN,70,F,420,0.6997821961971632,0.6974397183833793,0.706766286762795,0.6884566774741857,0.7088000782968932,0.7066289469933201,0.6975203563870526,0.13647612049067415,0.1343227957630095,0.13732051524501326,0.14120186469678958,0.13668549272477815,0.13298061814260514,0.13633185063575795,0.07162208014796133,0.06011614019732373,0.06484009066826509,0.08597550963797448,0.07581134444603148,0.08707509876760583,0.08530453047842747,0.057746042928539965,0.06225258449063542,0.05931590986517093,0.056728160017044275,0.052676272269700945,0.04925876886750949,0.054229774282251196,0.03437356023566136,0.04586876116565249,0.03175719745875576,0.027637788174006143,0.026026812262596205,0.024056567228958974,0.0266134882165104,0.29798451660031355,0.35952908352983,0.32475402609031184,0.25060223237612433,0.2668101922126733,0.183950323141847,0.21179509416649184,0.8235548536141464,0.8468255569669789,0.8360644561018843,0.7881125183366304,0.8265836138556496,0.7896845183404031,0.7829313122107211,0.6715812175037401,0.6770270017869039,0.6705419665774756,0.6749614324595807,0.6630005834747065,0.6601903700339342,0.6689529308836774,1.5476154763791579,1.6210280770484662,1.504217788097886,1.586116895613824,1.47544725810468,1.3870173954008713,1.4907184416763042,18.332933429846918,20.929979587695435,18.340648413085113,16.855115474361824,16.21238788718823,15.368153627478009,16.449546078270522,-9.638200763605415,-9.720016119090474,-9.797517919168673,-9.206434896128403,-9.82993919702614,-9.688795370885765,-9.78200296769999,8.864926315006617,9.411864323330539,8.756589190726702,8.69423667696654,8.478773295149592,8.033757778158444,8.475433344445928,3.6351354485208307,3.519625854401286,3.6243137006130683,3.6595559215717386,3.775408655103401,3.7964008938252047,3.692635209843719,1,11.810478546332547,0.4306198471382583
sub-046,CN,63,M,368,0.4967622594563155,0.4889512692769205,0.7083179441048643,0.5581265472860322,0.3593222239885669,0.29019867565356305,0.3849795518397228,0.10395968356547927,0.11161907558298523,0.07195484755153836,0.08280632196981445,0.13853205604871247,0.11560722999159963,0.11758839512018517,0.25186672540065363,0.22028343231985612,0.12385443382714134,0.22878322300976528,0.3455463201671803,0.46007430117570025,0.3598754674435546,0.10971094392352078,0.1244017319364419,0.07296116031744125,0.10100739392788663,0.12744576451126063,0.10422273039707458,0.10977874417785595,0.03770038765403095,0.054744490883796494,0.02291161419901508,0.02927651380650168,0.029153635284278837,0.02989706278206208,0.02777784141868086,-0.3439100613810271,-0.3147948853401238,-0.12055031472543105,-0.38489010537991375,-0.40888221585881274,-0.6014344777931309,-0.49974981525547857,0.2985966826851228,0.2824418608814488,0.7712579884547431,0.4016853560930017,0.022453524740669473,-0.1458160095555265,0.04873007035298698,0.6898818457492389,0.7102143628150366,0.5786479958548477,0.6498178108830122,0.757287589412074,0.7645882650987358,0.7242668912607872,5.019182162445123,4.721995582557784,2.679348688526794,4.7069707421197124,6.2256373107358725,8.383825521142992,6.418872394231002,19.91435278521947,23.35766812869809,14.525950463479914,17.372150954622324,20.593218410324464,20.011457789190466,19.281693499580307,-9.75534551806964,-9.861492570619015,-9.511446520198657,-9.596729574352903,-9.949153336663386,-9.776199490496186,-9.788514404003497,9.457600173910222,10.491290466921924,7.093144416517524,8.505667035487537,10.064211370505978,10.380317266410067,9.59313858497542,2.9269506034679944,2.8190650604855167,3.982084108658505,3.357629676204458,2.122805037378225,2.066709949782627,2.4428230974954235,1,9.57435686317153,1.142696299652206
sub-047,CN,70,F,393,0.4832246061216046,0.5184082750114921,0.555282369455065,0.3478674650339597,0.5532219821490646,0.41771333814090694,0.4395530000799654,0.11626973621307012,0.10895374259619993,0.13471988149763317,0.11479172030445248,0.09095165800255538,0.15513364507827848,0.11313056323422531,0.2697456703590808,0.24824626729547158,0.18197781415372494,0.38204753737883923,0.23028820682998305,0.31122782664387705,0.3213636300904032,0.08275563339405392,0.07438310652849782,0.07964732712406135,0.11198517911346502,0.07705515631933063,0.06681356100175195,0.08259637771792395,0.04800435391219054,0.05000860856833828,0.04837260776951538,0.04330809816928361,0.048482996699066694,0.04911162913518582,0.04335642887748241,-0.3000890184666857,-0.35197264947636914,0.029953675606317027,-0.5116381866941628,-0.2887466281070598,-0.2074756001267823,-0.3692120198611667,0.310249358536977,0.29786604753120877,0.5882433752762979,-0.02685045696746753,0.5543952438452643,0.24458072499464234,0.2610044806337796,0.7497675255466275,0.7414978192019746,0.7408482010168043,0.8002325329341637,0.7007955344170517,0.7646184564669396,0.7448453603079258,5.233339920126781,3.836536501880098,4.564371467594287,7.478828689902004,5.550276595910748,6.159222009562523,6.646306495438265,22.857501929950946,23.947945264462835,21.23441826335235,23.35018301568875,19.277148567903726,25.860743630652465,21.532777953792568,-9.908037066415389,-10.07269799961111,-9.918778699166355,-10.156498290587768,-9.680451037099727,-9.160067946732653,-9.641951293121569,11.177306755915453,11.088169560037276,10.346160440179135,12.08051333163875,9.966645374157304,12.745585336284169,11.186379724759481,3.050966244253292,2.8701975197364864,3.506133837721677,2.3347586680440613,4.401701875880179,2.40721709483767,3.217503615972663,1,10.275961887176669,0.4203761150206553
sub-048,CN,65,M,495,0.7241546781838495,0.6497326712533954,0.7272139003363408,0.7334865490009959,0.8456805765564116,0.7790902800185661,0.8215662945760066,0.0692265351266124,0.07995031088270034,0.06584166111352556,0.04655369592216634,0.08931504775199006,0.05198354047076051,0.06299873274468928,0.0922577064394029,0.10240803687777363,0.0982845824478598,0.0935424643531179,0.03831698273576199,0.12603280562045133,0.08221052665316482,0.05092001829831795,0.06772079708769656,0.052985232175633175,0.05541069168223686,0.018705730203302195,0.028359557094205727,0.023091112497872036,0.06344106195181722,0.1001881838984341,0.05567462392664043,0.07100659904148303,0.007981662752534186,0.014533816796016378,0.010133333528267471,-0.0848144295420176,-0.09963331760003065,-0.16566749859349908,-0.2996208858170477,0.3750970658866814,-0.17192304835473773,-0.016149947450544162,0.8154463636532843,0.660514675398119,0.7223038672662646,0.7501703421582799,1.3052966602727274,0.8931976151877359,1.0676252651493408,0.6289909719109739,0.7003662609095143,0.638345711594245,0.6099041842164035,0.5268599795565152,0.556515414812005,0.5276533520628541,1.2338548079824958,1.5526861422877192,1.0872417503238787,1.0893974754718265,1.0401047736876547,0.9174044408657385,0.9277474539938029,22.30595309944331,29.96824696105367,24.68818572142921,23.673827080809108,8.152500962169553,10.409005894007208,9.423351504859596,-9.456120777046294,-9.604237119952368,-9.937971972203291,-9.57592385789555,-9.019533212229886,-8.630211969665636,-8.981984528460309,10.387864977635276,12.831779207944939,11.125746087620234,10.49252354006859,5.093786241920778,8.459144485279147,6.2744208963015335,3.776810491472173,2.907389208297753,3.312605122265545,3.849182138810816,5.964697604030488,4.089519072877828,5.240062613356156,1,9.789382873349888,0.45456198685832483
sub-049,CN,62,F,381,0.3374135563655626,0.4733869032010543,0.3008632003483785,0.2577020970003003,0.2545173482516224,0.20009960736855134,0.2184950047036116,0.0645458812965427,0.06123222751373447,0.08248306534972007,0.06872953878744184,0.054283249415478095,0.05626452629640409,0.055933436882209385,0.42477667847496825,0.33692783361779954,0.37869607384002785,0.42681045637055237,0.5437830258342057,0.6187914655974447,0.5811903872563142,0.11745112460130412,0.07676145764982156,0.1771234116937953,0.15596153848373379,0.11696411038713199,0.09406622184915493,0.11007547817877705,0.05581275926162249,0.051691578017590015,0.060834248768078004,0.09079636935797165,0.03045226611156225,0.030778178888444994,0.03430569297908792,-0.7974655426789642,-0.7193657339967588,-0.6630076447658926,-0.7609114349910673,-1.0012210983581704,-1.0399766017932754,-1.0158629789946294,-0.13655924686189405,0.11927420033087352,-0.16290324823451874,-0.26001158900764765,-0.3330637679840264,-0.4507988440029378,-0.4092863886441025,0.7696293911834458,0.7303511231053234,0.8270272583311574,0.8187320712739811,0.7603011859711857,0.7367934763726259,0.751592272482027,7.800937924679593,4.689205416015824,9.369382315919141,9.618785058909067,9.829392368833595,9.660959183453514,9.714573429827542,24.485813431811938,23.804111941419528,26.529960459710193,29.410500192354643,20.336067639942957,20.18079327305608,21.044784299234493,-10.28069499816294,-10.239793283600102,-10.614456664880565,-10.224039595515805,-10.413479243697429,-9.837342936048973,-10.130993671981376,11.839051061951949,10.648492297559594,12.581429372270257,14.085769564775443,11.244561966596835,11.290735909233419,11.508456733497146,2.1385505483918306,2.5022949815136046,1.9872645423214754,1.9215471573160514,1.8803143547446937,1.9137351141934222,1.9070570053020146,1,9.960027087141848,1.5728200931547445
sub-050,CN,68,M,402,0.569930361245939,0.7164357375161983,0.4751973929988236,0.376119839684412,0.5975565500045913,0.5454427566557808,0.5286995199713951,0.1147409607613744,0.09028595079035995,0.13244698175824585,0.16144865849175513,0.07018144781878964,0.14719833811773347,0.1391449727453081,0.166111118957928,0.10644324184015615,0.13565068773498257,0.18027643051380232,0.26514971040946717,0.2437508254154901,0.2511447799800673,0.06633262487963777,0.03825183196973541,0.10119709012395513,0.12161467096611422,0.04249222996040906,0.037515202403710236,0.046511594996236326,0.08288493415512095,0.04858323788355053,0.15550784738399348,0.16054040034391615,0.024620061806742897,0.026092877407285206,0.03449913230699325,-0.1560652717296274,-0.06204708502111596,-0.039439554394067856,-0.07827087321774495,-0.5727060364621164,-0.19069515113778815,-0.30151021030512276,0.5149678845294052,0.8153628769618511,0.404045230759428,0.2423296737191496,0.3433372345203474,0.43269178830490956,0.36582423316309814,0.6440079031134295,0.5616640065263858,0.7127310685250597,0.7751614215705319,0.5869452937851215,0.6524136701288947,0.6369475672219387,3.096007025715836,0.9675655231367184,3.4854498931418214,7.529749968070057,0.97925500321844,4.269030132641419,3.5474027981446383,23.523638397635676,20.774592501570474,31.412914805628915,33.34895877217474,14.565367300787216,15.09815031806855,18.017706089109264,-10.079690404486435,-9.87850076839551,-10.418752527152325,-10.150363852549477,-10.279968482086518,-9.833496934279626,-10.09839590881827,10.730877707501236,8.422482997904881,14.504754970885735,15.451083505128711,7.782266898558679,8.131947914170622,8.780436532345446,3.23942293688228,4.149379146366935,2.406694992541715,2.2098944986309013,3.291205541226283,3.2850510901835888,3.123151226169619,1,7.955264734026327,1.2907985484680822
sub-051,CN,75,F,382,0.7503734482229115,0.8405106383787094,0.8752948295432074,0.573420461113466,0.8363963424511359,0.4723828435737297,0.6523633610796657,0.033957308282548594,0.03046764365960351,0.022108187780267324,0.051349575236900896,0.022298174106204775,0.04664898257208942,0.03711059934854189,0.11793319996692016,0.07570261530806546,0.050099735741048555,0.18545875649950727,0.10097727821550917,0.2578732121736611,0.18556019522613681,0.04715682280278822,0.02838101229847693,0.029100967948000295,0.08650041879131803,0.02590333331247673,0.09314898410846714,0.058034925295129165,0.050579220724831474,0.024938090355144684,0.023396278987476166,0.1032707883588076,0.014424871914673456,0.12994597757205303,0.0669309190505267,-0.4862292062505407,-0.35675303033342226,-0.3787278601359554,-0.5382138236749929,-0.6556359427271375,-0.7425685015685339,-0.6866801306460978,0.7627329436542264,0.9994024695380211,1.0560693699396084,0.3745685154023661,0.8309391788606356,0.16840446732697828,0.4877211914911365,0.46430049751961383,0.39616603778481263,0.3257357798255014,0.6403955429107087,0.3606131194936533,0.7139591593893377,0.5361220435466343,1.1693257941503412,0.5704577116972934,0.5034521484934912,1.926200672576856,0.5247297881902991,3.7173188033083178,1.6267527395246775,17.45253840524997,10.923279350146348,10.6727767386546,30.684612199948702,10.532798293796251,34.39005017578878,22.45753920052444,-9.887912186034493,-9.692475534793743,-9.907574735385863,-10.15490051391446,-9.881978422153429,-10.01737063141173,-9.97308711118056,7.884157065289061,5.944749326648164,5.51857709466939,12.137628525516597,5.1612306756354585,13.797900770487031,9.317203504137032,4.437572736226047,5.347291365391527,5.295899090979636,2.7600345698444593,5.08730846524935,2.3465407412446924,3.67027129018485,1,10.21181962030425,1.053936317314081
sub-052,CN,73,F,369,0.39569262216799617,0.5252295540111159,0.33299639587950813,0.309365415579398,0.3615530133028253,0.2602215266247617,0.31160104148349976,0.08048535476348459,0.06897176362356189,0.09427886113967099,0.0887941967783343,0.08224793891785796,0.08083110392767495,0.08555393092679409,0.30564634771152926,0.20850210803272323,0.2855623068541882,0.3222054820699347,0.3644837298426353,0.5544029059598924,0.43426962425084303,0.13840420637439896,0.11400950714656645,0.19024650715356572,0.16164531827759585,0.150667395259656,0.0811451953687834,0.12565793080594817,0.07977146898259085,0.0832870671860324,0.09691592897306663,0.11798958729473706,0.04104792267702552,0.02339926811888742,0.04291747253291496,-0.5503806782940943,-0.4648414915098962,-0.4796054688390474,-0.54020366509218,-0.6440129046031972,-0.8358363331615335,-0.6981073597446594,0.04177720941406498,0.28518573331068225,-0.04658512647283627,-0.0811757625465831,-0.06539041670248585,-0.27095173729762123,-0.1507060010537947,0.8042892643381716,0.7649282630422352,0.8689193787719581,0.8590484561772649,0.8064006384777779,0.7324221523356736,0.789236228030811,7.412830383860902,4.680628469826309,8.707436804316199,9.396818599285321,8.501938475765096,9.431988883593906,8.9621072249923,28.244739490039443,29.60647215545088,29.738270319195067,32.883035028783915,23.411348593706922,19.21187418437583,23.38880080737376,-10.207639890676457,-10.096884440525509,-10.40782894159902,-10.232198895410239,-10.368819421248645,-10.0041130844951,-10.214618743345211,12.780459226689665,12.230077296542982,14.058817957038299,15.064521554290426,11.35804105283262,10.354760492264166,11.462943333529905,2.1258697131551103,2.439318893477354,1.8929524620217275,1.9700505963167951,1.9845177950252184,1.9018395695988004,1.9900148192743017,1,9.91246288837237,1.416028516893709
sub-053,CN,70,M,388,0.6975387733138365,0.7404903237670277,0.7478530917061237,0.6555908344128095,0.7007972691929577,0.5507450031226095,0.6284216378289829,0.11859882138820875,0.10681679076570637,0.11925503989804676,0.12913142146938658,0.12089337764007789,0.13434456626205082,0.13118668624443683,0.11757064246958454,0.09017459010461319,0.07958617925555576,0.1305567621157563,0.12410515034307645,0.234659519465446,0.1684232993815429,0.03712788817759685,0.03463350700541796,0.03166176684118683,0.045871818080631926,0.032628606619763,0.043318466815518666,0.04028403292322401,0.02916387465077321,0.027884788357234815,0.021643922299086803,0.03884916392141556,0.021575596204124903,0.03693244433437497,0.03168434362181317,0.03782936891851176,0.08193290481938918,0.18105576109225063,0.013753002666152868,0.010183882166990324,-0.24175163236316755,-0.08370929900743386,0.7534955593112654,0.8570996509228124,0.8955425916333808,0.6604547860242236,0.7347380363963802,0.3920285211340902,0.5795385000117846,0.6620918075205817,0.6311507121340357,0.6457847084593878,0.6892487821193625,0.6713992811661021,0.7265711302994406,0.7001106358311313,1.6820500662007039,1.3566839991017774,1.4273964141468622,1.8929486174676255,1.601805056762278,2.901382190751508,2.211600528409268,15.905790031672671,14.82439314259736,13.112279602434493,20.04206223283027,13.390126285985966,19.38189600350837,17.27265469657314,-9.299713753256455,-9.016568363865373,-9.532427378632393,-9.401057839648578,-9.529005138198492,-9.395026927864022,-9.466132751182434,8.367339791057374,7.975165625701453,7.639242367222558,9.255585559153236,7.954022694104445,9.675579614792976,8.960575204104137,3.804080926686634,4.042438500147159,4.16456509581021,3.415305318473979,3.8798669191958837,3.0929753935508657,3.4559987366749647,1,8.156614256420683,1.0069030906057197
sub-054,CN,78,M,410,0.3381163938610124,0.4635554859002534,0.27910338779012855,0.23193495993968297,0.19533487403005376,0.41413422841909076,0.24844479520706036,0.11912788525853533,0.10062310401715481,0.18674934660516915,0.1283849526160521,0.11635566450658157,0.06810662399631372,0.10029064318239407,0.3831159368260026,0.28037615909152624,0.31492582592390406,0.4735993559537086,0.5522036176420467,0.41039196577033876,0.5323870321277501,0.1176265091192137,0.10498180915972007,0.1746217626876202,0.11303627981543124,0.11916014172215234,0.08327008832798852,0.09942060435897884,0.04201327493523605,0.050463441831345324,0.044599676993178045,0.05304445167512509,0.01694570209916543,0.02409709348626845,0.01945692512381659,-0.5056860603028716,-0.46170260099685745,-0.2445114453524103,-0.5510983439708638,-0.6914045814099309,-0.6819877413030404,-0.7102461922358388,-0.03900764086330637,0.1762671040599781,-0.022436211939385275,-0.21564266442857322,-0.34208716013716584,-0.00943706543936057,-0.2691187667903877,0.7432682211227064,0.7164342989510912,0.8147425682227528,0.7729545214610554,0.7436449876265209,0.6700376776408703,0.7155585734785742,6.6901101701547505,4.185669356116557,7.541736129494651,8.93033568419192,9.530553594913409,5.437097915066246,8.338075909669069,22.766963455759758,23.665124699022805,23.49618923500297,25.861077112469598,18.589727906632394,18.607186445745633,18.594189381777614,-10.047565487514944,-9.934650419311719,-10.281005699903325,-10.032140912736429,-10.039440200546373,-10.13564498765356,-10.015176753814561,10.977647418834488,10.697455636616215,11.546408435126983,12.100614936941582,10.485875706343021,9.596899664682727,10.231561858283879,2.2149709066544965,2.555289665998962,2.05864369852762,2.00289300790508,1.7459680202320733,2.386006188271641,1.9511925583039937,1,10.089010728524531,1.7849123538319684
sub-055,CN,67,M,401,0.2853895369087742,0.4296868456776804,0.19008765578833117,0.23391519095856206,0.2364885160929512,0.09960200102242664,0.18026347464505796,0.05461802313598809,0.061782281984617875,0.06655927678084388,0.056576789253785065,0.04353063446113386,0.02434478747518755,0.03801781987398748,0.3331435600425793,0.24341349681906937,0.2524863853120381,0.35901510298036465,0.33065992471895916,0.7201669105305349,0.47227789990768204,0.23966841017283538,0.16621387515421104,0.38074454466719176,0.2647950486380434,0.3158418927838147,0.12063158014960099,0.24846125562532548,0.08718046973982292,0.09890350036442119,0.11012213745159521,0.08569786816924478,0.07347903194314075,0.03525472082225006,0.06097954994794698,-0.7720776310249885,-0.5915381501411249,-0.5798925692119831,-0.8037453551284035,-0.8771759790539223,-1.4712604365877902,-1.0824691882614634,-0.25082552002471087,0.08096295712914117,-0.39968882334365907,-0.34159823574782566,-0.36801849631337924,-0.8314553392055388,-0.5414419322490897,0.8026860122415981,0.7724640101663162,0.8880526678851264,0.8341805665389324,0.8260912242589629,0.6823161094190764,0.784338644845784,9.066222084617046,5.106512851425015,12.321402712421817,10.857822109185939,11.381618183399153,10.986139261771037,11.170513649584992,27.668777828890992,28.942331915439063,28.48237288904177,28.747382657383696,26.37356676648965,21.776552872363162,25.134158001784847,-10.26175017973057,-10.196441677716779,-10.459422161002811,-10.256629974184806,-10.408978826960197,-9.98321940511756,-10.223097671988265,13.874257368068378,13.029476864072958,15.777745855460935,14.393963738619629,14.131903184895224,12.549874934620728,13.66980325211531,1.7950412084390304,2.0594765969161863,1.5331678329310974,1.749920885797136,1.6509073017372888,1.5687689173672856,1.625411053056374,1,10.995367173488022,1.5757226145329852
sub-056,CN,64,F,431,0.2552604795391935,0.36643335323810433,0.1766483302654379,0.22291403974905366,0.15904869960558046,0.19308419498433768,0.17371458328066808,0.08048519232527983,0.07444643704772737,0.09297652142168157,0.10110522100767812,0.05982762883299169,0.07263013002574663,0.07179757858909029,0.5677531448818196,0.4630596360906867,0.5890677537751258,0.5757334182960734,0.710562378269414,0.6720341154009262,0.6878326004698441,0.07580281151466535,0.06824084703764254,0.12093123205919498,0.07932889436315829,0.06052884249868368,0.05043584419443748,0.05585159638650577,0.02069837173904176,0.0278197265858393,0.02037616247855975,0.020918426584036528,0.010032450793330204,0.011815715394551177,0.010803641273891357,-0.8423856296644917,-0.7736352269467555,-0.8053246076373637,-0.7529403988176261,-1.0764957446381829,-0.9663288614504542,-0.9879434708053773,-0.29522559068417525,-0.08410650105148161,-0.4217704016036125,-0.31111691667763525,-0.5471537888463467,-0.4346502387892701,-0.48352493317972584,0.7046620092060079,0.6891612859155661,0.7608535635025085,0.7203834651651024,0.6863957882934167,0.6705836287285012,0.6754254139331922,7.946463767571583,6.4590918400643735,8.993437530883314,8.553465405042365,9.07528960923848,8.674562831437314,8.82295108734687,17.820700501133132,18.72441925731352,20.07102243065567,17.816824374387707,15.722152736875353,14.437775860095464,15.12999157862465,-10.193282854347286,-10.098042917395402,-10.48088863338654,-10.204619606764682,-10.203838169664328,-10.056707487309652,-10.105150073687176,9.86489029349645,9.511726413993626,10.783482057203258,10.059520197340625,9.808573999798583,9.418290859054549,9.571355762939705,2.017126768340038,2.3953174013118286,1.7447548486034348,1.9466773446262025,1.6224146087221458,1.8349845193981857,1.7303502507141266,1,8.8277157690199,1.8650282006124517
sub-057,CN,64,M,387,0.39416394825045176,0.5507191570646307,0.3290762352723267,0.3344668845079568,0.30366078407154307,0.1990011606213658,0.27807087636580946,0.11328406874758629,0.10830758331072789,0.12502900604317707,0.13012726682858688,0.09940279037638777,0.10021988322800131,0.10719079387974642,0.31442669150712,0.2254385589838165,0.27483373999518684,0.29363139011717776,0.4008469280728734,0.5972348305378363,0.434345826394355,0.12611009259305983,0.07691871075375593,0.1841427800478973,0.16375984253785392,0.16057416450404385,0.08423529009230304,0.1434044243160144,0.05201519890178229,0.038615989887069144,0.08691823864141184,0.07801461600842474,0.03551533297515216,0.0193088355204944,0.03698807904407508,-0.4172737144802963,-0.303905557321412,-0.3441722658926301,-0.351228163927974,-0.6046787732973076,-0.7746979502970186,-0.5966985888169384,0.07510573315579447,0.36655104033091707,-0.007065566328451127,0.008134683708475275,-0.14413012005671588,-0.35890001401736227,-0.17843486497588104,0.7843252672808761,0.7212086533734563,0.8643929223758479,0.8503743701577214,0.8017696089434879,0.7268672150667796,0.7911398756212474,7.057507943617075,3.422403564500691,8.712292236651791,8.24685103291078,9.986476466785708,10.52605786763198,9.767902568769898,24.089694594094137,20.82952907254886,30.276391702294216,29.590777615393243,21.974505316975016,18.390846130282988,22.202192855583878,-10.304090140544005,-10.14372128068197,-10.654345525249726,-10.38230000841546,-10.45539008580696,-9.95662841936521,-10.300801076217494,11.561419321773945,9.665584637422617,13.823896048709239,13.345293138885125,11.777700563793013,10.910956129349694,11.756124871223838,2.3241029781382387,2.9066599243666063,2.007848861706425,2.113872362631733,1.9438302990045475,1.7504050907002218,1.931637310772276,1,11.122456381951759,1.494877440852088
sub-058,CN,62,M,370,0.26503198396733607,0.372258843596917,0.1670872846679007,0.21478350348682584,0.2641485637221042,0.13847711554182454,0.20177549807932604,0.06652404717373936,0.056044827302206605,0.08006856920895213,0.07355582552233923,0.07141148110339103,0.061489826079607734,0.0670097027548113,0.36832105815896626,0.2704995440765203,0.3731219494251971,0.4254611331293634,0.41827166326550613,0.5142889629475769,0.48797562560784863,0.17499000269029338,0.15812002177017742,0.25354861787502675,0.15374088916729572,0.17503570611955713,0.15862668503569877,0.15345262155545164,0.12513290800966484,0.14307676325417865,0.1261735788229232,0.13245864869417562,0.07113258578944177,0.12711741039529204,0.08978655200256237,-0.7299998099494157,-0.6707161886513211,-0.6678070674333881,-0.7521997390797527,-0.768896462265169,-0.9280367615324845,-0.8647674547381781,-0.23355602651387097,-0.01895192514234694,-0.40383060307474467,-0.32245753903237795,-0.2479037326226027,-0.5299339322727828,-0.39694633364051063,0.8103495936111924,0.7772126802704477,0.8700188434750054,0.8088659766964262,0.8177793298733103,0.8286475449444357,0.7989825711477803,7.714663999166275,5.095545126347219,9.39759452103768,9.263025212943903,9.042895227459296,9.268115001231081,9.0489163958386,30.655831952180865,30.824493931409854,31.236143082533427,31.40293983484756,26.373828479967617,34.123837772337055,29.093989127792533,-10.233262366496044,-10.10835150963123,-10.49658291673058,-10.156649768199998,-10.408947097823804,-10.16516763977154,-10.217905069786058,14.708972304222629,14.494524831447901,15.80542936633708,15.178055203031825,12.815516752262603,15.716870396084147,13.742731696538202,1.9132635106026312,2.01126359702886,1.7013399545510364,1.917424893978735,1.9334233077625018,1.8495860796962065,1.9417558160567279,1,9.171999253405207,1.4709111411179236
sub-059,CN,77,M,383,0.39978275671798225,0.44174098520957433,0.3058369228153833,0.36244533595779327,0.3810189206883751,0.496668303416097,0.4160723476526483,0.08372040655120414,0.07871795020608055,0.09675387613455551,0.08524251072398951,0.08048039476771623,0.08349460871377071,0.08294075772026942,0.19512659421422246,0.13466947045894248,0.20135058602699343,0.2163359706148519,0.3134143163270469,0.1775402036680502,0.25760365198075974,0.20084809437216675,0.18931589749697972,0.29624852008865804,0.20317809532575837,0.17088278569409368,0.1383981059705111,0.16353635264288444,0.12052214814442441,0.1555556966284231,0.09981009493441002,0.13279808737760698,0.05420358252276785,0.10389877823157007,0.07984689000343771,-0.33433623255087885,-0.19886316505588422,-0.31611772337205735,-0.39773830588322207,-0.5904860708918237,-0.32479082837548845,-0.48000391328871556,0.09636451608952647,0.21786904347873143,-0.09154740029072221,0.02545038613164092,-0.020874823468023922,0.2706538140497786,0.07898010120944464,0.8434102673595986,0.838481989564313,0.8903565109320946,0.8684970239174408,0.809579939703278,0.7908118526531498,0.8120413147331204,7.525079258066807,6.897052374124743,9.66692004412999,8.35160958775324,8.412887615604435,3.52563897708994,6.667214450728834,31.634473076136608,33.86829995886701,29.18504982583649,33.89428032263334,25.175789931979292,32.658624085272855,28.717940781336456,-10.699347959941148,-10.539543365885947,-10.97833984976476,-10.715920377176648,-10.823397953123601,-10.620956380154274,-10.716471303367271,14.737543899071643,15.725859391344866,14.827450821887602,15.551437245229248,12.044590224478222,13.555223111466326,12.948147169814478,2.0249018926670805,2.076593317495717,1.769291060374463,1.9703311414421072,2.076073424791549,2.2597823584690193,2.138800359489232,1,9.865663258378175,0.8372758585793694
sub-060,CN,71,F,364,0.636205151240221,0.7112943612768247,0.4992097819562619,0.5766893897624341,0.6272294530082726,0.7113810403415439,0.6360883941129309,0.051679117976819074,0.04572256166751414,0.06508692263056583,0.05299492374189983,0.05845655391042063,0.03961759264820236,0.0512850600455095,0.07457232142965263,0.052855670272990825,0.08751811490540111,0.10171091999440084,0.07215348580161003,0.08051296657691367,0.08797728248447291,0.17075514421885643,0.12631637013969618,0.26564108499724437,0.18134754711107015,0.19653248183241234,0.12411113012357414,0.17192527828817522,0.06678826513445096,0.06381103664297434,0.08254409551052688,0.08725721939019551,0.04562802544728408,0.044377270309766514,0.05272398506891155,-0.12066398923648906,0.013177560272987958,-0.13272692324279076,-0.2769391006194219,-0.08756489149926606,-0.3081134353501749,-0.22816198738320947,0.5041302299064828,0.7443427428428249,0.2053639589278012,0.3486025141135266,0.4094016680124913,0.5646841155242086,0.4272867881730447,0.7090824391681486,0.6606348849307596,0.803629362448298,0.7591055922475346,0.7203426297660359,0.6198919020231817,0.6997005699464298,1.8632746171183383,1.5673267831331419,3.518995459944423,1.8376129109901664,1.5816376633058689,0.8892896148024496,1.421422403974643,25.260668141752465,22.980804103012865,26.836485135633534,29.972606491349104,23.991761806556152,23.35594959012066,24.921778660903122,-10.337073152361084,-10.138534185961605,-10.647402481696348,-10.419289421021453,-10.499257180312268,-10.158756961508848,-10.355755906907662,11.360144896160008,10.458098350600375,13.208498971924513,12.886343508444538,10.721298676825683,9.650648796404393,10.855364639672143,2.6543201608860727,3.22910286291296,1.9528006000815588,2.2939799225379454,2.3473818079253177,2.8759480511361213,2.4932684220045007,1,11.504030265207396,0.3271343364160515
sub-061,CN,63,F,392,0.7375062072218699,0.8030100413222954,0.7154051392475432,0.7138144532925287,0.7823238273487921,0.5215514675001682,0.6690087571787101,0.03927177389610563,0.03616909663417809,0.04300461210767689,0.0427217583779185,0.040766238676866275,0.03539022086072843,0.03992286601049812,0.15003374632256344,0.09819186568685563,0.09794199883347025,0.1633213070735008,0.1380237226086983,0.4010578638501036,0.24568164131245762,0.028034677899793876,0.022372152011111562,0.04634847362983336,0.03369879428347533,0.018560789830301582,0.023265424251998283,0.02302612563780518,0.04515359465966729,0.04025684434555913,0.09729977618147641,0.046443686972576496,0.020325421535341618,0.018735023537002307,0.02236060986052909,-0.4549475656442404,-0.26944137114177213,-0.3513671808748839,-0.5008066079410638,-0.5308229038616655,-1.054058731637129,-0.7441428237166451,0.758051364327292,1.0451016900034265,0.7204722656036543,0.6317769354573063,0.7207377138716938,0.11826320596964637,0.45631341332437947,0.5740091341152516,0.5296511511390587,0.6219946726580408,0.6052333482574274,0.5566600978723076,0.6208588927978067,0.5941185400371538,1.114658998497957,0.9478959004406614,0.9750341404442983,1.0788674160697622,0.9416855187206633,2.2388105133013116,1.4004595371698454,17.45417522152338,15.919208700248008,27.494630335268244,20.87394591916394,10.61354599539971,11.187277819274234,11.940290648628608,-10.13335194945864,-9.824686857949573,-10.555188907878502,-10.231119114205459,-10.380916307104398,-10.014043466148326,-10.217692802699332,8.495347683433673,7.439225190790345,11.712753952875502,9.290033786185212,6.811544655107823,8.301999340508283,7.6763638644829895,4.184552471335647,5.47977046235257,3.1290690377997064,3.359838322853702,4.250924240547357,2.7843852962266613,3.5673965085157127,1,9.968316692314826,1.595359433853023
sub-062,CN,67,M,445,0.4484510111157745,0.4657313900482789,0.49359322536288924,0.48198220671415815,0.3576158999488756,0.3894466390349183,0.36717838191618596,0.06680368463569065,0.06648734369382935,0.07336010172903563,0.07773912587751124,0.05554810543225782,0.05308873861369598,0.055263580493410236,0.39974896081292194,0.3765758128379823,0.31937123563652786,0.36670929986737416,0.5020762362422528,0.5140099752369013,0.5118255770284493,0.0631179933320608,0.059411150930400766,0.08489170202857355,0.05796363502177347,0.0744598300276597,0.03672734027027839,0.05700542594420231,0.02187835010355197,0.03179430248950869,0.028783735242973573,0.015605732519182887,0.01029992834895422,0.006727306844205879,0.008727034617752037,-0.7534722862232205,-0.7334141401260837,-0.620706821389029,-0.625842938339114,-0.9531328963677409,-0.9785917753659181,-0.9548383694599758,0.06089407022730044,0.11898798541822352,0.15581795755426772,0.12495846022929936,-0.1485162848115681,-0.09883371137707626,-0.14125633267762258,0.6283451309643633,0.6232428372272666,0.6727862849431147,0.6255006569121448,0.6161282848823392,0.6035556453035478,0.6072163062299011,5.2814185139295935,6.010133062439272,4.2343022705878,3.252858160995033,6.956559826153646,5.846000696691456,6.0819036965024935,16.626506321977022,18.30534550534736,18.068539803258066,15.230112835307573,16.72421989758882,11.233735568180476,14.358542715601567,-10.004792968003203,-9.922494898887035,-10.298346049136951,-9.976615835407845,-10.145491655834546,-9.697812821652859,-9.929381542618572,8.652593191027307,9.146955286176738,9.149090965181477,8.05424654929642,8.400068532251629,7.753059468398359,8.134521941590412,2.594981260887708,2.86277905447787,2.701767674605477,2.689999157150628,2.0935383011606827,2.059638009810185,2.1085584669867043,1,9.005845629922629,1.9308490486703906
sub-063,CN,66,M,393,0.4357418184135605,0.5015565098123541,0.4343993385876748,0.39230701903504783,0.4397642522946758,0.2882400661919641,0.3566708451459361,0.08560505148434261,0.08873967682786531,0.09726856453423739,0.07400608919314237,0.08983287780031064,0.07399477831561938,0.08088637361608646,0.22674669537013412,0.1770113289442939,0.1684861925889223,0.24496801579769514,0.2149765551137253,0.4694238015618837,0.33103953722308926,0.15209174838469938,0.12579802202974752,0.1709822250525733,0.1660587189406164,0.19313416913665823,0.126286503385448,0.17178551811533538,0.09981468634726327,0.10689446238573914,0.12886367923659234,0.12266015703349806,0.06229214565462967,0.042054850545084864,0.059617725899552575,-0.3844021941900168,-0.28816316521683555,-0.24539084148748846,-0.4576056915553077,-0.3721065918779944,-0.8017922333873961,-0.5865089234132663,0.15005460945046126,0.2986897614387802,0.18717672826408793,0.0690343850121322,0.11822168456763531,-0.2160617645281981,-0.059938518311294195,0.8161554201328471,0.7982959635596805,0.8433985661790099,0.8291413035569364,0.8260697891421919,0.7969554787074911,0.8208048911559401,6.183147909145038,4.18219509996612,6.064523844437216,7.771438536283597,6.522000355624059,9.679558914337342,8.263772563030438,30.314126049420576,32.20123290054696,31.988927960054742,32.419251099253906,26.29226127242644,23.0195962703515,26.069276955668126,-10.590833022316003,-10.595619887249816,-10.726631283899733,-10.48921408652927,-10.725760885281636,-10.371227679797077,-10.576621737219753,13.477246372752399,13.404687619984193,14.43802681714161,14.70093284146502,12.239011953959098,11.700010031621993,12.448148508155485,2.165317753483923,2.319575600789466,2.069915241229085,2.0965868741992417,2.1053310314336726,1.9959608979415138,2.042419310933258,1,10.139993669284106,1.0680417672831553
sub-064,CN,66,M,413,0.3230814529707964,0.4857046259852714,0.20546085714157028,0.25415412617340427,0.23429576619014827,0.2013644249297291,0.19707458291200547,0.06197556818781482,0.05501945005099642,0.07710434468533593,0.06424944108568136,0.06699354281427146,0.051554109184979546,0.059650128536519596,0.4853529336942996,0.3515265474730371,0.5111776882791479,0.545909299117856,0.5620082191781366,0.6789124945185786,0.6401555209888334,0.09952388683516811,0.07685384691582994,0.16408705634574206,0.09647467296932262,0.11856700929174598,0.05955801633381491,0.08913531033748004,0.030066158311920766,0.030895529574864824,0.04217005354820392,0.03921246065373551,0.018135462525697758,0.008610955032896852,0.013984457225161076,-0.8620292833822738,-0.752491092544253,-0.8241590327613183,-0.9080338157733224,-0.9239411710684157,-1.1173414309354692,-1.0305010913620058,-0.19160139978145563,0.12359749215392181,-0.3784466106715638,-0.33220797670663327,-0.36043404098616233,-0.4800675895626989,-0.46839807482572443,0.7193743558386467,0.6819173705508409,0.8034636175170838,0.7305874683513208,0.75281712968142,0.6517495260388022,0.6993907369447524,7.34184067480225,4.669043372506109,9.147458382978012,8.523152569421319,9.014280339440061,9.116921384380245,9.065464847912029,19.963222259768134,18.57870208686233,23.874023290190262,22.58531392135867,18.96880578714946,15.190282705052194,17.413245673338185,-9.752662347020292,-9.682008702584767,-9.987516916802827,-9.761716452863613,-9.822881709701909,-9.524230992161762,-9.657931379409007,10.355133901236112,9.286008774250051,12.225705223907624,11.276943515595068,10.375814360666803,9.416574943816096,10.037178851415737,2.2223190275521403,2.850632462395417,1.8901390483400375,1.9934711752395737,1.7793411474842376,1.6436544991458117,1.7145078620851124,1,9.634510960921249,1.7990374277818404
sub-065,CN,71,F,431,0.5888322078339394,0.638384958064047,0.48372666701399347,0.5260171479122759,0.6762094730336737,0.5676201153022078,0.5901359626308936,0.054003504995253006,0.05195838632149368,0.06593570886387236,0.05491181046217921,0.05204337472042376,0.04438669902887308,0.04846455060211563,0.14059247170264547,0.07796040009730551,0.1285088509066802,0.2131247125788574,0.11310232102024026,0.2741008977864673,0.21789025893829567,0.1160144190011947,0.08934728387098047,0.1788998820913882,0.1243683305077554,0.12205357536652965,0.0892546397605305,0.11035755012088858,0.10055739646696764,0.14234897164617358,0.1429288911240657,0.08157799853893237,0.036591255859133386,0.02463764812192157,0.033151677707806984,-0.32757659894373226,-0.09310604787837178,-0.2909611408347128,-0.5322534351023904,-0.3323701899043541,-0.7866026560777741,-0.6044430714904292,0.44641712356779234,0.6825338513616985,0.2509072861896139,0.2518385823588014,0.4956766832975897,0.2285410751796743,0.3030855209013588,0.7364584038651701,0.7200872393017621,0.8277632555556146,0.7580014486309689,0.6863384895727179,0.6888939842085126,0.7022599168381618,2.664812918172404,2.341183661570707,4.954009392503445,2.875644740875842,1.364142849782348,1.8930620619599847,2.148376313052539,28.059915287633004,31.71586720852051,33.909070880249935,27.54275904305445,21.184372407042478,17.837976985644197,20.157064607206497,-10.35054667478439,-10.134315126885705,-10.70237399638602,-10.333632189366536,-10.596369226865518,-10.244711252741364,-10.408831697435167,12.584705825759684,14.042691027527663,15.113390596327774,12.329071511809056,9.333040576257583,9.077496965874005,9.576403472762573,2.5248734079122035,2.72020844770672,2.046358859444341,2.326219932530127,2.7885577644102812,2.560753007350221,2.5976176743925725,1,10.476765797865307,1.0885753840109604
sub-066,FTD,73,M,264,0.6465752703969105,0.7225588047910078,0.5092825093189417,0.6051199458583915,0.6605555101557763,0.6485123310732622,0.6454525957723113,0.19239780956455374,0.15494214316665847,0.23834619459602022,0.21054106943822684,0.1973349539981134,0.2108778280123019,0.21038020997328113,0.10282517565441447,0.08335066329582562,0.13529461827612313,0.09975614130834676,0.11054337515550193,0.11684257441741672,0.11355996940453493,0.03376989242680385,0.024113161498573715,0.061297223271833706,0.04426603157092537,0.024581216152918806,0.019068190530649114,0.023418844520191388,0.024431851957317504,0.015035227247934423,0.05577945453708153,0.04031681182410964,0.006984944537689674,0.004699075966369752,0.007188380329681174,0.2849756699366156,0.3045618666909747,0.24285822458833928,0.3243429306277838,0.24904826287707615,0.2547567385257468,0.26390979077997995,0.8200151214308301,0.9717208415740805,0.5812730590706967,0.7555332544100133,0.8034448019103997,0.8009774077919327,0.7961323877712797,0.6678041165874093,0.6284706013968882,0.7576882540730812,0.6949054541604728,0.6487149737888981,0.6450762525773659,0.6525551919923592,1.8679248077027428,1.536134473615509,3.2526178577243834,1.8476266362406384,1.5086215248821606,1.5317026691306825,1.5828398222330642,14.260104302310173,10.804673558299905,24.233938158105772,18.008242890738167,10.416441340576528,9.66257838839719,10.262583063075907,-9.925051059734603,-9.788762880954582,-10.190714269883237,-9.962146526009903,-9.976984103787874,-9.851474371611204,-9.93332872299719,7.224220099816589,6.208075336125707,10.260115279002738,8.624929753015651,5.824703725740714,5.524739258671133,5.875440796018604,3.6077237781920224,4.3955244924119405,2.7398792196475465,3.207181186220303,3.4465336096239354,3.1950585530345874,3.363308956300891,1,7.904625068784266,1.0384354149098733
sub-067,FTD,66,M,310,0.5014727271853368,0.4692924343308439,0.4017822026413627,0.4169191749596198,0.5706077919908684,0.8290440462351593,0.5983402038223182,0.046994150574068756,0.04497005285079565,0.045845318895258676,0.04214857522320897,0.04512127216731027,0.06830220843559706,0.05362283014286935,0.11676189486826558,0.09593731153472827,0.14814429372332238,0.10687839057820135,0.18816694441606785,0.055233772511485896,0.14203350089193026,0.17288989522676224,0.17012704336295653,0.2705927463359014,0.19976076121514752,0.1394583058109796,0.03241125223327689,0.12355885186561487,0.16188133214556685,0.21967315792067565,0.13363543840415512,0.23429309802382253,0.05664568561477412,0.015008720584481336,0.08244461327726764,-0.32949960499896686,-0.2733034906667516,-0.5091532014543109,-0.37895132790858665,-0.5534901242928377,0.17818361428134225,-0.32724943850941834,0.3079410279829311,0.28749826413523516,0.027370774360344602,0.16269507685904852,0.3074529383606471,1.0915701185649378,0.47770838187963266,0.791473016653031,0.81661022121615,0.8457816597619344,0.8446559999659631,0.7250131902209236,0.6153536090410554,0.7342042596000382,7.186078097488167,7.681600996457293,8.906202591968063,10.105297289309739,4.147248054603733,1.5913678900598955,4.907529927440083,32.7292504017483,37.36202717013252,34.90748468368812,39.29715264067464,25.313295954591855,11.235307482375797,25.22937664153509,-9.79963881119296,-9.635219073950458,-10.284542316754084,-9.705791641016713,-10.075709613676201,-9.421340769827644,-9.859656141481599,15.549860074927887,17.88272514032634,16.06929260395093,18.940562052984898,11.353651570729129,6.118592352682805,11.736448702175881,2.306776175791045,1.9827646463796305,1.9043657372654839,1.8586841662953273,2.557846908754986,4.564010106064863,2.927909246332225,1,11.816549678692445,0.5594709107947704
sub-068,FTD,78,M,276,0.470764327511222,0.5317741205608179,0.3852654956546721,0.3885200947226611,0.38666684892627545,0.676112983077003,0.46630112132036616,0.07741301948770768,0.08126022747428445,0.09785910270929776,0.07443536746730128,0.06869813209586854,0.05230630183087544,0.06418706718018831,0.29445701576156486,0.2172648678455707,0.3197966951003121,0.3612054418247204,0.41467028156333835,0.21280326363045238,0.3724623498819805,0.08655348006656544,0.08305326180341735,0.12468039481720454,0.08839879384006119,0.08538920001516785,0.0396696643917299,0.06415380523067724,0.0708121571729401,0.08664752231590973,0.07239831171851356,0.08744030214525622,0.04457553739934935,0.019107787069940145,0.0328956563867878,-0.5492239900314496,-0.3916846788672506,-0.5157184976050283,-0.6681038901820266,-0.7812210156393817,-0.5651144790327253,-0.7349541197029844,0.19072760543014802,0.3444608817442124,0.03674401486144712,0.016590087368882546,-0.04094166926352169,0.5794154723470095,0.12693266513832105,0.7267595128614203,0.7222782266705147,0.7944127638526238,0.7407269210224317,0.7557322064142653,0.5695702813914938,0.6777867070519032,5.357905052544379,3.681466243166588,7.599861651396701,6.031515066991161,8.115571311471454,2.3787865698039865,5.854709547080426,25.966608829238787,29.279849703261565,27.62897060383223,27.017251191792024,22.978088512985465,14.258218857542396,19.003471019047964,-10.512018691236074,-10.464824307755942,-10.79765652324084,-10.470451473888527,-10.675462504629266,-10.086711000014704,-10.399048855527585,11.335069804183707,12.025115074368037,12.22022562640069,12.327529924004367,10.638292369796838,6.652423537152069,9.11044331993349,2.5975980243158436,2.6644636053681157,2.2328138030048588,2.2746923534812593,2.217263900853807,4.1270573494615865,2.8253520946544834,1,8.72849059702461,1.4257511582876052
sub-069,FTD,70,M,307,0.37355429048606426,0.4792973549017934,0.20087119963222155,0.3239836279861055,0.3172305889333037,0.4461050786408347,0.37452279934636584,0.37808777654363696,0.2990766231399002,0.487230187722596,0.4288449084754391,0.40906398827400653,0.34293461522911817,0.3983774131619739,0.16790538854536538,0.13202839229858065,0.1969640566136209,0.15745526562270168,0.2301118200208463,0.17747747193883479,0.1899387367125911,0.05424994691057097,0.056242795455651154,0.09220856860189348,0.04934049716067878,0.03613798013005793,0.027323894136360605,0.030454150952902413,0.026202597514362443,0.03335483420407483,0.02272598742966803,0.04037570075507504,0.007455622641785076,0.006158940054851545,0.006706899826166564,0.3562129806680169,0.35344433681115717,0.39444994061681954,0.4377902401698341,0.2615775105844078,0.28734648036560095,0.3341486661040821,0.547448185850256,0.6423428314481139,0.37650950685815215,0.5678321221613108,0.4435488927762005,0.5868060117348819,0.5564068132146409,0.733165089818807,0.7240121153760306,0.7650330990711028,0.7469038434820232,0.7210403168987325,0.7081081385437602,0.7107745913064616,5.593119163513481,4.330548816323545,6.946797491844154,6.484384077700024,6.342610728328768,5.074830710586215,5.889699722699675,17.442900811724332,19.120504489488855,19.761513582090387,20.570875455744137,11.6562100861685,10.517455584293568,10.833578650115664,-9.78605748956952,-9.7659662308877,-9.936318072299496,-9.748142638916013,-9.76384335655712,-9.740136921686542,-9.731141231899583,8.727092220664614,8.940571118414082,9.712430018566389,9.614848086984042,7.442844751897344,6.65276885220088,7.032162878623528,2.5944866111897285,3.02658918064386,2.1916913818244748,2.4479331090641248,2.245542290280778,2.5028439477627806,2.3792494441076086,1,8.341476839204882,1.2645079411616802
sub-070,FTD,67,F,228,0.5260565493470744,0.6096104795309518,0.40234268750744745,0.4534620438538127,0.5454916312014707,0.5352249746678726,0.5306516255123241,0.11267370866156566,0.10187871350004062,0.15458140794462585,0.10562651607706519,0.10636813979631538,0.11114738126918927,0.11124798239306764,0.1313051487665529,0.09814534249097584,0.14244843104544275,0.14111773167180067,0.1614823193487821,0.1657586256288984,0.1604309526181634,0.1356670972983137,0.10679609313200034,0.20449657584334505,0.14848170874839112,0.13099502008098782,0.11485028698869734,0.11905808440361314,0.0942974959264931,0.08356937134603115,0.09613089765913879,0.1513119996489304,0.05566288957244322,0.07301873144534168,0.07861135507283115,-0.038864892615615564,0.08846316332715275,0.02381723938067708,-0.13537896475300473,-0.1803246306853714,-0.17331853503033148,-0.156431924408176,0.4053443382212441,0.597344608503703,0.208504455079525,0.28043445366139275,0.349130514883373,0.362743721071727,0.36358237432078305,0.7870827033351601,0.7428160875640873,0.8513476752469248,0.8336465909369107,0.769169305536343,0.7793607221609914,0.7821399405775614,3.895895908783243,2.6118273460554597,6.272936838720696,6.057260336133099,2.484029105368145,2.619645833847242,2.7692519976143095,29.8562212573306,27.898003816770707,30.67797010264051,35.90410671040461,25.50624755021134,29.906548685856173,29.69649901230243,-10.506241484343684,-10.30970241197186,-10.782919352180222,-10.412185939286601,-10.724216997432512,-10.640259256371186,-10.644528368900152,12.788203994485594,11.693298939761219,13.820811741008777,15.521118968071967,11.114665592868805,12.11593772148855,12.299199227169419,2.4651668473870854,2.79685885080154,2.0535998899655326,2.148662775690609,2.5025372094485197,2.4985478718696283,2.44246072026912,1,9.76809635411868,0.42175775585427466
sub-071,FTD,62,M,300,0.33037470775499317,0.48266187890665707,0.2586379748873732,0.2461383709282234,0.2042010198028675,0.2627079136073272,0.22844150030631807,0.0886527976972054,0.08293669767798637,0.10290250167302911,0.09414463453634353,0.08554117747642244,0.08096834845363454,0.08820151931896655,0.33599318212941737,0.22559536152579993,0.27476876145131096,0.36085550484176543,0.5207502788517625,0.4873618947510243,0.47867503977057874,0.1549562138829798,0.11939560616030609,0.2434769612469856,0.1695754392032735,0.14896827202283972,0.12638068201595165,0.14900968406704704,0.0900230985354042,0.08941045572925037,0.12021380074130077,0.1292860504903943,0.04053925184610772,0.04258116117206226,0.0556722565370897,-0.5548258509883217,-0.4281294830363934,-0.43294701099080934,-0.5827321771308965,-0.785384240230516,-0.779431162667898,-0.7354977013104148,-0.0650116687364124,0.23355651736666241,-0.1650991650889314,-0.19210800882842116,-0.36754728505873663,-0.2518729709008919,-0.29964971902683113,0.8169563685521575,0.7748051558571317,0.8912422490178494,0.8772034791848528,0.7797020377669969,0.7884440671985603,0.8054248511751178,7.847404939859722,4.973492132789401,9.898939525487267,9.655847503395153,9.241518567474722,9.120742317671166,9.345317837073383,30.08692914247566,30.809616669062518,33.23022280934998,35.31300914959262,22.943103705369065,23.106160440536136,25.662156072867678,-10.37507845232006,-10.236175591071513,-10.62717500264346,-10.376361828331888,-10.447600467090124,-10.37174386702613,-10.410721296563898,13.774261449823284,12.953717156674545,15.8768334515159,16.006876851637912,12.003658453372394,11.682982164352023,12.644112894300864,2.1081011137591728,2.438016075156085,1.8279453975258575,1.9073463149995513,1.919703946319874,2.0577376718981437,1.9703121119226907,1,9.3443604812709,1.293671417737956
sub-072,FTD,65,M,319,0.7462356645382023,0.7845316895385646,0.6337948311710403,0.7146066165187469,0.7632318758271732,0.8186246061931309,0.7794665145470298,0.15498253806091564,0.12617292390096863,0.19429968305278844,0.19759226978245753,0.14986344987185687,0.11929963897342537,0.14571614564439186,0.0450177476825101,0.03610555862976161,0.07152595357836823,0.04633079297009997,0.044532670579757204,0.03454962560229233,0.03993495522069227,0.03285441055159766,0.028320268189725724,0.06270875160742138,0.025414461104614153,0.0326481948301392,0.019131619710568558,0.024782830819448123,0.020909639166774425,0.024869559740979548,0.03767078059038149,0.01605585962408136,0.009723808891073904,0.008394509520582811,0.010099553768438253,0.553338229929021,0.5787810013817255,0.43156303121790396,0.6368599135786902,0.5141772585452924,0.5386494176874853,0.555724160397837,1.106856116984745,1.2086137864505044,0.7912815053867984,1.1186044692742405,1.078654114948604,1.2428724897267294,1.1638175350866367,0.6197838079652424,0.6070963378026467,0.7013902568211617,0.6267359822820444,0.5968267893080679,0.562311459602606,0.5843594297203808,1.289528796841028,1.209215255422551,1.7040275520174142,1.3658880958247024,1.1471178453273077,1.0097758883443506,1.0847542272028792,13.344372627055847,14.025502718024594,20.856294777923097,10.794157511041593,10.964908740767584,8.362160143825268,9.621524807879622,-9.9466429804418,-9.7951493509552,-10.260521315325967,-9.941021770267131,-10.01211266130418,-9.919091080374422,-9.934750840793834,6.587072162926988,6.665328909657207,8.975472355618118,6.354714875912795,5.472429076020081,4.867252464723262,5.337089925261219,4.3785213703619235,4.641354993729294,3.274933613223304,4.380453703622466,4.3716116794676685,5.120485194104352,4.704109455044486,1,7.162144089175454,0.6037465157201414
sub-073,FTD,57,F,417,0.5798326773239383,0.6627760790125222,0.5499163832470354,0.5225643405229237,0.5606866819024224,0.4776608792635517,0.5306042839339586,0.10764990465544431,0.11188092710596996,0.11179700066945397,0.10313590074554517,0.10941630399023422,0.09299909087520347,0.09983323601973507,0.21074229620492688,0.14807464597872086,0.185045626653246,0.23687186269449556,0.24301913161246022,0.3679496902337317,0.2915009317298011,0.05352343645745403,0.04059908454045259,0.07509169158102857,0.06378687179296876,0.05781205446840718,0.03944648779413798,0.04995747781323232,0.04825168535823636,0.036669263362334045,0.0781492978492358,0.0736410242440669,0.029065828026476104,0.02194385183337464,0.028104070503272745,-0.2507194388710072,-0.08874109718776471,-0.17741557747451675,-0.34977461856492,-0.34149390026694926,-0.5933273753753534,-0.45598807161168076,0.4629493196095346,0.685756106264186,0.4505296389462438,0.32388684718396055,0.3506276008330164,0.14836261032911588,0.27162077017590996,0.6840652072414689,0.6381640993090388,0.7189958163288819,0.7270816528348172,0.6973091397278636,0.6864243814575661,0.6900944652523358,2.5704557889559547,1.6617557953236173,3.8761181639178943,3.0097569707304705,2.028815180817317,3.7262707528851475,2.7383694996098384,21.07144818096029,18.854161000972454,25.119761727837002,26.691076427352954,18.90332180159749,14.772416066861494,17.460922509858378,-10.474649932734765,-10.335009217158072,-10.612361525791995,-10.456632381031177,-10.748724344864128,-10.381748532880458,-10.538043851792382,9.390881119293027,8.193143080567221,10.980567445797107,11.295077213620244,8.658898366646872,8.488016705392031,8.665075970776671,3.2237067114819293,3.9109846793276586,3.0328074438514308,2.674309262757011,2.895322162349211,2.6959544466165344,2.8483007000973766,1,9.512410887592884,1.2941230232600613
sub-074,FTD,53,F,502,0.7442073822768895,0.6693923313307157,0.8567402548747358,0.727161036649003,0.8483199596877934,0.7151845768311448,0.7759277336390936,0.11713502912186828,0.13779493410444285,0.07222756342286979,0.12999715551769409,0.07989033514085529,0.14232934841122308,0.10755256093218134,0.05757860804009695,0.06977359852618852,0.030868287824073904,0.06641793874493035,0.03456519122575346,0.07180308547465945,0.060288923465211135,0.04668251645982432,0.07605588525069266,0.026550806818272654,0.037047891838449205,0.019453804844652953,0.03418560681961978,0.028365512994216052,0.034396464101321265,0.04698325078796062,0.013613087060048101,0.039375977249923505,0.01777070910094512,0.036497382463353066,0.027865268969298085,0.33741167808391825,0.32355790234213283,0.3573277754232366,0.32733005528455994,0.37792894955595985,0.31541308556184394,0.2827812445512148,0.9854928946156328,0.8131980713216134,1.2305466432382037,0.9371580456824804,1.2499991599944975,0.920854453008852,1.0376600056229361,0.6364178041390699,0.6965302036315272,0.5209695273884529,0.6554539020848611,0.55789711000982,0.678905666343687,0.6169250507402056,1.5166451159812246,2.005650016967356,0.8661430060790005,1.4201074842037167,1.016478940847161,1.7242056536392119,1.3049878093072416,16.59799159200088,20.64759731912079,9.519152709085292,19.1541221708537,9.568995748230657,18.47386247940426,14.209359845827993,-9.198259333266757,-9.417566597067983,-8.771927119415807,-9.198281271728668,-9.430071461872162,-8.722420160906939,-9.291820581242861,9.127439138545162,10.117305089653863,5.619519689294783,10.663244365639807,7.178356934551395,10.776800335341632,8.957587682085785,4.071623985147471,3.5573321207994053,5.350661583813774,3.5095562223649197,5.1351830997385175,3.4818859660447776,4.260229066474588,1,7.7414905160459835,0.3680243682944706
sub-075,FTD,71,F,364,0.4238898011587409,0.5225835229320532,0.2842244545430355,0.4375842830253961,0.4189744935479191,0.26794379255862927,0.3395818188672486,0.10100756936257814,0.06797039025188707,0.10907298104258044,0.1361442793231115,0.1295300351866864,0.09148246007276428,0.11122335638822844,0.24777065812919646,0.12541089556861876,0.25719702298822805,0.2939317997397855,0.27798253330033207,0.5242501838247895,0.4041290689007936,0.12339620768339882,0.12672131582899643,0.1920328998130869,0.08348529795245983,0.12413998328906539,0.08750944703265318,0.10411934084145123,0.10393576366608558,0.15731387541844474,0.15747264161306881,0.04885433995924666,0.04937295467599712,0.028814116511164136,0.04094641500227823,-0.3079101871273435,-0.1944321554335497,-0.35982243290033455,-0.2221208500589742,-0.33403599190380295,-0.7596048963681852,-0.5528662664462286,0.1952083861152122,0.40358156573635107,-0.05426799391948198,0.2760238798607575,0.1348914704816249,-0.23103878654744175,-0.05277026355467189,0.7771241073010419,0.7568950302681853,0.8809457373262793,0.7295555119500062,0.7967709438453019,0.7578603677638659,0.7772058920591542,6.651081895242496,4.622558501032407,9.831075149384084,6.563304527919786,6.167350971591965,9.882075013886642,8.113353216419263,28.92587618439176,34.175708472622716,35.666140446830774,22.547701811667448,24.339538541345917,20.0769219919423,22.528299619027045,-9.902168733286876,-9.715048967580799,-10.313851988862687,-9.695307398021997,-10.23541190113014,-9.853420948659293,-10.03639232907703,13.53095879540239,15.327899304360328,16.895043050275575,10.725860261740047,11.412320546484962,10.983695072440668,11.302970203629545,2.3123471668368163,2.3247538707879256,1.8424951138965981,2.806151489389969,2.304586195407119,1.997734594456503,2.1720647912107527,1,10.723912933419978,1.4017496831869103
sub-076,FTD,44,M,398,0.7187213644297624,0.7041981815296227,0.7592908282962477,0.7293816641425693,0.8257897311951075,0.5267751592068918,0.7162686576305385,0.10661164913749331,0.10952412819169378,0.0947025687990123,0.11389405321780796,0.08459568784075062,0.13274072673999798,0.1059031517188299,0.07027135723983306,0.05059125976033063,0.044320212460221525,0.06306315005665218,0.0421377706056617,0.23469520990512766,0.10381822288800525,0.047674207207012306,0.054405248887643864,0.048952769481693165,0.045068706705339565,0.024408455780497846,0.062307346055897765,0.039868742196676535,0.05672142198589883,0.08128118163070909,0.052733620962824745,0.04859242587763096,0.023068354577982158,0.04348155809208487,0.03414122556594994,0.2691009738913292,0.3407977415328594,0.326386788080593,0.2574231342139637,0.33395994444821503,-0.14169921061852006,0.1674832115316016,0.9125005974887985,0.9038274783217544,0.9821535537640208,0.8946716703851253,1.2090747385199168,0.4291737228212892,0.9005324996155509,0.6627337317680694,0.6888659340542971,0.6337175090697301,0.6701842377540255,0.5803526598781511,0.723465953676746,0.6447478204575389,1.7444250562057506,1.5224855196285392,1.2628591887319847,1.4525516549548072,1.1492533540360819,4.720066591193026,2.2548102084098147,23.172715604356895,27.909296975616282,23.29748787881252,23.439839340182544,12.544479215100518,21.81562950549886,17.494990436329015,-9.282986348427707,-9.24356515031038,-9.45894692300545,-9.56468322812054,-9.106887290694779,-8.857774507185464,-9.144465728685278,9.567409779918309,10.961017723953328,9.352517733021632,9.36662234695689,6.522722200980124,9.980726280470872,8.135414190645132,3.6012735525587853,3.0978579422422547,3.588474896454425,3.515546908078142,5.233141795851322,3.1060770968456577,4.190954982867529,1,9.403942379196652,0.7545691919737756
sub-077,FTD,61,M,341,0.6371563696195262,0.61959087348443,0.5769059491644778,0.6171322834691548,0.7329485691855774,0.6853711097266002,0.7105821136219524,0.05666210020675348,0.04816684674699345,0.07692485988980713,0.054501569873021335,0.06360752366316916,0.04990427327417385,0.05773687377347136,0.06511895699582114,0.03596916483371825,0.06738261330531396,0.07675329806227679,0.07487649533753919,0.12584275545345353,0.09475327611215933,0.09628634018726179,0.09918630523381074,0.10195680703446335,0.11391881848150917,0.0647623465976176,0.08965179604950956,0.07629461471863692,0.1447762329906377,0.1970868097010479,0.17682977060593771,0.1376940301140379,0.06380506521609713,0.049230065496262444,0.060633121773780045,0.00819935378910219,0.22135098361798036,0.055176567968824815,-0.1379312985609252,-0.06938067350907073,-0.3996658262342412,-0.20579366220425313,0.67726350639045,0.7944405054366125,0.5954949178500143,0.5456445036418069,0.7568038307726481,0.5337244114635231,0.6598027970333319,0.7063675462527698,0.7084295825073343,0.7715615734458741,0.7259721719304821,0.6491350508444506,0.6479988703291915,0.6518241497415505,3.579451481134935,6.816656522979353,2.3780103674220467,1.9013635376260407,1.1346230086519793,1.074814100991031,1.1161156144042557,31.125417929362087,30.690239951350627,37.55307646098473,33.60641608780381,27.519615529895574,23.45376033728461,26.48174661363452,-10.472239078300726,-10.183076280796866,-10.832663740715168,-10.54134085748504,-10.710055541584557,-10.448743622648218,-10.585267842009587,13.775091810339562,15.367923274419512,15.661225436888097,14.194333779579084,10.189266657902062,9.911235036414148,10.249827090329331,2.7354196661348267,2.878408655508036,2.257305842739181,2.4463873290810403,3.1116008204549246,2.9659218810494874,3.022630157265425,1,10.372837417118292,0.6316113281932854
sub-078,FTD,62,M,426,0.6351217864423505,0.694628292936397,0.6119874782775949,0.4316252595696537,0.7660006827535643,0.6722251852388943,0.6633504254937194,0.06929343419970647,0.060447922312584904,0.07934189388399279,0.07642420406334004,0.06069831710356293,0.0838111721951505,0.07457621737579624,0.07841037890165622,0.05509848978174682,0.07912007692230733,0.1292927535409169,0.05573119783967784,0.09119146610480877,0.08876923150053949,0.12166066406825482,0.09097130448570503,0.13105022513074283,0.2027922648331834,0.08169332121405674,0.11267689376488675,0.12008404517322749,0.09551373638803184,0.09885399048356595,0.09850032578536244,0.1598655179929053,0.0358764810891386,0.04009528269625952,0.05322008045671752,-0.03660080952096459,0.02356475216834845,-0.0009530398934918805,-0.23491272121704765,0.05420008138768528,-0.04022944284557793,-0.04697626785521945,0.574166616195804,0.721563744378055,0.5294958568952571,0.17577839406307166,0.8081102882592862,0.5711437426789854,0.5843351599369718,0.6857800360056899,0.6471553280904762,0.7110227219007076,0.8218422650206999,0.586767768302937,0.6594964283905209,0.6607068974957909,2.2199542537478996,1.0068552246402858,1.639827139325484,6.355911254089801,0.8768554742068181,1.0787256958859923,1.523449090725767,29.041369069821947,30.80177970542837,30.212845651206578,35.61143451813294,19.778083269595964,21.87751477683952,23.63546117926062,-10.446925594993685,-10.226034364067141,-10.663388442853398,-10.59267054317061,-10.484433947702497,-10.547598206029967,-10.567488668233949,11.872574925546644,11.761419567871567,12.147506883132516,16.137894568725017,7.974718200110036,9.16536654282876,9.791336451906428,2.7780431815234965,2.8357673168195427,2.6128767835205373,2.0367242003457604,3.6427445618508045,3.009344196856282,3.072595879989472,1,12.924386719945003,0.3113322092280164
sub-079,FTD,60,F,401,0.3995674644039803,0.4800874956293932,0.36718622357623093,0.32900532114386266,0.42853858445754556,0.2639868227965466,0.35686947477426884,0.06548118833746196,0.05649510472532043,0.08029650807719851,0.07427274329576443,0.07262303026569122,0.04641362856140353,0.06380418207071446,0.23427375532809377,0.12475696697777613,0.1574656500647668,0.27127900421579154,0.3092359219316773,0.5463409247684254,0.387425415968728,0.15249036163034602,0.15956017000980358,0.20280306828812567,0.15991272964507286,0.11915038057842336,0.08744220786400525,0.1165226659416337,0.1481872303001178,0.17910026265770657,0.19224854999367777,0.1655302016995085,0.07045208276666236,0.055816416009619084,0.07537826124465483,-0.48510004586403654,-0.3035380020353907,-0.2952683009265141,-0.5455237767462023,-0.6275280541585433,-1.0708253424644887,-0.7766389003784696,0.09991659388760274,0.3085503011130862,0.08709026236733382,-0.02650283408519097,0.06791570186216594,-0.31022169013744283,-0.08118524402566238,0.8034045906923502,0.7639029965243338,0.8768598515586619,0.8609155197170921,0.7818844453822508,0.7487356388966058,0.7836001266220226,7.77912934371566,6.4195561610377965,8.584359225186764,9.636111989865379,6.341673991307953,9.772008397193641,8.131176212655491,34.50082862103435,36.22769334622095,37.661280029886825,37.612137172976674,28.776351000836257,26.080224296015096,29.74485857555889,-10.241600097774851,-9.900053751677799,-10.635890141366177,-10.37284094558752,-10.538067259503691,-10.138394805508941,-10.37476045910768,15.50006189820165,16.105437213776156,17.485047354463862,17.000818709833,12.246216466190523,12.283024634051586,12.887988355795903,2.0923055860715563,2.181818425508169,1.8737291193743733,1.9311887407983526,2.2977043976098916,2.121010821328092,2.191397613058156,1,10.22269664078534,1.3201114930685236
sub-080,FTD,71,F,454,0.4463266965337821,0.6575417390078641,0.42643919258985336,0.34458373911944085,0.316116846817093,0.13570599319410398,0.23400759447720634,0.048922233432866606,0.03600434848153648,0.06828034089122038,0.05713038931604802,0.0534877351590288,0.041833105219385276,0.049299137114419626,0.3645469559071169,0.2181428767483167,0.2791084263402239,0.4181612410192128,0.4812536767427799,0.7228303758355707,0.5810191097928055,0.09534107397945295,0.04803475930638862,0.15087729913876435,0.12489526548765321,0.12082438680175835,0.08027548534635226,0.10898050374110943,0.04486304014678164,0.04027627645589441,0.07529474103993776,0.055229365057645245,0.02831735447934013,0.019355040404587825,0.026693654874459263,-0.8052274646230471,-0.6990234900845455,-0.6029498297810032,-0.8154910347116161,-0.9531982394050521,-1.2378745254207228,-1.0672794646466088,0.055811065891225434,0.4824887145883517,0.061282629893375344,-0.1383542790898808,-0.2119719783622248,-0.6557627942095539,-0.40352573429920985,0.6438814388152821,0.5729776840653097,0.7422706666917548,0.6981641673761809,0.6811132614134477,0.580047547606431,0.6495307850767096,5.939797803646135,2.48247595442284,6.420279902988418,7.328358747370496,9.301929463500754,9.499381749683582,9.401803816712306,21.982339996716554,19.156377231369024,28.487327815794345,25.00558718336876,20.16943785941074,18.788586779470528,19.95999374271508,-9.905789411790195,-9.567753579826913,-10.381827677168415,-10.06430776241255,-10.151892752537895,-9.688665713228097,-9.947553921573043,11.409115838828097,9.845253195165457,13.753361484740493,12.527425787401606,11.463175487731917,11.048557252275982,11.443241711168662,2.724335654159328,3.495202775604301,2.3498505947365813,2.3190104818337685,2.3473782649096617,1.9641147467616604,2.1747099073900045,1,9.686744571503876,2.0605505258672245
sub-081,FTD,61,F,403,0.6609949143734286,0.7069010527468695,0.6704587755083754,0.6050881042542045,0.6797434129819772,0.5698185106895901,0.622977097851169,0.15281786829930963,0.1509476320111558,0.14501219323997724,0.17778664275112377,0.13829943526069235,0.14291230855114384,0.15027522213340236,0.12245970559373923,0.08777445848846858,0.10854133331997425,0.13932340187228004,0.12331986628785581,0.22971799527457742,0.16606260118604269,0.041339917567362855,0.03358509085872748,0.05498986868420139,0.04359032509000371,0.04349487843195434,0.04027362803015991,0.041746228249160314,0.022387594166159444,0.020791765894778453,0.02099782924747136,0.03421152603238755,0.015142407037519784,0.01727755745452831,0.018938850580225257,0.1483199517660863,0.3059714266550468,0.15081226621060737,0.12655547910408074,0.04345999967215699,-0.2063798085471517,-0.030360027415022774,0.7560905475389671,0.948718679987622,0.744951088077936,0.6431720544724113,0.6906869610084275,0.42254363908914244,0.581401367352403,0.6736678626735205,0.6486043422128345,0.6629655167571794,0.7114766210794077,0.6668061894790763,0.7121186961403242,0.6908787345052767,1.7695500565168707,1.5917086763471935,1.771804151649266,2.0738211695440687,1.4701040242027732,2.229240566828898,1.860840813825096,14.804275981651092,13.168103006821939,15.80919289212629,18.455347510249354,13.592994159878161,13.538285703303202,14.1529359033895,-10.511235251166582,-10.354596146630865,-10.66021562347182,-10.600498505579743,-10.612895742918665,-10.504984312129316,-10.571443570339051,7.4025696670742365,6.860714770527845,7.293656308085247,8.657935454764997,6.813222532413053,7.835720970080342,7.4817544880438716,3.648490178999013,4.20640903865086,3.602232490080222,3.2653941991888655,3.412123207242115,2.8859031208513786,3.218925319365231,1,10.83931028825054,0.772045962218618
sub-082,FTD,63,M,377,0.38619589298869395,0.503230170287725,0.2783374639619831,0.2649852169951252,0.35570815605928235,0.4265165233634064,0.3441817835638675,0.09567226439837831,0.08557576835167365,0.10131693657470008,0.10488879829362546,0.10484374560393221,0.09035270269853679,0.09916321545880966,0.3171365520065839,0.20677249194509928,0.2976935755444375,0.4321680827947822,0.3814065001169607,0.40610724317303837,0.4429213540539599,0.10192148785799049,0.09513615876861962,0.15046174160472028,0.09267925271995842,0.11259121298065822,0.05533964164275641,0.08079416045625824,0.09907380274835322,0.10928541064688246,0.17219028231415864,0.10527864919650855,0.045450385239166426,0.02168388912226207,0.03293948646710456,-0.47569162376155355,-0.3274673892319001,-0.4669659693736803,-0.5938677651886896,-0.5588741694997322,-0.6464388247356103,-0.641927136839113,0.08541541678999376,0.3465154588737255,-0.07560838457895994,-0.14567531639052744,-0.0312244259009356,0.05024220194779949,-0.07422464274981876,0.7789245263844254,0.740240123826424,0.8704476619362652,0.7944868950676074,0.7976108257562912,0.7178810455855078,0.7529888883485858,6.7985057899936585,4.5192712842018725,9.39938619711235,8.676176774126294,7.8490693170948544,5.543318690669808,7.440271588048739,27.594224792175876,28.738071908685704,35.017266157859375,28.498324080867157,23.86440801746453,16.242724420550687,20.03259875500164,-10.465912385718356,-10.318471774879383,-10.675460380023907,-10.492410579997468,-10.699509420798043,-10.26424059101867,-10.475041425185946,12.861458675057525,12.65028903184488,16.58358745295867,13.732524176249903,11.066909998839206,8.967051271392794,10.19186164791144,2.4142759100518725,2.9220320383593767,1.8692181362294489,2.0571543075765844,2.177383716044416,2.524297617671003,2.2798192897264675,1,9.259367211063308,1.3972804801935297
sub-083,FTD,68,F,445,0.7711926975488506,0.773697814072907,0.6975623944937589,0.7769438244980896,0.817357952317295,0.7921201082461455,0.7871216779260836,0.057531670024913495,0.05807657189900093,0.05937083023950781,0.046216541963033646,0.06542643773131597,0.06365387770787195,0.0628852553710014,0.047162455672344464,0.03856890266113516,0.06097882792261102,0.04668371434261072,0.046148487140669485,0.05899376829315714,0.05346358736347944,0.04990485337887403,0.048666216109451224,0.06930104673076716,0.055931978848357544,0.03330945546077153,0.037984639732200814,0.043554170812062455,0.0742083233750177,0.08099049525750565,0.1127869006133555,0.07422394034790918,0.03775766734994834,0.04724760602062429,0.0529753085273732,0.11549860936549727,0.21809869934049453,-0.004735960159460053,0.0390985816298942,0.15294602373474195,0.033379082657782014,0.07523131997904009,0.998222790605245,1.0459541989138945,0.7655533666722829,1.0768839000590251,1.0489069512523568,0.9468185375461879,0.9545846270982585,0.6086820523093146,0.6150626532546281,0.6585758431320425,0.5802528412203999,0.5855469766264317,0.6030702984687784,0.6066654012600191,1.0347294794193838,1.056581742174055,1.0603323906463957,1.0259620149246276,0.9924850051153408,1.0007438333830931,1.017984196840701,24.310946319950595,24.95300018612206,31.6107363198376,23.816964066994707,17.853085906725685,21.78882791426906,21.899655267761112,-10.403318732331657,-10.216361567336223,-10.918112570159847,-10.088882830136432,-10.679495121942622,-10.500085273047368,-10.548442111004618,10.228048457841789,10.46431018484318,13.077766389728007,9.987059316480945,8.04328967416334,8.885671973746955,9.125094558901099,3.7439882019906134,3.666027308166091,2.729680958023833,4.463192696482442,4.0352598529829615,3.6629957308544263,3.6637575048312363,1,12.194763667860716,0.2874410184735883
sub-084,FTD,71,F,315,0.6184291526398801,0.724841037304191,0.47597137865620626,0.510827822324269,0.6131649271212577,0.6827732161994582,0.6133546056222813,0.20465638549644227,0.1418476727424042,0.2565974850782234,0.2948898266552487,0.21192982186334344,0.1551981938949389,0.21182673474854855,0.06170873715163355,0.033686881230318454,0.07334730204801872,0.07158024593822579,0.08622480232451284,0.08581027019915533,0.08995962000626867,0.06165035068187787,0.04620784422877613,0.09995840214026397,0.06289052038469305,0.062194459725461615,0.054940543109148934,0.05825229957021867,0.0535553740301665,0.053416564494310544,0.0941254320772879,0.059811584697563654,0.026485988965424343,0.021277776597299097,0.026606740052683046,0.538407279956155,0.6225702484965606,0.5384112864440467,0.6456772347514627,0.38819864500215706,0.2546039231732793,0.3613907969927664,0.8499795256153421,1.0486157410239165,0.6262464777900779,0.7843247423272903,0.7461392980902009,0.7774222512870427,0.7473389800278871,0.7014659888240903,0.6457636173897713,0.7943507595467251,0.7397840346378627,0.7107117308035203,0.6665924281635633,0.7001572453619804,2.233570685604963,1.2988835770530154,4.007616565260502,3.144880746155158,1.9470177974624685,1.4511159571668202,1.9523737284580207,23.732822205677525,24.0236166656214,30.846921309093897,26.315373496997516,18.043546533402875,15.412703866521431,17.50185198392331,-10.23800095644159,-10.027469848617756,-10.513678049063051,-10.233800239937546,-10.42557315040024,-10.288387336962938,-10.368567614751829,9.80766503921399,9.403048185697108,12.869742129264102,10.641903584319293,8.182560114056173,7.399888688974032,8.106514758152393,3.158633953725146,3.471046803980653,2.480181651945861,2.8983742649152546,3.2200655432280887,3.5112394238651685,3.2874598615407047,1,6.541570557306658,0.6455593149508285
sub-085,FTD,64,M,272,0.7135359273894801,0.7096027435236053,0.6554736704472909,0.6896022383326215,0.7659106550762905,0.7837007429168279,0.7655385493748438,0.11399392128702543,0.09988943601087355,0.12485114814255988,0.12909032247082572,0.11791169597840466,0.11100431506558575,0.11737013143349352,0.04873862994265165,0.046426986801661144,0.0557502950055665,0.04873272092881141,0.04934814501999726,0.045409428753408254,0.04758937442056417,0.04572987761023367,0.0504560398828201,0.06026746688585264,0.04936067629396787,0.028223602120245075,0.026379741610267144,0.0293160403134677,0.07800164377060899,0.0936247937810398,0.10365741951873043,0.08321404197377288,0.03860590180506227,0.0335057716539112,0.0401859044576306,0.37580568016002863,0.35400790824378614,0.3495165033671716,0.4246346683726263,0.3804435578363621,0.38691685411646703,0.3936223367177671,0.9635720939906005,0.9605098776847818,0.8312063295247453,0.9299964576804998,1.0578515459002074,1.0985705925155398,1.0628360634177128,0.6662721715034882,0.6722801602084482,0.7120084715166485,0.6834001365922279,0.6214195358025646,0.6096627843902936,0.6220078483241636,1.490911914909119,1.6640511152181225,1.6998464256967711,1.4740245638379237,1.1471893482272997,1.1208814998112486,1.1495134609299993,25.818603785128555,27.267157625459436,32.448614050057635,30.33615181660666,17.13992896962111,14.786566106881828,18.05455079989552,-9.452970328347625,-9.007666608476802,-9.782584432637115,-9.699123416233101,-9.708915968521778,-9.640887555429092,-9.675435488126691,12.427962474853215,13.247453253972981,14.076052161228978,12.796757010759436,10.250891235831423,9.615628005090645,10.202097114612494,3.245414883290125,3.142385825831476,2.7677250794851083,3.0324558766113436,3.7501060348490456,3.991432576122107,3.759185536892006,1,8.97338116042721,0.35286541774226343
sub-087,FTD,73,M,292,0.7870483944357671,0.8009208682719972,0.7447268504607528,0.7627490056452277,0.8214735493689856,0.7989380971527342,0.7800557997624565,0.08843013550339546,0.09694710834842703,0.09932954400419802,0.07398976752527421,0.08343853087392783,0.07863976069502493,0.0797417451728715,0.06813722898868978,0.05536921229020076,0.06452529408357005,0.09970557979358974,0.05130777139488401,0.08035067457198955,0.08996496973211224,0.03948208800295431,0.033379095958174274,0.06504824802790554,0.03937047616630909,0.0323533535066352,0.03340964554002673,0.03700962219022286,0.016902153069193362,0.01338371513120048,0.026370063423573915,0.02418517086959969,0.011426794855567123,0.008661822040224303,0.013227863142336942,0.20359278054646976,0.3753629675834725,0.2027538636571348,-0.014354941420350445,0.22144736292162973,0.012769071621862985,0.02162745014843413,1.018021072286087,1.2221047655657018,0.823396140294628,0.8490433046776938,1.039608275084002,0.9012402748145367,0.876159566094216,0.5894929178972258,0.5629586554697587,0.6409642685189624,0.6085747858553092,0.5779282859319258,0.5843390224925388,0.5966950829419873,1.0872135827384637,1.0678497001362863,1.2166900529525713,1.1077158324733467,1.015597038657212,1.0271927831770333,1.0772335790216538,12.955822278621255,10.74688228621908,18.627934647792,14.433972071406632,11.33285958877115,11.657088147477143,12.451061648417623,-9.882235956201775,-9.659591037136298,-10.307499607980466,-9.786441028542356,-10.091475037711819,-9.901328928316657,-9.944023868616863,6.101131511249184,5.346744440410276,7.371572148829153,7.276305787643627,5.429164890522718,5.493426681116217,6.057785423119795,4.535987449850245,5.517170016972316,3.435787930636319,3.9391173811515126,4.384846874145027,4.172598744699171,4.055670837283457,1,10.571303238088172,0.8052703771420173
sub-088,FTD,55,M,386,0.4190596547434534,0.48360524313266456,0.28180998537827456,0.43601255093272506,0.40280973113122825,0.3894936924687768,0.41253361367127356,0.14054045297057863,0.1667717200665181,0.15642570180298163,0.09864457174182727,0.14447573490248192,0.10279198444583401,0.116870738568446,0.26744356968276356,0.20895730489751443,0.3101951044110442,0.2496249452239676,0.29782088578396454,0.39808946910450493,0.3442357287047,0.11427216931395207,0.09027778279327492,0.1848345789273652,0.10466414623803717,0.12821318713577104,0.09071342713530355,0.10247890594924744,0.058684153289252375,0.05038794911002823,0.06673462948033437,0.1110537858634428,0.026680461046554322,0.01891142684558013,0.023881013106332786,-0.2489775636936571,-0.039394209501227316,-0.30120805346632756,-0.3565207694584377,-0.3174152939082658,-0.5864305618566812,-0.4766031087828083,0.19872716277498004,0.40734663552334555,-0.052928727007428594,0.18705229693011372,0.10962509166850447,0.003045681178759637,0.07445178458196548,0.7742403267239927,0.7438878058781454,0.8555572295851861,0.774434352823016,0.7842507548142653,0.743095101059212,0.7548955606253396,5.950174000896483,4.598590125572563,8.863072535297393,5.537103304777072,5.922576780445392,7.178906985844311,6.0243991186337675,23.74054830969681,23.330661960682757,27.042099703243025,27.723512188872206,20.23466410537637,17.515721989056505,18.752956983672085,-10.155032062424873,-10.02117431703754,-10.4968548591879,-10.088967629924102,-10.306641125053346,-10.015515247194818,-10.121723831804077,11.350161081296962,10.444511787820066,13.223188952338385,13.258868479148688,10.269376068987361,9.514154524664896,9.808871589239912,2.3893403931052455,2.8448755104224803,1.9256345874715233,2.228348923637489,2.157137668490532,2.1608132168030907,2.237447430987823,1,9.84537932465338,1.2413310316581576
