participant_id,group,age,sex,n_epochs,rel_delta__global,rel_delta__frontal,rel_delta__central,rel_delta__temporal,rel_delta__parietal,rel_delta__occipital,rel_delta__posterior,rel_theta__global,rel_theta__frontal,rel_theta__central,rel_theta__temporal,rel_theta__parietal,rel_theta__occipital,rel_theta__posterior,rel_alpha__global,rel_alpha__frontal,rel_alpha__central,rel_alpha__temporal,rel_alpha__parietal,rel_alpha__occipital,rel_alpha__posterior,rel_beta__global,rel_beta__frontal,rel_beta__central,rel_beta__temporal,rel_beta__parietal,rel_beta__occipital,rel_beta__posterior,rel_gamma__global,rel_gamma__frontal,rel_gamma__central,rel_gamma__temporal,rel_gamma__parietal,rel_gamma__occipital,rel_gamma__posterior,logTAR__global,logTAR__frontal,logTAR__central,logTAR__temporal,logTAR__parietal,logTAR__occipital,logTAR__posterior,logSlowFast__global,logSlowFast__frontal,logSlowFast__central,logSlowFast__temporal,logSlowFast__parietal,logSlowFast__occipital,logSlowFast__posterior,entropy__global,entropy__frontal,entropy__central,entropy__temporal,entropy__parietal,entropy__occipital,entropy__posterior,SEF50__global,SEF50__frontal,SEF50__central,SEF50__temporal,SEF50__parietal,SEF50__occipital,SEF50__posterior,SEF95__global,SEF95__frontal,SEF95__central,SEF95__temporal,SEF95__parietal,SEF95__occipital,SEF95__posterior,hjorth_logActivity__global,hjorth_logActivity__frontal,hjorth_logActivity__central,hjorth_logActivity__temporal,hjorth_logActivity__parietal,hjorth_logActivity__occipital,hjorth_logActivity__posterior,hjorth_mobility__global,hjorth_mobility__frontal,hjorth_mobility__central,hjorth_mobility__temporal,hjorth_mobility__parietal,hjorth_mobility__occipital,hjorth_mobility__posterior,hjorth_complexity__global,hjorth_complexity__frontal,hjorth_complexity__central,hjorth_complexity__temporal,hjorth_complexity__parietal,hjorth_complexity__occipital,hjorth_complexity__posterior,alpha_present,alpha_iaf,alpha_height
sub-001,AD,57,F,574,0.5118774469389129,0.6041530572696198,0.4039385409168809,0.45879801175406354,0.47571358740904474,0.5112258294789874,0.482154787690357,0.24645781253130075,0.19995555527891704,0.265885432396868,0.22736693256147952,0.3451537864439249,0.2702120821869993,0.2896180653928376,0.0755065405686645,0.06040910670553052,0.08254540554367838,0.09127668948340079,0.07734212374761341,0.08349558902921667,0.08545605640220046,0.06927866093112846,0.05474406275295717,0.09833311300791663,0.09281982527594229,0.047129998129893026,0.0627087419517711,0.06428760859570097,0.09687953902999347,0.08073821799297543,0.14929750813465636,0.1297385409251138,0.05466050426952387,0.07235775735302605,0.078483481918904,0.5135331700379568,0.5237012714189888,0.5087087046711299,0.39888749080802166,0.6492865120351913,0.5108428587186036,0.5263740402855092,0.7379977225848373,0.8678364237561615,0.5740954291678201,0.5729557043409796,0.8244827133991265,0.729772258877011,0.7215391844092993,0.7470101338179305,0.6800377875203758,0.8296440609094379,0.8032477087763357,0.7405899677613389,0.7546175543901876,0.7631726503543856,3.2855608775801093,2.126705672477846,4.62687913832282,3.9201409873392907,3.752914538212568,3.3593859938569195,3.7029304279881274,29.50672462726527,26.8621900032874,34.17821113447369,35.12309299417147,24.401355890756694,28.18068242132565,28.16395669379325,-10.543508621720514,-10.330898891900423,-10.85231971081229,-10.624234250969714,-10.661503231791912,-10.485982868847694,-10.582797956282107,11.981394192334147,10.788289942953012,14.635775028364913,14.220443779508285,9.762115968752894,11.026505972145577,11.243299330829952,2.756372014294982,3.1304624100050416,2.150280738447984,2.339491740660492,2.992642857391086,2.8355468257050926,2.7794882613691354,0,,0.29255616566812215
sub-002,AD,78,F,765,0.1800305724249142,0.21418340307984676,0.19615252760464452,0.18405641205156506,0.11944338825454487,0.1191418293653072,0.12294303288379516,0.21367381887734194,0.19660910014362978,0.20109839883015967,0.23578445259901804,0.2338690601575594,0.21774933515242936,0.23150860107989127,0.454036221326991,0.43096497069694584,0.3669121205155634,0.44669318096806043,0.518146057354517,0.5839930764258634,0.5412655980274043,0.10914852294012635,0.10356813140161288,0.17025259825210334,0.09583547564916518,0.10742561532601365,0.0662342363600493,0.08689681235748574,0.04311086443062655,0.05467439467796474,0.06558435479752925,0.03763047873219143,0.021115878907365142,0.012881522696351205,0.01738595565142389,-0.3229879684403796,-0.3398364832261333,-0.260778317371434,-0.26994886162399034,-0.34631224391384957,-0.42842444371623334,-0.3690349927700366,-0.15666395956918108,-0.11782008746891028,-0.13134218058656266,-0.11050665653858809,-0.2481852868139405,-0.2856327955881034,-0.2488385294412335,0.7306672686390853,0.7360658354784968,0.8288382253214589,0.7305702746650184,0.692726468699294,0.6216210375354048,0.6657046511157783,8.04990390797947,7.943982845750952,8.262591743127674,7.956874429653901,8.154947090286745,8.130090056247209,8.133010527621304,22.85388191221115,24.825317070108124,27.45420497827392,21.700497578123933,19.567066027195185,16.29036675617598,17.930646519267896,-10.398717062355713,-10.328807475482956,-10.715541084454188,-10.346423958504865,-10.437662887703173,-10.214332052943178,-10.317839732229434,11.367177341348107,11.763506796429514,13.084626851252048,10.985274423410228,10.46719212317091,9.517633646848825,10.003767591365849,2.031594143231275,2.1853790160626874,1.9619656902421347,2.061884788687158,1.8584782207300936,1.7968823606450486,1.8505810425815412,1,8.485466162824357,1.702662356893578
sub-003,AD,70,M,284,0.35908025102228275,0.47641775796864533,0.23680417314185084,0.25017483000684204,0.23814477386289443,0.5310271513006249,0.3186588742785045,0.2462318447080462,0.23134214852319063,0.2956912932372306,0.25252551694937575,0.28260625618080276,0.1570076468694707,0.23108415406572816,0.3264092071327332,0.20423878180842464,0.40421092081600013,0.43964279573697507,0.42939321529983904,0.25635993578377014,0.4008597840554515,0.0414370071062895,0.04727867079517415,0.04028628201351397,0.0383133481670555,0.03607074419586682,0.03701398407845864,0.034816932810857355,0.026841690030648315,0.04072264090456517,0.02300733079140437,0.01934350913975136,0.013785010460596818,0.018591281967676385,0.014580254789458751,-0.10535679567566933,0.050137667749475166,-0.13614625019993715,-0.2363446694448978,-0.18993015034850938,-0.2145674563295563,-0.23967010530812463,0.23032251283615315,0.45036514293336255,0.08205917536764391,0.022013984274836515,0.04950368738008526,0.37041360900541875,0.10684830386870556,0.7151303216748955,0.7296989698746693,0.7286503442377467,0.7090021600299082,0.7081528191176613,0.6665825962572363,0.6853314850579055,5.402571483610706,3.5563686077282144,7.137003749915071,7.437005768173108,7.25104714048862,2.421051095301199,6.0173655422651295,16.05993094280572,20.105240430710555,14.94817024906589,14.034198422416383,12.577937193722605,12.843444440151877,12.401593877870251,-10.424413878218843,-10.547202274812504,-10.4165603006724,-10.328466960080394,-10.287519058076876,-10.40367092295054,-10.271804802450433,8.867816636431218,9.230929559803942,9.040911827803514,9.032188003435524,8.506939490545628,7.549851602388024,8.267122336313001,2.553172361679168,2.901609796030596,2.2716841443012066,2.2639801597359233,2.1228066084550172,2.979806701238827,2.359602316453912,1,8.850255692202946,1.4758637515795794
sub-004,AD,67,F,668,0.536954124950852,0.491787140074894,0.49561825966273393,0.4901249774935098,0.6206382053295063,0.7251745442955847,0.6294207049850116,0.22998084696321985,0.20705182447726106,0.25792277837277594,0.27487304930873135,0.243411895808631,0.15838855059060203,0.22679153238414723,0.054586245598469606,0.057483652626078005,0.058269011739069156,0.055078815056601206,0.05373993214355322,0.03920550305705226,0.04979129667520003,0.07344631860929389,0.09558011741091656,0.08657538947031485,0.07153500994066464,0.039409292967845615,0.031162572311514036,0.04020321751829431,0.10503246387816477,0.14809726541085055,0.10161456075510639,0.10838814820049303,0.042800673750463696,0.04606882974524726,0.05379324843734683,0.6230890552232364,0.5601138130958118,0.6444111218837851,0.7007084978961469,0.6567855076411051,0.6057357387057754,0.653098762966217,0.7964289722845322,0.6654351659984707,0.7177469018432099,0.8032019348283912,0.9701204857551278,1.0988472046541191,0.9846380447185084,0.7405515375266148,0.7848216642221614,0.75788672625596,0.758102759874341,0.6761776510522534,0.6210616960142749,0.6743804874492915,3.7026028969201854,5.084944995786965,3.832833260058471,3.654417261957086,1.9793276955467387,1.350344078165398,1.9978229181856269,30.147390529366092,35.824651060233506,29.708967204166537,32.46374662053189,20.496045032558538,20.778919722009206,23.60148737610005,-10.42676010559934,-10.323871598994007,-10.607464578648974,-10.420387548836349,-10.587243639099379,-10.287832982419488,-10.487144691889617,12.664442217223222,15.037577013259362,12.819908510545877,13.10633347148078,8.995385682285926,8.74507328500358,9.637730729180097,2.7773910739115393,2.3755504138056898,2.598717294499384,2.6419223071658156,3.4434175548049044,3.7237418655516503,3.356056659220482,1,6.759992586496579,0.49309816916483307
sub-005,AD,70,M,714,0.5411877915897881,0.6571276686901306,0.4317866386820353,0.41791287709631697,0.5495785792768303,0.5334635985565976,0.5033786142101894,0.16974745113034892,0.13010909601936205,0.20145585059083682,0.2333306154925387,0.17173540300927595,0.13077083828530078,0.1731076516007192,0.1180467349116805,0.07564685663212385,0.13335959056814903,0.14441226399857016,0.14521807138152712,0.14998896252687682,0.156876803328311,0.10088712096465982,0.06949004980906912,0.14753363200465408,0.11275554272345882,0.09657533502264333,0.12353793884466267,0.11317108984109485,0.07013090140352254,0.0676263288493141,0.08586428815432445,0.09158870068911525,0.03689261130972355,0.06223866178656236,0.05346584101968566,0.18359074726497435,0.2690351681502288,0.17803620517454896,0.2245834715545633,0.08397180791106475,-0.03968995224609174,0.045961516955775876,0.550646338092695,0.7810020720232912,0.3531309261484877,0.4117523254803354,0.48978662112037147,0.4097519879351237,0.4137800595058715,0.6996939542641175,0.6186007476041036,0.7870508873111651,0.7798076999019142,0.6949312940896991,0.6994012769896298,0.722470442967757,2.95754423632194,1.5386379471409726,4.451484650460338,4.557707006371864,2.3648181196724933,3.371569262122051,3.4285045244903736,25.371293137147486,23.37934320374834,29.10180670335116,30.079633371730644,20.201755899990065,25.08497294130879,23.988179296866555,-10.517715902482074,-10.327094885707874,-10.786990171819626,-10.505305933867678,-10.740269644416202,-10.47196738151304,-10.61269550291213,10.868306737761205,9.741279385778608,12.602882266660979,12.767279696559013,9.315154282227036,10.742821942056281,10.5012598464684,2.892347664602808,3.369175571159858,2.348230711269197,2.4432286373721244,2.9455877143801756,2.8580034014488653,2.7734503466640765,1,7.740862427983033,0.4227599800433097
sub-006,AD,61,F,614,0.20423913198437024,0.22732876145753103,0.2403499705267255,0.24660101310427673,0.0872837053771607,0.1599685486857757,0.14181821688219956,0.046186162503445274,0.05015999744528764,0.05103318421185573,0.059613012681555125,0.022601408479150497,0.03353063832460389,0.0360515219801479,0.5577771368514705,0.52602459408491,0.4524865540397019,0.4319209886285791,0.8046207284536679,0.7082938197945714,0.6935380342925533,0.11655218639096768,0.10024941575137551,0.1871477535259046,0.15514772561824025,0.06683885004784702,0.0650974589872709,0.08939179245983446,0.07524538226974627,0.0962372312608959,0.06898253769581225,0.10671725996734875,0.018655307642173782,0.033109534207777354,0.03920043438526454,-1.0918625368790984,-1.0254263865797475,-0.9442572027006482,-0.8514973377157845,-1.5576894810812785,-1.3277870462178591,-1.3160434093042712,-0.4540627249192027,-0.3583030440925129,-0.3491155700515602,-0.2834864092792755,-0.9005336057609931,-0.6180886501312489,-0.676104858553612,0.7455402733565873,0.7633266929210787,0.7954191318898612,0.8226976825279675,0.6016611534902611,0.6699733785376869,0.6790708007346521,10.55437731918855,10.591821248508296,10.539457040410111,10.339305978314496,10.877084416193236,10.39178602097817,10.51604354315836,27.07152765551319,30.109971170181296,27.08745006391078,32.57950870961509,16.88642180974341,20.67478840202933,21.585673007242967,-10.230900861215444,-10.187072312485991,-10.451038404337288,-10.35103041293906,-10.056674208664353,-10.075175342465167,-10.138653605993978,13.763361624000188,14.49720802716872,13.582115924600275,15.031638639076176,11.791358800716813,11.888217966783293,12.428957987718311,1.8128371068550477,1.9020012840327023,1.7986211605376166,1.9118483022107227,1.4816709073158973,1.8208133148067842,1.7052188525902392,1,11.286505009296715,1.7988631223907667
sub-007,AD,79,F,746,0.5565494526166342,0.6197781256157571,0.47043612364887627,0.5253249223840889,0.5396500277596532,0.5522172883219036,0.5254208318009586,0.25375337334821013,0.21748359319101543,0.26828019311328116,0.2704049588767583,0.28648869912175456,0.2765012145333722,0.2857235782966892,0.07806300273052497,0.05629151730152403,0.10736686296525218,0.08565166632909436,0.08807599714755537,0.080110592557253,0.08824264629906724,0.05322894350205522,0.0467954577057843,0.07965898489766567,0.05401692548405263,0.047278114053022215,0.04345136190514245,0.04942150001007369,0.05840522780257538,0.059651306185919135,0.07425783537492493,0.06460152692600557,0.03850716191801439,0.04771954268232897,0.0511914435932111,0.52190476263674,0.5835282100705975,0.40139170526116114,0.5040951901207855,0.512452708546442,0.5367895088489634,0.5119783120530675,0.8069687549782449,0.9220238361524381,0.6013217611414069,0.7622731039417224,0.790721048969896,0.8265093227093938,0.7750927718675115,0.7203161302636751,0.684339220760201,0.7803411969889905,0.7392563081367651,0.7190004178714702,0.7202909262799886,0.7326707783403211,2.9188858875469954,2.195134387426925,3.872834045401621,3.294923192572896,3.109627369012056,2.9829070689359107,3.261721525434711,24.283401629046764,24.006181574311796,28.025575674441797,26.467504010455563,19.417686880660757,22.57077811228799,22.881219029805415,-10.373059901687087,-10.262549144874441,-10.519453395031837,-10.381098497602022,-10.438676793060894,-10.425754781623661,-10.424202865665373,10.006154663263295,9.781863635029069,11.314900797764457,10.603154040900815,8.810122230156894,9.428103954715908,9.699252026776268,3.0751311800723675,3.2638757243854455,2.6024285032717307,2.9711354278919964,3.1822890768684693,3.170833949344143,3.0705715342310613,0,,0.3681761299114683
sub-008,AD,62,M,671,0.855783302231411,0.8602296449927517,0.7677942069254152,0.88464499719164,0.8689072540785042,0.8947954278346146,0.8845066008341681,0.06786837485279076,0.06600658958168201,0.09571773507760796,0.06025769982686661,0.06025764691423025,0.05924802492413474,0.05972243387953464,0.028032720369546977,0.024557113281579612,0.04957550306201991,0.01880786081707306,0.027925609924462778,0.02649355591129754,0.025107802264889383,0.030065343327741065,0.025007085519220033,0.06535602037048299,0.020245801340963324,0.03089703046310995,0.01322478336395384,0.021679830804819493,0.018250259218510284,0.024199566624766754,0.021556534564474015,0.016043640823457016,0.0120124586196931,0.00623820796599934,0.008983332216588532,0.4132773836423393,0.45435757941904453,0.2885700191394016,0.503702753859302,0.3651773983127944,0.3478569827386697,0.3937137078961804,1.2418682275710446,1.2848053126390009,0.8797575159400531,1.389564184893207,1.2129311175095843,1.382768247727552,1.3243390330889366,0.5153222622541033,0.522404833223504,0.5908854060122827,0.4782886489602929,0.5073948264022645,0.46314692858931156,0.4817560367575497,1.1347462692400487,1.189116171322468,1.2685291602280235,0.9841668950923709,1.1715053463537106,0.9897974080944802,1.064363900036117,11.171562100133633,11.763770577157564,17.855967494344824,8.786567249788254,9.317333236038737,6.6235573360661615,7.6745283754789195,-9.892957918119055,-9.7191790537858,-10.179115542139067,-9.890765817386722,-10.096696537736024,-9.77072377929463,-9.93017866471744,5.999581580716317,6.5465450706830035,7.367475770650866,5.4119003890206585,5.420460189039467,4.077412551837689,4.696657821608832,4.868026781258991,4.680201630911706,3.5688737286198076,5.573366814397274,4.746308918364998,6.246041114497694,5.586647528439633,1,8.534298172079273,0.31766954610631437
sub-009,AD,77,F,592,0.21445113247863945,0.30600943197781033,0.17453575071864177,0.17415699389263403,0.1419715891996389,0.14317774896204977,0.151329129416702,0.16893256111690272,0.18719012775157634,0.1926386100754934,0.16250813506547243,0.13757540973644403,0.1293565836312075,0.14410524603847139,0.41365816215248535,0.3375392475173949,0.3783158281497863,0.3938302316351633,0.5444382246656984,0.5765736316441746,0.5304217830307143,0.13562859821571538,0.11096193783238448,0.1874385613940227,0.15141960973334828,0.13620258851657016,0.11180395630336455,0.12744544441643574,0.06732954603625704,0.058299254920833994,0.06707124966205573,0.11808502967338154,0.03981218788164839,0.039088079459203666,0.046698397097676404,-0.3937952489509622,-0.28200244385956924,-0.3027441484765566,-0.3705864447846815,-0.6056472825495264,-0.6502862754171617,-0.5712120013468172,-0.16598668940359676,0.04207029719523985,-0.19879668821874893,-0.21388890888653375,-0.38955375932916664,-0.41381610042256795,-0.3539761012741732,0.8133045803666474,0.7937148048770731,0.85225418400321,0.8570314939474311,0.7916819781362981,0.76842446530927,0.7960085163029526,8.79363312062731,6.527472242338523,8.99341493272813,11.021118978724498,9.943645294768936,10.245533499080022,9.921883800836815,26.106583983606335,25.894775119740927,27.570815959528698,29.813211561650743,22.730593001848387,22.302298359799828,24.06694623194989,-10.338958803341837,-10.2147210831795,-10.545225833390887,-10.331250582941802,-10.445252816219693,-10.320365700319726,-10.375542132858538,13.066703675650107,12.02199651656809,13.521575527218898,15.370256080516402,12.472422539191607,12.32518785003916,12.685852875955153,1.9803771942256685,2.1853494577675794,1.861435202719715,1.872749760967737,1.8431525329712588,1.8624791174853899,1.8919383210026026,1,11.013155185131659,1.296188971440408
sub-010,AD,69,M,1268,0.3383101142761642,0.4535226266387494,0.32545697630878573,0.22171859456971627,0.3122501358390707,0.2266190350267193,0.25141095922524104,0.07592456846373491,0.07788883085541617,0.08742044357172253,0.07394615730728489,0.0732403349267424,0.059789010049257824,0.0659509927131555,0.2841130308793841,0.21149367591830295,0.20559815679980772,0.3690482693596497,0.29640392926014586,0.4677462598308585,0.3993911907007889,0.1903751451598735,0.15017651142622496,0.20787826811971252,0.20833371754080082,0.22988078370995932,0.20964007620090136,0.2168403319694232,0.11127714122084342,0.10691835516130661,0.17364615519997129,0.1269532612225483,0.08822481626408214,0.0362056188922629,0.06640652539139148,-0.5563720088324063,-0.4387870660115996,-0.3719498670356167,-0.6902595652865466,-0.6121898646453667,-0.8930506247726933,-0.7763627451166472,-0.06757754244967011,0.168821211494697,-0.031253472878999246,-0.29339723189092715,-0.1502278475042368,-0.37384444914659737,-0.30056982118385894,0.8173261134910087,0.769740611425952,0.862552302762105,0.863309013551255,0.8374362206583195,0.7939051259406043,0.8205322223129171,7.988448069672065,4.313200605846265,10.534084903965658,10.508566228023588,8.870848709435654,10.669521665273535,9.843357388050773,30.9076721107948,32.507742967459954,31.04621600644229,33.67612910227068,29.173931565535877,22.163305103932178,26.827650074655118,-10.731203859503026,-10.711788767194475,-10.84806296611229,-10.607282443272908,-10.876993477219399,-10.653026428554725,-10.736883306903133,14.838033407552826,13.990410128240626,16.623189810282607,16.422989631443144,14.398458886758421,12.616429614461818,13.834249822271474,1.991646990601246,2.2220250100621137,1.8939987858762286,1.8224427222015023,1.9269932211055163,1.7671854206188158,1.8633172024716216,1,11.020149252840005,1.0575763922288974
sub-011,AD,71,M,663,0.30387987097999225,0.40756661074624695,0.21235938927602063,0.25780410910850915,0.24783789648688792,0.25447148983668094,0.24838862346687743,0.26955038656574715,0.21717298141047356,0.31443157524271564,0.3604020738216603,0.23432574694971633,0.2566831065059717,0.2812262558199435,0.2808268048873944,0.20283529008501838,0.28892776696204336,0.24743278985061531,0.42405212391352737,0.393595715118096,0.3719114982045613,0.08179926383015224,0.08293617058036133,0.10457025180843266,0.07491072332847871,0.06987485550783228,0.07532730172382673,0.07116461396627756,0.06394367373671372,0.0894889471778995,0.07971101671078767,0.05945030389073642,0.023909377142035754,0.01992238681542425,0.027309008542340033,-0.008977162187328752,0.02998499480848566,0.036640155965163373,0.1657094728242932,-0.26103200165641843,-0.18506169972102687,-0.12434179174525894,0.20929753525414008,0.34574267867709363,0.125916045442485,0.2837398371839046,-0.010441744579718762,0.037536083882544306,0.08046363400978748,0.7564041622412703,0.7434636391980776,0.8117564934877818,0.7685711389454821,0.7270759865528293,0.738325806146915,0.7362894358744029,6.443601985921749,5.068739675438684,7.416506084089306,6.825677263134849,7.590946491694326,7.311096612276083,7.281250663149274,25.199404946258916,28.58189668635572,29.307196636971174,25.76735804198377,17.909868294069604,16.99739510668598,18.499071558931025,-10.265880842901996,-10.263936321114402,-10.63777213369954,-10.009082916786586,-10.373529755890301,-10.066972215710615,-10.17485630542969,11.379581764114826,11.977964689090511,12.871838523960884,11.476451584043893,9.599294918045793,9.523547016176266,9.792448815894204,2.3981560023256807,2.577190611306052,2.202246744280379,2.458069668502471,2.2561156861708422,2.158631899841012,2.297832921920762,1,10.132278402513379,1.1338582709249927
sub-012,AD,63,M,765,0.6074206701151078,0.6103441695697411,0.6169397176606819,0.542878030026414,0.661690812720601,0.6305899169746776,0.6018129390234984,0.07091871269638575,0.0754040837874428,0.05913579014359505,0.08447796315186529,0.050978205532127924,0.07568655754229972,0.07132879126469975,0.17193538086628066,0.14163444789547652,0.15823691171445298,0.23079122452909814,0.15144245254949368,0.21156405514138227,0.2051282292331987,0.11249768687186443,0.1226989092246457,0.13392245263283412,0.09708269169533705,0.1164929735103074,0.06949332039106591,0.10131109094152044,0.03722754945036138,0.04991838952269399,0.03176512784843586,0.044770090597285706,0.019395555687469604,0.012666149950574522,0.020418949537082665,-0.37620737268683585,-0.26945083216734866,-0.41804752455178257,-0.42378122887412173,-0.47338761850025807,-0.4461769556129154,-0.453671524377904,0.3964488934661241,0.444538550166775,0.37784789816106795,0.3013696951268614,0.4270844031078253,0.4002417201874038,0.35013649618479714,0.5776055999435453,0.5974667795844765,0.5611320122480122,0.6074140930826695,0.5046576484755506,0.5826067936673294,0.5700581822563625,1.3393628690982409,1.3936570193084326,0.7534002295651936,2.4306221877690666,0.5897342165478223,0.970201644146117,1.6990132348723892,20.729424148899053,22.871726326685167,20.1168791802716,21.7657917358075,18.168100723034637,15.919433944568604,18.005783899562854,-10.258542784640388,-10.205874088064336,-10.442576970531578,-10.234782100686703,-10.309341663405036,-10.138154993580208,-10.280608190092039,8.838861884425594,9.628817442774936,8.643599371752076,9.585046761997537,7.3865776750148795,7.052967758185359,7.827774842553682,2.9725675133116396,3.0067156024402792,2.912931867962287,2.889300020301489,3.069126983925726,2.964198449484604,2.912483510345333,1,8.624805359958087,0.956094143060028
sub-013,AD,64,F,764,0.5126643065503602,0.5424427158381829,0.5068513186602809,0.455420302393562,0.5323112934881428,0.5021768837850233,0.5139352189793128,0.24797555927439474,0.24776535630224267,0.24189198759590932,0.2512694549100024,0.2754401371844945,0.21005196905829082,0.2565352843461641,0.11350899008763542,0.07753258931616361,0.1322413593982935,0.1159889637922786,0.11118035911958378,0.20986083786459056,0.14754026029550046,0.06552150274527983,0.06105929669633468,0.07018489800791813,0.08405008478651965,0.05282317543470239,0.05613445790601697,0.05384186775058219,0.06032964134232966,0.07120004184707625,0.04883043633759804,0.09327119411763743,0.028245034773076577,0.021775851386078255,0.02814736862844055,0.3694634531816065,0.5060626662312766,0.2609115652572172,0.35388102544432115,0.4063184002732954,0.03007647423138251,0.27033268391048915,0.6471081749240151,0.7633108347586398,0.5755230162126731,0.5525848306215576,0.7068884298480773,0.44715290978866307,0.6059304829382582,0.7361928348623404,0.726766867573143,0.7433198256134302,0.7771243565728916,0.7117730167575486,0.7132599179839819,0.7136621178016048,3.2018398288862366,2.800940587184027,3.327600192976032,3.8768228874213593,3.039564916798604,3.309792879770482,3.178223200736549,24.03375624121295,28.333542456460634,22.85392977473172,27.82743395769557,16.301930225824794,14.764627777684904,16.36494678135502,-10.474226118721457,-10.34228950562648,-10.791841457647783,-10.411826898097999,-10.652602162886348,-10.316815631163978,-10.483448252934027,10.347983210010442,11.028149810014884,9.842899750097866,12.158942909522176,8.192797123159616,8.33588503111653,8.386344409829812,2.898597116025163,2.896284307598863,2.901568482804228,2.637638411920907,3.2587096054467675,2.883983569424722,3.115475429798868,1,11.305068005698988,0.7475384740785369
sub-014,AD,77,M,871,0.6481327013603617,0.6875308733636313,0.5789220215358801,0.5903589610139932,0.6972902520470151,0.655866273748397,0.6565410092225267,0.14865212993704255,0.13336189794772282,0.1731957393717739,0.14346567890346312,0.16960513162650317,0.1442959272805325,0.1587558786186956,0.054028923329049204,0.043187617451284945,0.07026332065416939,0.061682112641310446,0.052424868445311794,0.054721601614627455,0.056294710160678905,0.06879839417710466,0.06300550297260141,0.08978668667420486,0.08575218018796377,0.044188534119376205,0.06059829271209026,0.057808752839674446,0.08038785119644193,0.07291410826475951,0.08783223176397176,0.11874106725326924,0.036491213761793956,0.0845179046443529,0.07059964915842445,0.43733826771088163,0.47906774080210945,0.3719121914274342,0.36580192538336476,0.5114538193402381,0.4213235835277541,0.4518045833330622,0.8294174471254696,0.9131668001054682,0.6730599422373323,0.6980926556932618,0.9566281485301014,0.8426644997851489,0.8604019221364316,0.6869664642211701,0.6562855588013485,0.7214687612889615,0.7399144557921105,0.6483378049561007,0.6946431933445818,0.6889698307253053,1.7872944076779629,1.5795820250059953,2.1249138733031523,2.015389206830967,1.665471291158318,1.7344036250655253,1.8490425128845693,27.599538636813595,24.93522130198244,30.225223850985213,35.20281087898073,18.704187431503883,31.122603811095516,26.68151734602812,-10.310133102702409,-10.065739064397604,-10.803212565486907,-10.321383443875147,-10.47689803225579,-10.153244965916926,-10.338779685368156,11.004482370409299,10.332831544631947,11.766765039309831,13.51156905307692,8.222383780437655,11.37081077690144,10.469985602366975,3.0500799676641868,3.2906876192551318,2.721615811804471,2.4842949611973895,3.668842836360421,2.904075130774691,3.1339370462741694,0,,0.03886611635004478
sub-015,AD,61,M,870,0.24568614675106923,0.32620160490157873,0.26495659433570035,0.16650262357464518,0.19412130385563833,0.17069068254333342,0.16835354184612847,0.13635812442413345,0.13579806942519718,0.14503883376529192,0.15425636366546536,0.12045275151058471,0.11335883379633171,0.12151712017501966,0.4626341091619292,0.3555701474033167,0.44029941016518964,0.5130383137975505,0.5658444941563615,0.6152360370492911,0.6038343362981905,0.09262635563527873,0.09667869158973637,0.09819231931187394,0.09758764602366202,0.08469394701583004,0.07207026643219056,0.07474612748047461,0.06269526402758939,0.08575148668017081,0.05151284242194417,0.06861505293867685,0.03488750346158556,0.028644180178853135,0.03154887420018659,-0.5163126249044068,-0.41005524105258345,-0.4785438744713188,-0.5024879540331967,-0.6745513624033723,-0.7351578295293926,-0.6974767993930737,-0.16492977237700238,0.011005594895324116,-0.11927414732133591,-0.2817630821108785,-0.31940565373816554,-0.38380655390414786,-0.3726120355551205,0.7631232519219601,0.7724827110107588,0.7718709790680734,0.760512828529893,0.7531620387501664,0.7374062209338188,0.7293589419510759,8.064706591052357,6.953333451554704,8.220470408482491,8.62310187833206,9.123693572102178,9.015595807014805,8.978594835393338,24.39869595948342,26.873523056635598,24.548169038818656,24.968007009085092,21.166641646397032,19.22205087087421,19.963235197802128,-10.522245259297435,-10.471215567432822,-10.776384448858565,-10.445858348000245,-10.597301245808346,-10.359830239309915,-10.442709297032724,12.01801464572432,12.479692593961826,11.438674612356458,12.716200236334846,11.308085481818345,10.939674441582746,11.071484632243273,2.136800967909062,2.291948260636704,2.180866546066321,2.0392080913061514,1.9729636441608545,1.968628814954557,1.993384352968391,1,9.095924192977233,1.4410177001602804
sub-016,AD,68,F,834,0.6528779003239213,0.6497281677281418,0.6211080233119438,0.6359506981181938,0.7311938037740776,0.6279373291633368,0.6782197508926091,0.2007397381855988,0.222467674677427,0.22490684714506162,0.18145942098279172,0.14115765259538135,0.21637505981594576,0.1758790707982323,0.057138747244394134,0.0472020661490703,0.06019618025996668,0.06956848997265054,0.05007686672300058,0.07306431688024617,0.06363230238058129,0.04482812537877198,0.035794326035206776,0.04919113423511407,0.05652572221772666,0.04281149651321794,0.04953165941715877,0.04672375969903344,0.04441548886731408,0.04480776541015439,0.04459781504791457,0.05649566870863744,0.034760180394322625,0.03309163472331271,0.03554511622954399,0.5194772052067487,0.5985072584192609,0.5635133197525385,0.4217798376710855,0.4498579687102249,0.4766414369603841,0.44671847879392745,0.939097510904606,1.040513614447951,0.8958127090328203,0.8171639945050827,0.9732487014629062,0.8417085982721744,0.8970635817356741,0.6290812947515285,0.6089918579044105,0.6328652723832275,0.6610153643465804,0.6034384406727415,0.6683144991969696,0.6302729843190419,1.7038666711779107,1.9309458655085556,1.7082641734181754,1.6164805807766296,1.1939269736995073,1.8421749646804209,1.4207583974098945,19.908857788489957,19.587787755207554,20.533279777683376,23.61401761080093,17.037720804004763,16.99235575329406,17.532591065894007,-10.637314395352865,-10.417119771230533,-10.84798129188674,-10.675942709177459,-10.854392346263376,-10.689121680965266,-10.7661507081658,8.255892723407575,8.223799202374257,8.214006705299061,9.218562458704668,7.3708333423159935,7.833298675230146,7.6595500172575175,3.624731323903815,3.744285509225658,3.537115294492846,3.3465160425125915,3.8774562569353073,3.5150588826290243,3.7036996318951187,1,6.491639916582211,0.2932743913775617
sub-017,AD,61,F,776,0.64980820080109,0.7069610328393033,0.5703911672310497,0.6651273044999607,0.6082561014750593,0.6005887806137091,0.6186665029452413,0.21101186112390707,0.19699186757033213,0.23055599321703166,0.2069733474248959,0.2261317964848695,0.21616276477831112,0.2215707415264838,0.07689432077353119,0.0519093686451877,0.07861652848755889,0.06291596198664905,0.11004695184356805,0.13998611262040078,0.10971528508315423,0.03906610468118357,0.025753354380427054,0.08287121491207973,0.03379349145765142,0.03910350142206605,0.030442196723227784,0.033874601213353325,0.023219512620288266,0.018384376564749862,0.03756509615228045,0.031189894630843137,0.016461648774437176,0.012820145264351275,0.016172869231767525,0.46381397722992507,0.5616484173469142,0.4755336700022938,0.5352092693046976,0.3125773966106054,0.1878781844413448,0.31750711699103534,0.9109793003118498,1.0957191094088485,0.7196371243102394,0.9630953931689501,0.7543065402237942,0.682180186892653,0.7783699313265827,0.6387040494153435,0.5853236990471558,0.7068349474113728,0.6406352704143038,0.6724903591931368,0.6687970220453466,0.6611498201250281,1.8805383471495165,1.6794887733098507,2.373989579581915,1.5414284097523092,2.161346239535741,2.1010430431548257,1.9748896524446409,13.941142297883992,10.709695619870983,20.772434101150925,15.983301854518587,13.323604973322427,11.84625483960231,12.510681576094807,-10.162032722893976,-9.962218142604694,-10.384527920945049,-10.123605197248468,-10.41037402427782,-10.231984056045103,-10.295050689473953,7.222754053398767,6.363478261151799,9.026422576253545,7.70010526268087,7.105899191042447,6.745296416951254,6.9254271774389995,3.8215895799643924,4.4499574642053945,3.0594994158577555,3.8245253475015195,3.3961588817225583,3.3977117435693396,3.555303961466986,1,10.147017295581326,0.5398629697864905
sub-018,AD,73,F,817,0.3007867229444752,0.3233149924805591,0.20866971035554435,0.28983755227270275,0.3341037239345408,0.3320361383100244,0.3124683683826685,0.3142994925691212,0.2812536921959596,0.27120350948605104,0.38587219799365813,0.3237072108568706,0.33734678021909426,0.3572110493131224,0.1995213642198074,0.19177325121806854,0.22675402298422198,0.1849371303012191,0.20188905127386883,0.2114077088353561,0.2030024052396103,0.12920082545856965,0.13155055250843187,0.24006625852305732,0.08125900591950302,0.11005335636499554,0.07928347390581461,0.09084894057371984,0.05619159480802663,0.07210751159698095,0.05330649865112568,0.05809411351291686,0.030246657569724472,0.039925898729710696,0.03646923649087912,0.20452108629743934,0.16963756092394036,0.08718231738840959,0.352939046894287,0.20510813939368364,0.20490507763016852,0.2509666866147147,0.28437463232285976,0.2791923979032115,0.012266653862556903,0.4272031681254186,0.3255950837178607,0.3631866717844636,0.3641102495625766,0.816399400537226,0.8294033235662284,0.8679295204885213,0.7874259519178907,0.7951033329488615,0.7834814886299913,0.7858059710417094,6.21953063685189,5.916105050507057,7.921702039082937,6.144661964602944,5.711771344414909,5.6396393688656055,5.818119653789525,24.989218712509143,27.39539182216728,24.94316200776485,25.39760755620171,20.9502525095574,21.87836950286459,21.641111722416166,-10.113253599840414,-10.09233888737384,-10.189883971536686,-10.044596093144412,-10.168136025526591,-10.126500910791739,-10.11977142627465,11.603736436685976,12.371438329853955,12.861045046214995,11.298768349643025,9.88314708352605,10.221637100130325,10.144472014645014,2.2740854913235484,2.2275055905256687,1.846868005869695,2.529455615347519,2.2786144843551557,2.5604076347015603,2.4374153421022755,1,8.035216205068712,0.6572093282723994
sub-019,AD,62,F,877,0.42980616309792946,0.49309067759825986,0.37594577743012186,0.34831943149967315,0.45105571412875833,0.42020007749875377,0.4356787256001398,0.05753518706626326,0.05433646623284704,0.058321795664276144,0.054929771920788156,0.060741471797480594,0.06795220028032489,0.06435189452843634,0.18570943384605806,0.12184632071170602,0.15300648050663512,0.17925122042525005,0.26542609769856723,0.3516261908882766,0.27995841127295007,0.14984577475462202,0.13366622042378878,0.16934288530159614,0.20024792327725888,0.13077511339588385,0.10503024408491066,0.13101798483634017,0.1771034412351272,0.19706031503339833,0.24338306109737026,0.21725165287702985,0.09200160297930986,0.05519128724773424,0.08899298376213356,-0.4868812652828983,-0.36402565184835456,-0.42035193713415925,-0.5240366884604077,-0.6396959297140145,-0.7131370615252165,-0.6330120687018733,0.14816149859106434,0.3088830527049364,0.11089767745060407,-0.017713623166703468,0.11115827012155856,0.0287868771229966,0.0859970670961405,0.7893572196741525,0.7597403139779697,0.8531555611812264,0.8487529354140247,0.7559872097663304,0.7285824607321698,0.7591502257347001,7.481327613390282,7.318456709068977,9.247040142126759,9.995285533238748,3.910179167402093,5.731613814695485,4.854082249099103,33.68209649445156,34.193975703683876,37.45938738649983,37.19091313721396,29.938155757599926,24.822860743818694,29.524559666860345,-10.639616446097557,-10.496186496609328,-10.907824795113967,-10.592617998678076,-10.852281894820658,-10.514307467536083,-10.712224336366985,16.053984994147413,16.182493471338685,18.727386168898075,18.445426333086253,13.059048712139672,11.303625306985897,13.012513861349527,2.10821872055514,2.2738742827226663,1.842392687081509,1.8540641829885158,2.2067314547125347,2.287703277076398,2.1977460981376384,1,10.261997689672766,0.9483149825015325
sub-020,AD,71,M,832,0.6130870865020387,0.6968658368054703,0.5766627377696546,0.49077558853148673,0.6732017302422268,0.5289490138694255,0.5724374561962531,0.14532649987809867,0.10836546169397579,0.1455693360954726,0.1900965188026873,0.1495293792512223,0.17848152228760553,0.17071166423654935,0.09663812630470457,0.06814136962714476,0.0844688473993596,0.12688912160230534,0.08822506799979524,0.16674828989634394,0.1326075377425506,0.06846825212128221,0.0562344708229306,0.08217540384512517,0.08985536430012711,0.04853372168825354,0.07785333037160161,0.07100597192534261,0.0764800351938759,0.07039286105047879,0.1111236748903884,0.10238340676339322,0.040510100818501905,0.04796784357502342,0.05323736989930424,0.19910109554905617,0.21782663705543454,0.24190245952799896,0.1965446709896167,0.2290821661118586,0.02950089758299263,0.12875490206111137,0.6852651481382023,0.8289516663361323,0.6377213055670122,0.5091779563553791,0.7816313916906402,0.46130311653922096,0.5820641204696338,0.638771811166346,0.5816439022682742,0.6510189144276165,0.7454254323455012,0.5722516093237016,0.7068218978233478,0.6621903895424868,1.421383225186658,0.8639756194773273,0.9942183394931218,2.7406464547578246,0.8133498265894209,2.286580812463142,1.9123424853944602,26.346674752504185,25.714423151021105,30.45853418982506,32.98651641065172,17.779480388478543,21.962874431457056,22.431410147300475,-10.51720882402463,-10.296953875006396,-10.774123356803527,-10.530834989808975,-10.73902990291925,-10.542745396509481,-10.648465181006392,10.590224395485745,9.978949368554447,12.061146268996708,12.831372073487984,8.075292089768405,9.813407282050367,9.64729114695984,3.0662103273067545,3.2823074235908676,2.6897620939538776,2.5387925905981934,3.72440431630382,2.9420873302632007,3.1850223137186395,1,11.67115228846202,0.4472210003635091
sub-021,AD,79,M,881,0.36372015357309445,0.4466475662520661,0.309645075813937,0.3045637657505872,0.35588782999326596,0.2846480868501873,0.2960273408718724,0.12424363993725968,0.12535108127077818,0.1274050729669211,0.12444284444854758,0.1253306703422671,0.11359649109536568,0.12018078284502774,0.15129254205990375,0.11460106730171218,0.15495002866315502,0.20409420569573672,0.17036580281265504,0.14001325540790427,0.17416108477582423,0.14963966742883325,0.12393030764207778,0.17941894361943614,0.14889337749828518,0.17640943141032528,0.15629144628543112,0.17046556500690196,0.21110399700090898,0.18946997753336575,0.22858087893655088,0.21800580660684338,0.17200626544148698,0.30545072036111154,0.23916522650037383,-0.07978929767743131,0.027668761899303413,-0.0900656134848069,-0.21364036540115386,-0.1332763491471006,-0.0925453198329905,-0.15638595833970775,0.2133404614814849,0.38845735790293695,0.11544069148479251,0.07625494743996879,0.1415321193139262,0.1291645203358116,0.07908526189818384,0.8513858312440273,0.7989889329913993,0.8960419284286445,0.8781121788191164,0.8585921644022522,0.903528634463785,0.8891855324131527,6.922115753722833,5.017583664617943,8.534491771235468,8.195896811462582,6.454801138965045,9.322823845978194,8.315861855709002,37.01662876851002,36.099696227484706,37.00040720309597,38.10731243385938,35.459020978331864,40.40526936478814,38.127058332961425,-10.52335336654745,-10.313017428519316,-10.821446209059374,-10.478537627076172,-10.816521043765496,-10.462269848993522,-10.627253188755413,17.182494857200112,16.0902207778642,17.99366293543129,17.796336952687387,15.89849286014639,20.487020822135086,18.31816735483461,1.9284672933232476,2.1175237587501385,1.7452652811437706,1.8550372095573084,1.9488803395454604,1.6578132807969046,1.7878085079798243,1,8.70068130708104,0.4301021217053993
sub-022,AD,68,F,705,0.5865784070257404,0.5891167463795688,0.468793806464405,0.6442405002702333,0.5954527431917921,0.6257354293912811,0.6027975722680365,0.16822128023488445,0.13423271422748156,0.21018186194344332,0.1588970346799764,0.2126654406509397,0.17622263918368947,0.19272657773677312,0.1008926539519771,0.07106075122017505,0.13223098536686656,0.11238099729107534,0.10282217751955545,0.13242584436138596,0.12708329201123134,0.07353876265099585,0.08866167640967822,0.11146675381120097,0.04620197466151886,0.05703935675418869,0.04313926257946468,0.04948241921494927,0.07076889613640218,0.11692811176309632,0.07732659241408417,0.03827949309719648,0.032020281883523884,0.022476824484178752,0.02791013876900969,0.24742319530191076,0.29502841491830695,0.20851777077302988,0.1991944470225247,0.3157712209981928,0.13309852145219453,0.1966908209142719,0.651912836127853,0.6682348820244112,0.44827866517977605,0.7305683160998175,0.7048910781465448,0.6634586089400478,0.6624770118815971,0.6843507810315732,0.7116590112330253,0.7730800334288722,0.6172040814476493,0.6688927529720008,0.6131585379877484,0.6432271945942784,1.928199632031075,1.9239165122590252,3.556635258235673,1.306675468603085,1.6697047981063708,1.131327689669393,1.5159203377253676,24.55681624985547,31.526123902629312,28.75364420332218,19.03947563537084,18.462277218921646,14.045487310316936,16.434958993427422,-10.172248622806515,-10.207489146511984,-10.215146662128832,-10.003391183077824,-10.327880535484264,-10.08882674129467,-10.165866789336762,10.427427188516898,12.942550237441173,11.84652633200146,8.371793178852352,8.171806732048658,6.990546506086554,7.707910257609425,3.0038795442423534,2.6644454970929994,2.433910967741106,3.4865267370618644,3.3083888816929288,3.624793182202078,3.432923122593444,1,9.010465597433567,0.6605904228191068
sub-023,AD,60,M,741,0.2978317547778199,0.3641859773470323,0.21570264030411443,0.20465634865528198,0.2564894895117836,0.4371498576402649,0.28958218547110876,0.23746614537232089,0.22942584337049737,0.27312889081850394,0.21011548180266584,0.29141406599428854,0.18589253041578743,0.2452294638221652,0.22340449512938906,0.15955914831475523,0.22984155442686185,0.2685170126344094,0.2748003501967056,0.2698888024233825,0.3064521092762308,0.13449170220855985,0.12953348602476306,0.18693414889396334,0.13842400276123848,0.12861495171137408,0.07413231346416474,0.10829156055819132,0.10680590251191047,0.11729554494295213,0.09439276555655647,0.1782871541464045,0.048681142585848595,0.03293649605640025,0.05044468087230426,0.032373455296112554,0.1361152503783192,0.05808641851749985,-0.06107789121284795,0.018699653195998037,-0.16187887615559882,-0.100752666627319,0.18113456551323728,0.32238807723110136,0.06622332933659301,0.017877087873547304,0.13291811499494088,0.25795375982250357,0.11044343074259252,0.8252429965065116,0.8132424329518516,0.8611150819135696,0.882536590847318,0.8155013410309867,0.7134621353689083,0.7892887948479609,6.639591515176117,5.1673570684072745,7.73847311297699,9.564597537586442,6.9047642391601896,3.89631855136899,6.432294806463533,30.254949428615802,33.033165600819906,31.323376644091535,35.41990155116719,23.766974161671026,18.330610658002257,23.924383112711748,-10.44538778490299,-10.371674626728916,-10.698195619029649,-10.388868269408462,-10.582024588025954,-10.232255913626876,-10.431618630000084,13.829825147008028,14.197378988955032,14.032411247194888,17.05221734822883,11.503007158007925,9.28495013097178,11.298425676486952,2.2310009093624155,2.284750870593668,2.0695049941685233,1.9273825789874715,2.3003067400324513,2.7883978325887,2.409505898513701,1,9.29419948414658,0.8923545358590435
sub-024,AD,69,F,743,0.45224104766189954,0.49664775543767054,0.3776914514852778,0.40230968184111804,0.47379335751533724,0.4761762315730405,0.4364013838410249,0.35093119553465746,0.3324905989537533,0.3751590161928691,0.39086115550421097,0.346195535300738,0.3063751229922764,0.3567113436063914,0.11914566519716342,0.10356203605751656,0.13782941331116674,0.12616792965393847,0.12199654951277945,0.12734188962794823,0.12928239565896102,0.056378801112862253,0.046655800711601615,0.08934283445410536,0.05654351548441904,0.04609331122655271,0.05606205859176042,0.05430187764068837,0.02130329049341757,0.02064380883945824,0.01997728455658161,0.024117717516313412,0.011921246444592692,0.03404469721497479,0.0233029992529345,0.47184974406387414,0.5078212244001951,0.43238127410838506,0.49403258504864705,0.4572440932630973,0.38269506205160336,0.44103917481306637,0.6726550684751149,0.7561895991405007,0.5225332008673482,0.6420828724896583,0.69594969599405,0.631669463250425,0.6411752190003871,0.726945304139939,0.7032285215670975,0.765201988682486,0.739592023617875,0.7148997154372112,0.7453439604292832,0.7370906174635927,3.9841641415574744,3.3093449722196957,4.919120579184039,4.680510664948525,3.8534618174995185,3.746957017104686,4.263821087692228,15.696731434993891,14.909815210806027,17.375305799040657,16.215435307595037,13.306796586249249,18.48057120149594,16.120675896766038,-10.247304706577433,-10.10303994684414,-10.517451805094739,-10.213481123169167,-10.329235711626923,-10.291761377110301,-10.304875189434513,8.12093544046784,7.690635063100163,8.742308813716619,8.585327372587704,7.194855781301718,9.155262325890988,8.35911062753773,2.951035669693642,3.190917204004738,2.5267808482342833,2.8829505371895188,2.854062243204945,3.029462936535137,2.8697162762464843,1,7.351458353900264,0.6727062806803357
sub-025,AD,79,F,629,0.20930519188458654,0.27360643497220155,0.17055904885098627,0.20300717381892058,0.16102366661465148,0.12738837966456928,0.14531726317431298,0.05674381664075171,0.046507061870689106,0.08762328537051474,0.06265676371633166,0.05119908656783386,0.04274445619954307,0.055465653336014886,0.5090374296362379,0.45420844921583875,0.4804816120962414,0.3903980112160782,0.6499026579858166,0.7697535817335808,0.6802468832452219,0.10418041308392573,0.08974802878451335,0.14538993569790407,0.13368487631702536,0.09730421879373989,0.04418483917998114,0.07843544036056382,0.120733148754498,0.13593002515675723,0.11594611798435318,0.2102531749316443,0.04057037003795801,0.015928743222325382,0.040534759883886474,-0.9281963536931161,-0.9755972514866921,-0.7380822921598759,-0.6923999811460564,-1.1039066542971065,-1.2554915979035965,-1.0975631117688527,-0.359456130963407,-0.22517657413471825,-0.3830965456892725,-0.27541818954320535,-0.5471598177667949,-0.6804943104103414,-0.5793110317437932,0.7082792527883806,0.7025258873485606,0.7850553205335259,0.7842547530233166,0.6548273729662114,0.541478749473414,0.6285856563422555,9.586573259238712,9.367439180377257,8.975359373373106,11.264418173116598,8.960659665058909,8.853543927566133,8.903839930831465,28.302641002775047,29.442242996133892,32.50483579810378,34.45611952167891,22.10930742795713,14.993785157445174,21.474402998810636,-10.293246754943489,-10.161908927730789,-10.77370796634014,-10.204300570303081,-10.512463078882162,-9.88130521646578,-10.216928772730949,14.368788266153816,14.387599809607932,15.268200759717203,17.89889464496548,11.679017231936461,9.92827291742202,11.545992813515754,2.0005638348144483,2.1320510729662376,1.9416559401513416,1.8268436267080874,2.0439283729214743,1.9111139523300253,2.0211115872746217,1,9.294491355288836,1.9460623684777012
sub-026,AD,61,F,613,0.4275057564514168,0.4580745889970443,0.24947746357701903,0.39921668705290847,0.5147449298120043,0.5132766606094527,0.4832867148656032,0.21953687970244504,0.2034623199107883,0.18471572301728142,0.2390203640835699,0.27037641027909526,0.21280330937376407,0.25967575283630717,0.08801145874299729,0.06445440833933307,0.11813098719810904,0.09523010900141868,0.10265747910653401,0.08887551141100641,0.0983727930793231,0.09830364279147881,0.09399326488372342,0.15950388944166102,0.10056078095031507,0.05748030931332057,0.07831031939291425,0.07107122527881353,0.1666422623116621,0.18001541786911104,0.2881719367659294,0.16597205891178804,0.05474087148904583,0.10673419921286262,0.08759351393995309,0.39733312875145693,0.49009485909819656,0.18430538785826198,0.3874864745641904,0.41700055488190974,0.3824008530565147,0.41710458637712317,0.541739220053,0.6256250558631068,0.17145488353078672,0.5102287255649749,0.6913051942604141,0.6422373271658753,0.6439248238270888,0.8093195690988523,0.7985879902446538,0.914046595852272,0.8363060540431764,0.7393703240451778,0.7407404526502803,0.7623277272611365,5.474201710054655,4.376763751576536,12.989644383714214,4.912891683410728,3.1195008593750386,2.6967418835460037,3.385421549673514,34.32545220499855,35.644869685847375,36.65615407308995,37.5058447320064,25.1837328653364,33.56323217536808,30.571742988267538,-10.245589681136858,-10.035934909954596,-10.471712464527155,-10.341919889173356,-10.498207200575889,-10.0686105099578,-10.334274938625212,15.397538776803785,16.035762405924135,20.09193321603018,15.934411786843517,10.356387433973548,12.610145410208833,12.074048374113277,2.3343881559316046,2.2921809825482646,1.7883723553735151,2.1715483525836863,2.9938599444476846,2.637608887532155,2.7064444498896867,0,,0.2753483251236162
sub-027,AD,67,F,695,0.5685179717787573,0.5919997808009837,0.5109368354938767,0.5078093563985129,0.6321161667357929,0.5987232829532201,0.5963413357403962,0.28505062505066553,0.305479913285979,0.259659114020425,0.24500090837770847,0.29761413735712733,0.31288954765865035,0.30241478590487275,0.03705697102018407,0.028598003499697624,0.04247234342596387,0.0425939821902213,0.03275004576544761,0.053926664275247164,0.04238487641991246,0.045852306507748415,0.031627034340326036,0.08627019136631442,0.07000494540908926,0.021226345313489974,0.023647595794583663,0.028626394498481998,0.06352212564264474,0.04229526807301376,0.10066151569341945,0.13459080762446807,0.01629330482814211,0.010812909318298519,0.030232607436336583,0.8883911732831995,1.0153664805690927,0.7803628005607983,0.7482459180074923,0.9674744089538577,0.7676858139116025,0.8675643590942288,1.0512951239983241,1.2018318264635848,0.777259545063033,0.8356869364863193,1.2461352339170342,1.0744262439187917,1.1203415028529078,0.693500155036731,0.658787449407771,0.7651822112237121,0.7641430626249278,0.6397780561632176,0.6467688735914967,0.6631032595808983,3.0873141662651493,2.858672984634461,3.5510294638943845,3.6009687365889826,2.66695021949465,2.795222135036788,2.873987586126131,21.329254847775267,19.650950520590122,30.67690519336738,31.315242350668328,9.834295950433075,10.452307814762253,14.412106486829853,-9.844988221765057,-9.654715458953595,-10.051887815370065,-9.924859577054942,-9.966872652256194,-9.858024144881187,-9.94093650599819,9.607477242324672,8.47105713555302,12.476539633812912,13.75316424504531,6.307825224408222,5.939458050226483,7.470613992204345,3.3508735146525717,3.60317778241354,2.537358852883797,2.637219791356169,4.1314348116566455,3.944546071229042,3.7898052485401528,0,,0.14409518719242698
sub-028,AD,49,M,790,0.4164675242705212,0.47731492830735905,0.343008025610163,0.38344274969061715,0.406285450380145,0.39501351812749785,0.38246273521895385,0.3781770920631408,0.3426414516183848,0.42025582441820736,0.4063456359021127,0.40004361420717993,0.35029686419318484,0.3949809875455442,0.11341173590729729,0.09345243403666569,0.12971477338549034,0.12083356790041971,0.11992784166190029,0.134196913619069,0.12738397713742966,0.06402912799034848,0.05638050367454022,0.08589433375008647,0.061782691564612316,0.056876192050140294,0.07322378121785483,0.06533094688269633,0.027914519768692185,0.03021068236305015,0.021127042836052934,0.027595354942237877,0.016866901700634318,0.04726892284239363,0.029841353215375812,0.5271814113554091,0.564357838826079,0.5081651626091076,0.5290501995033736,0.5283255926228274,0.4201344401304584,0.4942492865836468,0.6616971336113326,0.7465704006017887,0.5550697401078398,0.6410300611550805,0.6666541755095688,0.5584803714651254,0.6115418203054467,0.7375173937789414,0.7153522168479222,0.7603728208616326,0.7445951436632785,0.7312240913093913,0.7760968263491224,0.7532172715965301,4.314271764789283,3.562088618865679,4.994262814890619,4.74431764343065,4.542931199421333,4.72384529113909,4.797006270668995,17.742337064031585,17.669732014165067,17.204795572694348,17.43710795613903,15.103879927184721,23.37091089662568,18.56930282344323,-10.43080176148176,-10.282525030575453,-10.651019815839845,-10.411588797814503,-10.512008927130198,-10.536058416978552,-10.510737553284622,8.721468518306416,8.49148870379256,8.770509988114865,8.89071133215295,7.854760039215928,10.4144127553349,9.040490079856465,2.8985182188312653,3.1313224705282896,2.5879471346825986,2.877248020260181,2.787521334564598,2.758595687656852,2.766103309917733,1,6.932512192482459,0.6394021465434356
sub-029,AD,53,F,651,0.5871317370976271,0.7072990218485257,0.4565382380150292,0.5277284302583503,0.5406726382620992,0.5509317510252234,0.5339113758689202,0.27346210559349216,0.18693584216971093,0.32131628483036717,0.34649359890425513,0.3297289271719641,0.27405953973218,0.32608258493852915,0.065307926212383,0.04207260985479,0.09788085469800013,0.057591262555460224,0.07813801585786208,0.09396033358115968,0.07920307743699335,0.044122223939858915,0.03323794242913203,0.08567886565072236,0.03626957146573602,0.03512627644533223,0.049081472851143726,0.03836075719176595,0.029976007156638958,0.03045458369784128,0.03858575680588101,0.03191713681619895,0.016334142262742542,0.031966902810292415,0.022442204563791316,0.6359904613730892,0.6461534243299153,0.5326966186206183,0.7847104353389531,0.6313539080965013,0.46487573713605895,0.6187347246633577,0.9447639062921839,1.1326623712509547,0.64682816621482,0.9709749845807601,0.891814541481923,0.761024779690771,0.8719338105328757,0.6327008426728631,0.537213803764203,0.7382951479139063,0.6613680650853703,0.6710615643178196,0.6936384936991599,0.6783169504727036,2.2792526401883366,1.2512471328290904,3.7778206453564187,2.526335924038561,2.680098728684209,2.5339842077493158,2.782912323391634,15.787306028948501,14.037917698836923,21.04318891967956,16.36382622288508,12.444347027448947,17.887738962618624,14.178493280766618,-10.079501491550593,-9.798801719415497,-10.435898806417136,-10.127470790951984,-10.273875499494473,-10.139855111005026,-10.210327976228616,7.707219476905937,6.949012055296641,9.25667445911001,8.110390376297575,6.918741072610271,8.413138786892596,7.484881083014678,3.7948743544881163,4.658533058087608,2.8444851160119264,3.502815024950997,3.4502146902619812,3.2987609050176188,3.4264371097063075,0,,0.6005779138212901
sub-030,AD,56,F,385,0.6916534836560894,0.6825789690384187,0.6777438215999115,0.7414992691777895,0.7069249350721772,0.6216800297346713,0.6884887224566864,0.17723776071602243,0.18924369895217086,0.21937999012493273,0.15355988950547889,0.1747886344377032,0.12303306461470347,0.15371653342495972,0.05100708091468679,0.03921157857762698,0.061787649557422525,0.05313642686794107,0.0621797618103469,0.05510277288029379,0.059280764187839355,0.0348060385469715,0.039925473511967305,0.02594246361860193,0.023801294034677456,0.027814806926247205,0.0626797150177151,0.03763069380313675,0.04529563616622995,0.0490402799198162,0.015146075099131214,0.02800312041411305,0.02829186175352551,0.1375044177526166,0.06088328612737783,0.5416033199810822,0.6862540666516459,0.5460127248152543,0.46410769204137126,0.4429350196815343,0.33170530571159507,0.40168176051439813,1.0150493531405875,1.0503364266014954,1.0125811988286475,1.076867533707505,0.9939375864020299,0.8032781164693218,0.9453076281823513,0.6418200324127642,0.6566016281946668,0.6313262678742234,0.6020226214108373,0.6270811858885333,0.707528185774116,0.6468274459126021,1.7076113968322209,1.8693492451603155,1.7909469369984599,1.484419612854912,1.6093255519070941,1.6103379527768358,1.5773537795287509,18.82548134703679,21.471761563279358,10.986945632224348,14.878579321344372,15.067798991581919,34.851631746973595,21.223046369700146,-9.667857666440042,-9.564876719332798,-9.80017146643329,-9.571376530004912,-9.908571676790741,-9.661711538669719,-9.770231343740914,8.483165635376128,9.142791249684045,6.3661476771867385,7.171427420179862,7.421313317082597,13.566257830415331,9.24730553559964,3.6873691428055015,3.5396423377740076,3.956471280302749,4.145716692224241,3.902821986101301,2.5608853903886826,3.5428044918360846,1,7.512838065866273,0.4181797523916533
sub-031,AD,67,F,1064,0.2978660582709973,0.3885447471492567,0.23634483455543334,0.24712786390775532,0.23868914990321763,0.26301423404858937,0.22959949593401002,0.160403872947094,0.15570105417382238,0.15777740429998835,0.18374117963215347,0.16575096757290866,0.12610818631536194,0.15072441768017844,0.39634656483207265,0.3206630114147682,0.391059669392756,0.4218955050898413,0.46350591744366715,0.5173324355186846,0.508311239543057,0.09083818527619933,0.08057061183043614,0.1207855635545605,0.0867512332902699,0.10036965705795786,0.0757303212180497,0.08395407831242327,0.054545318673636725,0.05452057543171656,0.094032528197262,0.06048421807998001,0.031684308022248996,0.017814822899314353,0.02741076853033134,-0.37818562022845004,-0.3027338298949637,-0.3827249244057242,-0.3344108474691843,-0.44639852945021524,-0.6206881118156249,-0.5311627743247301,-0.022779818389509942,0.13884283771664954,-0.11039938665257266,-0.06759512793506653,-0.14498016541587086,-0.18409862273581945,-0.19380523281634948,0.7588952509534532,0.7406971214720379,0.8172282891343854,0.7600588644838376,0.7869452681664356,0.6906868939867656,0.7326677287173505,7.085790516932038,5.29862748755261,8.357685976824488,7.67390322146565,8.454831618740448,8.203230868141512,8.346479294298714,24.224752238846474,24.759053300030434,30.986630738468364,25.055249400750824,20.662928265040488,15.893622412170082,18.683302182660377,-10.592277151656077,-10.56879648120214,-10.819833569187553,-10.563454297612607,-10.696707758487205,-10.234124669787883,-10.473022804376106,11.444735847087435,11.000564593827177,13.818795885953877,11.895835692334717,10.919148160221374,9.324427015003193,10.307898524909978,2.268646043455856,2.5327240822790578,2.025083194340135,2.236026770454409,2.018714289129434,2.149853358740754,2.1168937123236704,1,8.888237193278073,1.4725430952198941
sub-032,AD,59,F,816,0.34594604762348674,0.4525812751057763,0.25135585029763635,0.295844124627792,0.2931939659229989,0.2939400159663702,0.2879110044053306,0.31410364234788224,0.2884476485564012,0.3297291975331716,0.3536724135206564,0.30034623355286055,0.3219598586871165,0.32142412866682424,0.1849112033751357,0.12951683140132222,0.19991438647295431,0.20744417848337765,0.2290215576771886,0.24505524896719205,0.23220505450181725,0.11793970974779593,0.08710094752213489,0.1796753657305414,0.10696101853526138,0.14540903920430137,0.11402528180380239,0.12799182272319568,0.03709939690569941,0.04235329741436553,0.039325199965696535,0.036078264832912835,0.03202920364265048,0.025019594575518837,0.030467989702832193,0.24039354827270923,0.3382789295153613,0.2172279383899075,0.2359272202385034,0.11926938470918924,0.12316203016132113,0.144064202600588,0.35435275405957417,0.5464404722165239,0.18677952591808042,0.31747173620487595,0.20123758698060967,0.236840369050334,0.2303754507790279,0.7830743415479056,0.7323867520733993,0.832499606766922,0.7988347115507319,0.8184885241363693,0.8017009929918024,0.8101787497060086,5.391523317354452,3.6528902522105087,6.7002490610635315,6.159556294103596,6.461715528488102,6.372296159595878,6.41869169180381,20.967278065421898,20.728643108155307,23.054767950252824,20.95561359794263,21.424549164320933,18.008687875218563,20.212442957672693,-10.326042172919937,-10.150836426977273,-10.552054172315982,-10.358726761007178,-10.50879213291625,-10.26075016845622,-10.381565730284777,10.165152691925538,9.570955786528781,11.194519589410902,10.296674267019231,10.550881005191442,9.859155894499894,10.297269403470382,2.413774961905677,2.747538435051822,2.0243831759087327,2.4015242357351227,2.149973158673499,2.2498946420789645,2.2221227524791916,1,7.041421325169623,0.6195068987823955
sub-033,AD,72,F,686,0.27279346690084694,0.33036378170689423,0.22395081625701171,0.19651097547217872,0.25652578313071484,0.32152784955796926,0.25649264143184636,0.11762744697518898,0.11891837473261734,0.1297420694478781,0.12081715106203676,0.09631397607293729,0.1205280642948382,0.10869948011129706,0.2291283522174651,0.15097867824595873,0.2170825603524198,0.3561474411156236,0.24942184277791038,0.23624248527832048,0.27261527556990367,0.20225070010719037,0.1782285367135686,0.2771140258945482,0.18230889339401865,0.2306893161194693,0.17125897271175478,0.2032595937167996,0.17820003379930852,0.22151062860096085,0.15211052804814232,0.1442155389561424,0.16704908189896817,0.15044262815711748,0.1589330091701535,-0.27605013355621233,-0.12231868573231394,-0.23852821444282557,-0.46862195184222133,-0.4060795988843706,-0.2902052450456811,-0.3917820420641879,-0.042524778861187634,0.1276309567709283,-0.14687749678119374,-0.230385323380682,-0.13765495690115206,0.03687557940535115,-0.11804601232482428,0.8805484094704926,0.8587140255943639,0.9197605000904893,0.890424738984727,0.8912164530332524,0.86239589273434,0.8853123671104078,9.324409661721052,8.345278344564202,10.577688060248859,9.99042878126929,10.037819347377345,8.469298906397395,9.678613444483062,33.71358375194145,33.05286721966653,33.64164352593662,35.14260506149129,33.51203581424767,33.578281241351846,33.96019978631926,-10.39437185655349,-10.27894780925475,-10.59000686824894,-10.323049653379462,-10.550587486209025,-10.413224466420669,-10.46860457552925,16.47527782940815,16.822956821099318,16.691286264635423,16.282267525263272,16.422208364021785,15.400013512017416,16.180001111917495,1.7806085050500773,1.781301495181405,1.6845746565417608,1.822810376851968,1.7361626260606062,1.9044988872333333,1.7949096299891905,1,11.405582148043857,0.5839545327996127
sub-034,AD,75,F,891,0.5020162707107417,0.5898766804706587,0.4006272402093935,0.41280061195827433,0.5226382938112248,0.4940866651572652,0.47824182044487024,0.22977379000498468,0.20701101272908698,0.22713760626024357,0.2998006104060249,0.19605523819165746,0.2239219730056487,0.23061493740260744,0.09962859226700525,0.07284071009949152,0.11110159920101999,0.11627605680814562,0.09992321890325351,0.1424398004156281,0.12438456741851132,0.11551478384764739,0.08059174137122313,0.18039153941640254,0.11110268824433811,0.14052790501512102,0.11173480861740773,0.12999059396815543,0.05306656316962083,0.04967985532953946,0.0807420149129402,0.06002003258321722,0.040855344078743146,0.027816752804050292,0.03676808076585562,0.38455049713728345,0.4861949039102883,0.30241886776482957,0.42686778757419364,0.2984483072149274,0.19651122150016026,0.2715360930332627,0.5718388421077465,0.7822181545734147,0.3372226659385307,0.505967009112419,0.48394443992341546,0.4510207819988826,0.4493241024489897,0.7378178868013494,0.6819905285718599,0.8079263223926306,0.7799041881499287,0.7385281397971375,0.7428130050268005,0.7529203140715863,3.4207604630520216,2.48622862087134,4.820326142174783,4.734897222097917,2.6216512650877193,3.1626636708549314,3.4839366663961013,23.64875362763411,21.91785554855772,28.20795588466422,25.476373490276202,23.022543297056245,20.152169289438916,22.049580556429696,-10.566072611582072,-10.403899047280039,-10.80024140220793,-10.58217213329272,-10.718890048413138,-10.521001702032493,-10.628871229983647,10.383960381128306,9.500646970209257,12.634931733657822,11.201461267664413,9.94465440012297,9.123057488986479,9.857540654502214,2.757335134341917,3.281290059920019,2.2218678304418904,2.478345225960347,2.5311558377829986,2.6239426122701177,2.520712060949362,1,6.76414492323689,0.33715093491629133
sub-035,AD,57,F,723,0.6009609721628164,0.6538183276111281,0.5880172208840232,0.49834882493936855,0.5937935667959403,0.6513512575091257,0.5905879402671468,0.16128470869156425,0.1512067172468321,0.18890340397103347,0.17253465710277283,0.17382577181049227,0.11381814432811363,0.150435773710142,0.08167298557909015,0.08143625875574345,0.09927167645034939,0.07596301047983967,0.08514758933149473,0.062311537723809,0.07617805738082217,0.07179935776326321,0.05738655188991406,0.0662948122599852,0.10568735580484899,0.0679773665495265,0.06845798731233566,0.07918309214085147,0.08428197580326592,0.056152144496382186,0.05751288643460872,0.1474661516731699,0.07925570551254625,0.10406107312661642,0.10361513650103757,0.298471488362691,0.2701362917611101,0.3025938656784464,0.35352090798716496,0.31212801241171956,0.26087748517210024,0.2930785949036125,0.7053752631937822,0.7770951185623202,0.6784960757244324,0.569808599404734,0.7029143257701773,0.7694992843214279,0.6836812062983163,0.698200941515382,0.6562219624302539,0.7000955565755628,0.7789923234110019,0.7035408481114604,0.6726928220377026,0.7127134664306034,1.9240904755655617,1.4456591099268121,1.9142039534102162,3.1583607310373574,1.825649045846187,1.2925516721696733,1.858958676224082,27.800086796043615,22.5140311550584,25.32607869326708,36.64150536166495,27.64268660467668,32.565556849464414,31.314189436647673,-10.495702186401687,-10.308875963350328,-10.629861140542317,-10.394191312910458,-10.845967152294314,-10.625979834014007,-10.715514542905145,11.346709023466712,9.559542996326917,10.14924418514265,15.063330134402024,11.132763110137619,12.285664024065097,12.43555819604018,2.8674573408586945,3.2226766377226466,2.9251952332983486,2.2343580112977817,2.904034974436866,2.748915171929948,2.6882946369428717,1,7.026119463390351,0.433784796887144
sub-036,AD,58,F,804,0.21222115185763576,0.28778966620599583,0.14994383351698098,0.1820717309405249,0.1577382553189207,0.1831705157916522,0.1572932359041612,0.13215934136827687,0.13369134446763853,0.12444055424198286,0.14745000591548196,0.11692611958602345,0.13064401478892212,0.12844564611696074,0.3759892827671414,0.30640011590669886,0.4053533573195845,0.4219991754758989,0.42518329045570386,0.4096944579996672,0.42378237256958073,0.22733321406107923,0.21118747442865,0.27206697179957157,0.19084735847228718,0.26562766649947794,0.2322726986868297,0.24136799240208426,0.052297009945866814,0.06093139899101728,0.04819528312188018,0.05763172919580706,0.034524668139874155,0.04421831273292865,0.04911075300721301,-0.4504883601713669,-0.36130632086502995,-0.5079122527633305,-0.45667747198738506,-0.5604902698339248,-0.49910857072972714,-0.5206688983067524,-0.2531851296606218,-0.09543962520103501,-0.3979254625894524,-0.27488824076140445,-0.40678051273123694,-0.3143845990684412,-0.3712134076305711,0.8339363444293811,0.827722658454635,0.8417679541626875,0.8407157058868768,0.8297976435171776,0.836586159194347,0.8390231617075173,9.258112322408543,7.912282475962256,10.532007199985086,9.223627146931989,10.653312461140425,10.033844611461014,10.204381777660567,24.411597695332006,25.581068750879098,23.566547510871953,25.403775581684418,21.898680939333918,23.371043638899625,24.24684943724586,-10.109936946843462,-10.136594171896762,-10.116103752029124,-10.05169993617298,-10.105879281485183,-10.129946970756803,-10.108736502555319,12.659095460071262,12.40402351051867,13.026672508988106,12.881725983946339,12.610927245027488,12.627472984945562,13.029964682285373,1.8222936345844665,2.0051241560014965,1.579634683214268,1.8771479577795194,1.6049153304927746,1.762734046427589,1.7048308822072917,1,11.830571235794565,0.9377140482656152
sub-037,CN,57,M,730,0.4156815613964915,0.5741227169020781,0.34304973621589646,0.33550246131493416,0.3080337698586873,0.29191514236765204,0.28498002354905355,0.15529514557844692,0.11799012542025843,0.16387618882127186,0.1997158298013742,0.1759550636769743,0.15315990567422394,0.18412023566551664,0.28554407950163735,0.14717306203794564,0.32241953186584366,0.3262803855391913,0.3905512894278727,0.4755460351137876,0.4227713054441343,0.10157091289583126,0.10026443337831933,0.13879221539486938,0.09420192091522706,0.10501968463926692,0.059876463804620736,0.08669174411042745,0.041908300627592966,0.06044966226139852,0.0318623277021185,0.04429940242927357,0.020440192397198662,0.01950245303971539,0.021436691230868016,-0.21431031459605096,-0.057283369107736556,-0.292181043231529,-0.19855601788109395,-0.3399971544394755,-0.4900768645167113,-0.36101646475320764,0.19561137158035585,0.47676867038928933,0.04101252534215819,0.11144921983169943,-0.009636750396191463,-0.08034441843148096,-0.03561707316963443,0.6894453883692365,0.6784458012766189,0.7301074355077185,0.7066687222823644,0.6849203820396266,0.6392917141538339,0.6699834804880138,5.296954379640602,2.9915897449140587,6.8460771526923,6.246360407803266,6.16256011744996,7.844825778566595,7.091370269829204,21.436502878953245,24.277299157997437,20.56538532873868,22.494807182252785,17.625790806865442,16.399851729153035,17.25764161589344,-10.414565287144828,-10.43517909105507,-10.447130172148718,-10.28589602951258,-10.622593789700439,-10.238865407384223,-10.413200313885435,10.264717486557373,10.639918764851028,10.325733990957659,10.698500532053565,9.499487641506578,9.140266932512949,9.47215645348952,2.5045204901256417,2.833287529909847,2.2367867112964808,2.4263381700497986,2.2333771827955258,2.318516120271529,2.277421462003104,1,8.57451113788997,1.5531398545938622
sub-038,CN,62,M,825,0.4265371157992728,0.49148996344690893,0.3528424234919367,0.40652559642822456,0.4628531916344134,0.2952931124829358,0.3852922085934459,0.07698464156123251,0.0852399181920794,0.07690134751909761,0.07347913763127618,0.05954674797190918,0.08138396266036829,0.06730203929293144,0.25773906481137515,0.1881524356291345,0.22861668459355655,0.27618232781660024,0.26587327846435177,0.49588799078603035,0.36267892465088736,0.17326124175998725,0.15929290528687096,0.2619094360137757,0.17175060685243893,0.16854802197232546,0.09926922753180073,0.14407503357678517,0.06547793606813229,0.0758247774450063,0.07973010838163352,0.07206233127145964,0.04317875995700024,0.02816570653886475,0.04065179388595004,-0.49409574286165503,-0.3454005992585138,-0.47875233346230156,-0.5454324703008195,-0.5932418892018531,-0.7861511851830538,-0.6968237683072248,0.07613069306281424,0.22753873536067873,-0.058638825173992125,0.031909808922697604,0.10009738751700525,-0.19915145102555526,-0.04273456743889993,0.7373341915504792,0.7347131556959255,0.8012589954033129,0.748634668376564,0.6850571161742115,0.7064352706743988,0.6989754243430867,5.3616028188520986,3.271315427076721,7.806161017955972,4.621968927448109,6.367534166305902,8.981142153037386,6.815078567344779,25.94257254560319,27.617866856337194,26.480505188573975,27.143894732138705,23.220552847793034,20.952528667222218,22.769208556031646,-10.50882951373113,-10.503075303835086,-10.584273938151256,-10.53196164676725,-10.521461423447867,-10.350590481089757,-10.44018529833556,12.107027895407086,12.423334005366698,13.375834172471281,12.547800568430734,10.696603274351785,10.330838680487817,10.76021639316881,2.1702342555563483,2.2801603335590426,1.8621888674485731,2.170261637423791,2.3133169773326725,2.0328822183092115,2.2061312022706225,1,9.946157872717384,1.2205275910719369
sub-039,CN,70,M,809,0.2175288566422957,0.35116352927394534,0.14578045334677595,0.15876532377819144,0.12468741169035293,0.11421934053092442,0.11007760616343251,0.09644767767523513,0.09030761813392353,0.10053738071073566,0.11233779636530437,0.08336231353996067,0.09965114033934813,0.09770099871763034,0.48522494452212694,0.25715465238091545,0.6082193754794453,0.5726625169312,0.6554202980464977,0.6688111454756875,0.6682435118898173,0.11122353076500664,0.14371604340862532,0.10634269756430843,0.09178631131079033,0.0892530694360929,0.07665111721519169,0.08109290618007302,0.08957499039533555,0.15765815680259035,0.03912009289873478,0.06444805161451374,0.047276907287095854,0.04066725643884808,0.042884977049046626,-0.6668922851664277,-0.4581339880689797,-0.7846662941781112,-0.6937177691426971,-0.8938578011271775,-0.8267860695963081,-0.8388141232378594,-0.28980680113257057,0.037448107993351375,-0.46857831669430267,-0.40066497256035294,-0.5580004093431417,-0.5430349545592779,-0.5592380683214782,0.7433945147163774,0.8137054367001847,0.7157346724826873,0.712658106521448,0.6940939907630214,0.6742196534434783,0.677119433422143,8.238286348264227,7.268107378725034,8.896336029590229,8.626345085314302,8.94431021292146,8.811684948576401,8.84605179753316,27.677118749394726,34.80386528259526,21.91191122924508,25.9534063839427,23.27975728705346,21.42478408783323,22.028029354165568,-10.240756976365626,-10.244905842070287,-10.162054060160761,-10.2737043738783,-10.331108098758195,-10.142868842092412,-10.228111604885573,13.34969222507936,15.723270133688652,11.4347989577138,12.542206913026117,11.96837090614965,11.601462048496234,11.747322549817728,2.009100832025269,2.0408700000363744,1.9107928845205364,2.081133405540083,1.9117190348684394,2.047378213949113,1.9855024492017368,1,9.133745456374676,1.740246585189496
sub-040,CN,61,M,936,0.5031510156202027,0.6109710462117547,0.45960451943441755,0.45219722243160687,0.4238045576302019,0.4120279261906412,0.42899303641221737,0.06689299888716495,0.05978874719628204,0.06515955909870762,0.08064019605757292,0.06371788092640894,0.07162632208825906,0.06969684789134324,0.31314490665220324,0.23597293980844555,0.2871068884379638,0.3169964987314499,0.42327367380936914,0.4494074830324717,0.4224928499480205,0.07246520793174799,0.055947373221846335,0.10718468624261686,0.08543425540016897,0.07180353054929393,0.05325283308693961,0.06301415129171395,0.04434587090868111,0.037319893561671307,0.08094434678629388,0.06473182737920159,0.01740035708472563,0.013685435601688521,0.01580311445670499,-0.6521990664897366,-0.5851489735428137,-0.6490453782430093,-0.5718761155555283,-0.8235278443244868,-0.7952576592903491,-0.7791642589264495,0.18533579522699176,0.38425355612005274,0.12255755946955643,0.12970175767032546,-0.006685630759348204,-0.01740880016972607,0.012992310157098631,0.5975406732750878,0.5425251806477541,0.6336056633379992,0.6665450627041045,0.5984096278286722,0.5966852016879776,0.5956703088880106,2.3874462269798156,0.913133071166128,1.7353337555736417,3.812555744318033,3.0354856847679765,4.703432758078311,3.926568368179178,20.09768856478154,17.926269833329503,26.96235068153182,24.093632398869495,16.7652133103113,14.407486163267667,15.553133463496055,-10.084710357096924,-10.027907728865129,-10.234835448526866,-10.168505555958188,-10.125816345683068,-9.829082538161547,-10.008509525907742,9.280824474048028,8.360285351568802,11.280457480016947,10.743077259551997,8.31818887980341,8.022709714130919,8.126262138612145,2.8049180853215963,3.3877070189470815,2.516563299448863,2.506368654847597,2.3736720529309774,2.441656905975419,2.479668917300548,1,9.068410385445688,1.5282586294787457
sub-041,CN,77,F,808,0.23739668285867258,0.32729723063376664,0.3019525074477797,0.13369569089344496,0.2069257575746241,0.07901940061871074,0.13779047343022655,0.042043188347266926,0.04950444983588136,0.04928589866204434,0.03545395504884054,0.039330340487013477,0.022312446052183285,0.03194278296644433,0.323143271679884,0.2663505444662457,0.2330419317601411,0.390756251401523,0.40589868777476074,0.39771074322163935,0.44427514372434695,0.21582115670253946,0.18296221187066555,0.23713017336503964,0.2384261388677369,0.2569320741883056,0.19198759806130372,0.22782696284583537,0.18159570041163714,0.17388556319344076,0.17858948876499567,0.20166796378845442,0.0909131399752961,0.3089698120461634,0.15816463703314687,-0.8794250397467808,-0.7228915886069887,-0.6855530740967256,-1.006530034966777,-1.015312231394793,-1.260059289299124,-1.1537995046039675,-0.3262993568964112,-0.07891664344355238,-0.1358063637000323,-0.5766524162178996,-0.4564313714770714,-0.7819742032620182,-0.6464427378865251,0.8458704266684582,0.8304028150955567,0.8581275685039801,0.8668936692886383,0.8180553632490347,0.881297464309106,0.8289333577188823,10.761609702869407,9.150281490085886,9.894132810721736,12.714958713806517,10.860780447323977,13.647019647277162,11.63862194022627,35.61991942084237,36.079055835773154,36.065851372459555,36.91366093485178,28.805171292215135,40.97868320608086,33.44683980906997,-10.490050169675813,-10.46901497678559,-10.74589511439293,-10.449662786946831,-10.582992182584102,-10.121267673811442,-10.381266759553679,17.82079999141684,16.987637275397013,17.439450580839043,19.166542475015348,15.216616883959142,22.52368330734248,17.63023290328975,1.7086677801345451,1.8304621219548476,1.7540015205311017,1.5933243272150326,1.6862042228155525,1.478769214986169,1.6211837417906463,1,10.699949626836766,1.3161908633861206
sub-042,CN,74,M,876,0.41692057279650074,0.5086091147774073,0.3684747039293434,0.34100912571970227,0.43480020766921434,0.29368292100858967,0.32020569220009865,0.06063031742478399,0.0576300164014203,0.07910758806501393,0.05801264789016908,0.05049912567118883,0.0638475917458346,0.056659101420900755,0.35582774273008183,0.29213550138067784,0.35179833009936595,0.4150671422972766,0.3365674248321942,0.49520638411151124,0.45264666467019204,0.12789227871774134,0.0972582097181194,0.15404320443799946,0.14584237440197273,0.1531396904507281,0.12211382266808801,0.14405022607237886,0.03872908833089214,0.04436715772237491,0.04657617346827737,0.040068709690879355,0.024993551376674722,0.02514928046597625,0.026438315636429642,-0.7478549734098285,-0.692920156910234,-0.6481027353767974,-0.8045780149101912,-0.8078397522554431,-0.8863319369388081,-0.8853403500618933,-0.006641841192775222,0.16912362148233417,-0.0557578448255713,-0.16405036842161927,-0.0021829195429784592,-0.24001828312347104,-0.21370074378912296,0.6733214398010087,0.6348640111175693,0.7366254958736612,0.6957868295794172,0.6505266126172233,0.7022278173029304,0.6891632973219316,5.069083949007774,2.438582587714373,6.242746037367039,6.565357872806636,5.554468717572848,8.794720580550448,7.538732486449455,21.428267043516254,21.7838463663627,23.026896110004213,21.567620861408482,20.093565822741667,19.5091400091992,20.08387811247735,-10.200582352450184,-10.18624701551363,-10.454732046021398,-10.101865643424205,-10.237336641594995,-10.011833475706052,-10.13069157695448,10.20568653628159,9.74451332475434,11.027481256468922,10.956243758902001,9.475207861260168,10.181704263637252,10.27238080507597,2.4393242145708918,2.7789407428300748,2.238941536915829,2.2964599727217405,2.302709531661843,2.041890890208218,2.098712918958779,1,9.574318211466647,1.3953032308551716
sub-043,CN,72,M,798,0.5563697667427002,0.5511017499752351,0.621610428766386,0.42741887590651384,0.6352146793943986,0.6165812450881243,0.6142775800250198,0.07868741765051593,0.08576338886391832,0.08722102581495021,0.06053526387824209,0.08163552392621858,0.07300325428794974,0.07602636449983079,0.15383419538055518,0.1545030062052169,0.10926248074818,0.17310396866139524,0.137935683126305,0.20365915126249698,0.18445859485839175,0.12015169427702825,0.11872242295041213,0.1206158580750004,0.1589485093945196,0.10276070877509717,0.07295074624114048,0.08718856174004021,0.0909569259492005,0.08990943200521744,0.06129020659548346,0.1799933821593294,0.04245340477798095,0.03380560312028838,0.03804889887671769,-0.2700168567761107,-0.2400668132347337,-0.09426638989865993,-0.4410735842794726,-0.17815610003550533,-0.4341453895912909,-0.3515670564531347,0.3721852107105748,0.3797381266000928,0.49259687559330406,0.14228687790131916,0.5058001074521219,0.42450682827935865,0.4369920600634602,0.7046194309329566,0.7236843870053161,0.6841849023903682,0.7683211931793377,0.6513950300304646,0.6209769543545577,0.6329779013135489,3.595608167841901,2.748635683329058,1.448370302985895,8.92962818496438,1.74237976250778,1.8926712346770846,2.225557884328989,26.12086030083061,28.489935961475812,25.59590552372815,29.61147458728588,21.76382572183465,18.170850949809523,19.745180270986857,-10.642447014922203,-10.728683120949016,-10.746699999239764,-10.483809167035986,-10.694543139076695,-10.423372676892708,-10.54794453776926,11.805196900726148,12.217262780833185,10.599908854172982,15.435116097164503,9.388448478028524,8.536182631350973,8.950131532668182,2.6658039189509766,2.5435324475257053,2.684220974921429,2.379581365864974,2.9621513815527103,3.1940523972531505,3.0945367659580554,1,9.191480757692231,0.74139509467782
sub-044,CN,64,F,860,0.2525720798782335,0.2967656435386997,0.3101549802174197,0.21179676287813246,0.21734609914389133,0.14590986165953784,0.17385920900145285,0.07232416335796624,0.0817069350366679,0.08514506249880449,0.07169418376206478,0.06395422308669652,0.034067983369960475,0.05208768618657727,0.5349155664549532,0.503737016557399,0.43290519164546887,0.5570402176442322,0.5455967521864381,0.7367849723348348,0.6372071304782887,0.11238821491765036,0.08932035357809341,0.13656713730506512,0.12400247836956638,0.1539024070830848,0.07135753087299354,0.11837113040276058,0.0277999753911967,0.028470051289139937,0.03522762833324193,0.03546635734600426,0.01920051849988922,0.011879651762673606,0.01847484393092058,-0.8791873976123609,-0.786235100216832,-0.7114514604654771,-0.9001153406155064,-0.9316087294739366,-1.3356364604183824,-1.1005618191989581,-0.31577147459738414,-0.20088434455091358,-0.1590040825630422,-0.4052208002577465,-0.3963161383021445,-0.6533118709336787,-0.5360311341349565,0.7169552392467529,0.718373465114591,0.7582890217068273,0.7304532479703657,0.7353211584440245,0.595445878776076,0.680959310903334,9.630928109596203,8.886237525327768,9.567249100325794,9.967928250034506,10.312681233155098,10.636233702226399,10.435735572287328,20.812957153911665,20.61643542551662,22.103621004935537,22.107930676889286,20.5221365118507,17.411071343894676,19.65421274443606,-10.249992383693405,-10.194685634250362,-10.51251416879789,-10.270680670139152,-10.334941042828035,-9.880983767493873,-10.152236679336637,11.40953055048691,10.966462560003936,11.505764972790024,12.096757041865663,11.644182725896707,11.08948563785044,11.571847624883613,1.8545790838659335,2.0034815920078044,1.9218154954057276,1.8631872318405414,1.6457634434900859,1.5285728526742468,1.620294198515391,1,11.044433834715422,1.8772281920692429
sub-045,CN,70,F,788,0.4472983221206753,0.5407825797991743,0.42847551435486914,0.37644014838266976,0.4005679748878303,0.3601495002199162,0.37347297729366913,0.13781582330310738,0.12101120450905432,0.16300276804405123,0.13730954798381173,0.1409497131527994,0.15516328783493064,0.14622865453212805,0.21977726809545844,0.14906288307138407,0.20736057358849594,0.2760722433290716,0.2644537743253031,0.30629794762816887,0.28719987669632735,0.12376522436600672,0.10492793364560278,0.12214940846659994,0.1444284914264291,0.14113974865324055,0.12473114518483501,0.13780595443080762,0.07134336211475216,0.08421539897478428,0.07901173554598385,0.0657495688780177,0.05288878898082658,0.05365811913214939,0.05529253704706778,-0.18658467004757118,-0.08969075880722448,-0.11021173433763026,-0.29933194539678293,-0.26620462991969035,-0.29534827244709405,-0.2893725281862803,0.24315163102687765,0.4211120004657735,0.2571846481879969,0.08948604556075802,0.12913775635344002,0.07759279519145908,0.08901137646464208,0.7759494526732266,0.7367356762326329,0.7918591634744624,0.8048654836711392,0.7957031926797273,0.8018704320078744,0.803574969358526,4.394252976708899,2.250257088463119,4.25717896223057,6.124333814350778,5.873053046669566,6.425487827061875,6.388693919292392,27.536067930033326,29.44337126873538,28.63773504034044,26.841666519194696,24.67072857403046,24.894817434797027,25.11934261978745,-10.46293157507863,-10.484127169067373,-10.641037574782716,-10.203176589045366,-10.614814279816407,-10.413273911521761,-10.507499923750174,11.73679511403713,11.83796368609134,11.842756649811497,11.967932100961558,11.3382786867043,11.359263475336256,11.49173207621496,2.3285470539306603,2.51667347842028,2.3061295475948635,2.168019523610412,2.223910962396195,2.181740025662882,2.1772626901021797,1,11.663412225967887,0.8235416525681849
sub-046,CN,63,M,670,0.16634083685514267,0.22004438124110498,0.13969457122711673,0.17191765020577865,0.10483477489310138,0.09945329618810375,0.09736818984698639,0.16885105089648472,0.16902048759527125,0.19886754520066185,0.1455983020579604,0.18570262938951157,0.14446141093197454,0.16714838994621767,0.42035382611956584,0.3568866172472251,0.3468341712564105,0.44649619202417573,0.4936930972397396,0.5904749009780117,0.5376506054976468,0.18723057711297497,0.185997058340323,0.24231785149686388,0.18434172341327512,0.17739356171010245,0.12945021174513235,0.15918495213217226,0.05722370901583164,0.0680514555760756,0.0722858608189471,0.05164613229881014,0.03837593676754473,0.03616018015677788,0.03864786257697698,-0.39312513533521254,-0.3343119635766058,-0.23568131563181596,-0.4769101124360624,-0.42926388691645734,-0.6133588844718643,-0.5115065965641629,-0.2648755313140133,-0.14776552882484342,-0.24094195064909815,-0.3097945632087009,-0.3653690550192006,-0.4700825616763249,-0.4230319822758507,0.8183000827164764,0.8283955043969485,0.8708660714441437,0.800642402791251,0.8026289150000873,0.7629392351683567,0.7867486098237342,8.781313692089268,8.32164356043593,9.321930345400311,8.743330648549875,9.122421705384822,9.14353824004484,9.161830873685485,25.162240116756706,26.78961066342922,26.518608454342367,24.71270642023722,22.892627725722118,21.735376676615275,22.6589506511819,-10.107661876327187,-10.136477546633063,-10.20000105740521,-10.09587383734594,-10.110413266272863,-9.887747251683557,-10.020222829295799,12.638558696295634,12.833129220920096,13.699968292188615,12.454119725408804,12.013607778798892,11.671751784289324,11.988906063584215,1.8570571375007816,1.9587131982988517,1.7472091893626516,1.8842376842157,1.7311692299706145,1.8005036147801443,1.757081048808137,1,9.593557212383391,1.2544481916551113
sub-047,CN,70,F,753,0.2068065853061529,0.2695913145741787,0.16064263691038883,0.1264047259046672,0.15490767723255683,0.29495803637507395,0.17818997734945796,0.11347931656501427,0.11619243931426866,0.13137232340938454,0.10941753816221444,0.12672660565221316,0.06539649985086998,0.10083427798998527,0.5146876120154996,0.45355357145963543,0.5111372035044813,0.5637359847196353,0.5754075845105485,0.5448056625767077,0.5851357950299777,0.12908708089728857,0.11707467674308332,0.15555956326024314,0.16193036654156756,0.12015342029672481,0.07913569150486255,0.1145263840979549,0.03593940521604462,0.04358799790883394,0.041288272915502515,0.03851138467191553,0.022804712307956693,0.0157041096924852,0.021313565532624135,-0.6600891351638966,-0.5887020973116998,-0.5897659295871822,-0.7108243409606233,-0.6560778387411719,-0.9199751090522904,-0.7776277528583512,-0.3179703489967678,-0.17384073195920452,-0.3614922375662415,-0.49501409382237793,-0.39788673127746477,-0.28317911270176327,-0.4244717292497778,0.7611442140363056,0.7740233287960733,0.7930741678089309,0.7851402111743971,0.7397144322186641,0.6523250601684591,0.7167997321478751,8.399470210910513,7.885765865155945,9.240512145613868,9.624508338909223,8.909256959200421,5.7211161405641615,8.21804256335843,22.117406562153786,23.274698259550412,23.220720362516413,22.862436114276644,20.53394827242052,17.29704325107583,19.644770657860583,-10.405395338751187,-10.390703330974716,-10.691802691339243,-10.37754328865997,-10.464085290852713,-9.994875509116904,-10.26229550117535,11.683179391784597,11.724879004974103,12.361596532973826,12.513896951599047,11.085950415374024,9.754013378824435,10.916533712817541,1.9194956065536968,2.0968245368818983,1.864750788407174,1.756224527279752,1.7552689995397621,1.953843646693569,1.7834399165128307,1,10.697286465919609,1.4726601238136556
sub-048,CN,65,M,780,0.3319358118924628,0.3935087601184755,0.22481757889728918,0.2709396091688494,0.354164358873753,0.3657574275694695,0.32519348088266825,0.07241589912681766,0.07102752607426457,0.08265038065363682,0.07601287926690789,0.07060236971496087,0.057449816358129305,0.06636491261977158,0.37720934533382955,0.30377150751691884,0.44459780577231567,0.4175212887121236,0.3588849284113497,0.48002182566242,0.44681417388248773,0.14028033286053393,0.12109622757097616,0.18296537941684832,0.15890278490121013,0.15767005881999938,0.08006763851896383,0.1232771336572709,0.0781586107863563,0.11059597871936531,0.06496885525991024,0.07662343795090894,0.058678284179937035,0.016703291891017602,0.03835029895780173,-0.701201977366224,-0.6142796115271797,-0.7276050654169256,-0.7207114913100725,-0.7068653491882877,-0.9183115401060349,-0.8220155728393305,-0.10742110895269963,0.039969193137568096,-0.31102207577881086,-0.2180948948462614,-0.08654312690940795,-0.1278551173072837,-0.1674428371139745,0.7590072945118012,0.7660818931121989,0.7988929702059394,0.7804948199253524,0.7519874203187857,0.6419724463316223,0.7076429469606292,7.277328318341596,5.714693736342036,9.307992005762825,9.132670611333605,7.7611768628907205,5.2640964214005175,7.402560164988212,27.760162686978727,32.92949891567128,26.789456846735316,27.07970594907988,25.089935661725416,16.489798660597593,21.099082879837304,-10.328478614249676,-10.25209951535739,-10.724870613262915,-10.294868184655698,-10.450512767789272,-9.885387090731376,-10.18452847418777,12.808259449277136,13.970723649923382,13.179375120170151,13.12291836437283,11.841977872692683,9.003065775361051,10.714083036217758,2.13233548689048,2.2247567356982385,1.9659727726395104,2.012317712198877,2.148305804719816,2.27448526007898,2.1572416255120705,1,9.629614000904251,1.4707845525404277
sub-049,CN,62,F,761,0.25345104447036854,0.3453524323757901,0.22944036646099805,0.20989548249464227,0.1963419831816999,0.14058691969990444,0.15955611464471783,0.06869002117585565,0.0664362473589412,0.08726320033306034,0.07381338769137633,0.05633194060921135,0.057008848618174346,0.05787782114275947,0.48675792206307705,0.4345294215446544,0.4265177807859577,0.4566138735656173,0.5881873773995666,0.6680617997834203,0.6269885046124956,0.13003538922913305,0.09296444596711007,0.19243602482366573,0.16500962247047377,0.12659237950488061,0.10139878535811164,0.118871041969148,0.06106562306156579,0.060717452753504264,0.06434262759631826,0.09466763377789034,0.0325463193046421,0.03294364654038886,0.03670651763087927,-0.8344427806442605,-0.7936330407436746,-0.6889799981074268,-0.7589410138311246,-1.0191173675821725,-1.0694626973209647,-1.034677247764534,-0.2962416280183065,-0.11114996749726473,-0.2918341021822672,-0.3580023475378014,-0.4540391645968336,-0.5904559846892319,-0.5413369738598807,0.7594137097950187,0.7338898127498048,0.8203718773072609,0.8036873770282121,0.7360099583375032,0.7038683909047905,0.7232417831684247,8.812284289899184,7.358915962650522,9.529636375803204,9.637799662782506,9.825720442811113,9.651860331278925,9.705303768931978,25.225868539024717,25.197539194094304,26.94939418611746,29.69118276127391,20.637977630304984,20.69094069422326,21.483894377342516,-10.348626287853048,-10.360087666790937,-10.662435822029758,-10.254332586823729,-10.449601066665318,-9.874922394145614,-10.167376623222781,12.487846902979351,11.687154227494748,13.102797847257946,14.437287490172018,11.665411127879162,11.702617339022499,11.934931435137369,2.0063561821419333,2.265603916301118,1.8928799833275638,1.8688131201945248,1.810156713522787,1.838588737629876,1.8355942088753918,1,9.960578347748761,1.5626726735280485
sub-050,CN,68,M,753,0.32473468428735885,0.45833358086549664,0.24688518128964831,0.16621887992255452,0.3468830317767775,0.25772188825592346,0.2679868586334052,0.16441771056120813,0.1477449157278953,0.18083229973925685,0.2054270661759555,0.10281494615506308,0.20853604409045298,0.1916287749339556,0.2880648611413128,0.23051116886135856,0.20787284429568298,0.2608715693606474,0.4378948747732918,0.43943237250295986,0.4162620946417586,0.09880555531678735,0.07074285935904201,0.1438066837513346,0.158112230528414,0.0700964936909406,0.05397354053259189,0.07044493126534991,0.12397718869333275,0.09266747518620753,0.2206029909240771,0.20937025401242865,0.04231065360392716,0.0403361546180711,0.053677340525530574,-0.2584432390101837,-0.22034203307158542,-0.09513953961936265,-0.13329424708367238,-0.630537141958344,-0.32891013831229154,-0.3838270777812237,0.10360913427895886,0.32330953597407863,0.06381551426586449,-0.06750896043491939,-0.05448413445768583,-0.02627574910159524,-0.0255154938858694,0.7161886109625533,0.6461711272750028,0.8082195686345118,0.8278989955175573,0.6633752207385647,0.6790026835870169,0.6867025694866526,7.164121726673884,3.993775072269433,9.388081369830203,11.791753633674896,5.899681436682829,7.565792173339537,6.910388208529762,28.82391800115,27.651546163194975,33.85786159648492,36.81537366261631,21.48372320252764,20.4036849159911,24.222520312791744,-10.349423603489287,-10.259240246999658,-10.596677411442428,-10.29607311854683,-10.521706508783987,-10.14246125121613,-10.340954621447967,13.510015917796116,11.657939823680149,17.363458420552366,17.930945235761794,10.170302734513484,10.379829632060222,11.122164229494388,2.4115077244620893,2.816519492653136,1.9895516282459036,1.877854761375031,2.553449382478163,2.4812941192677114,2.443359076995352,1,8.017638539348129,1.4713063668678092
sub-051,CN,75,F,709,0.4672925685403174,0.5574588188487423,0.5742667708946875,0.3107557786482465,0.5003152309200148,0.25478897514387244,0.3715043660128846,0.06620181914878157,0.06437696681348787,0.06929777229009076,0.07655621679090163,0.058133615213201574,0.05933838322947557,0.06257998838080962,0.2589635751753731,0.21860703982793533,0.1707898874555557,0.2995445583726347,0.31509546839438407,0.3671121742480919,0.3492255521923559,0.10438439872906079,0.08291962949400464,0.10327966162872883,0.14552318266842745,0.0813160198768735,0.13349319710180296,0.10618118429488074,0.10315763840646695,0.07663754501582964,0.08236590773093733,0.1676202635197898,0.045139665595526325,0.18526727027675713,0.11050890911906944,-0.586644156140526,-0.5419025469918058,-0.41720695080098696,-0.5789184792039477,-0.7338564571306122,-0.7920284985583832,-0.7479347905680032,0.17034327129107424,0.3332455532108872,0.3711840192790603,-0.06231261259706994,0.1488699309235784,-0.20355405908271812,-0.0332334470800853,0.6366870235970495,0.5713721963309313,0.5463252931461926,0.7868581384276191,0.5620613972980292,0.8124277244921405,0.6895778157724504,3.2120146011504715,1.2133489876911503,0.551502788502151,7.497882971805743,0.7584723091332224,9.306688663945907,5.406216022958341,28.849137877479848,26.03356644375583,27.388111110182507,36.523065178861444,20.833888678555898,37.57019724208261,29.628663325064526,-10.306675983410527,-10.208855664776555,-10.412555755881755,-10.411712089795875,-10.364767131239011,-10.193018505409139,-10.300686720599805,11.787016866418382,10.142418012067827,9.904127723190518,15.735370670840243,8.924442327198191,16.764600771473695,12.756255832957109,2.724895011463279,3.1141377070848812,2.978104756761478,2.0699152434595143,2.9724926335456368,1.9212940617243683,2.4420798409213496,1,9.823800496059963,1.1422434352866428
sub-052,CN,73,F,731,0.3078734659756884,0.39963808207491874,0.2872267040477176,0.23504511238514575,0.28030970901621644,0.2046697951406316,0.24032446305665744,0.0889977922240774,0.07984914000007155,0.09967021410016542,0.09669453647653956,0.09077628964849604,0.08694820755241345,0.09342700229457881,0.34683714138993454,0.2654764691319861,0.306939268800212,0.35377014441388455,0.4052032827952483,0.5900310850214677,0.4719854729817631,0.16055498929664902,0.14563387391008908,0.20334013257693706,0.18076360394640903,0.17282083446588384,0.08978518117580479,0.142265508036216,0.09573661111365046,0.10940243488293454,0.10282368047496787,0.13372660277802081,0.05088988407415551,0.028565731109681934,0.05199755363078446,-0.5737907752613228,-0.5222506000681247,-0.4860121478095003,-0.5458875891276616,-0.6472806747522722,-0.831420852646149,-0.6974599259165188,-0.10733219104425373,0.06711330522488106,-0.1224442639464844,-0.20474998138801184,-0.1951805392612468,-0.36861521561987365,-0.2681414049856657,0.8211197049343585,0.8111059649666965,0.8643182024032496,0.8696761531154142,0.8091867337560507,0.7121566090231892,0.7846225915251812,8.424977263177983,6.825851790616996,9.018839409941089,9.719633708161998,9.200085181143276,9.379148430080813,9.276483804334049,29.809685964907796,32.208611766102486,30.056613604620704,34.12307306830021,24.709477841451662,20.06659217955633,24.733083314935072,-10.298517702324943,-10.267665052583352,-10.431453956456144,-10.289094657705657,-10.422286297049803,-10.040290792375004,-10.262926344213271,13.927440606091261,14.043998086440725,14.466364091591375,16.019727831741598,12.300991522790838,10.966203370267941,12.294302227018857,1.9459783443782803,2.086325733893824,1.8392509415359903,1.8622399781424523,1.8859935424677985,1.8723075206746917,1.9075604424759744,1,9.920487645500373,1.3499757104128598
sub-053,CN,70,M,689,0.2839318893496392,0.3179047160289166,0.36187638910917785,0.24524558352811796,0.279673308808476,0.13187072878764705,0.19981789518502216,0.18383619258747905,0.16906937888375015,0.19289225851783653,0.20978587790301573,0.16954581970103919,0.19147213035358057,0.19501308377962837,0.3686482399268584,0.32883245246803733,0.3052976909971052,0.3400928760994772,0.4502941056380368,0.5376712485153567,0.4662598400057077,0.09607764374919,0.10449850615169638,0.09858633727412845,0.1105327017946661,0.06947688565387791,0.07383260610502608,0.0808268880683057,0.06750603438683331,0.07969494646759942,0.04134732410175166,0.09434296067472306,0.031009880198569758,0.06515328623839009,0.05808229296133614,-0.2948940410968514,-0.29514354611048027,-0.20599625551534675,-0.20062898366022786,-0.40689972963799903,-0.44788903398293267,-0.37251041596419526,0.004600799857286754,0.05540982005246924,0.1416969904103772,0.003661172216235492,-0.06240627303327617,-0.27648519203754063,-0.1438737862573655,0.7213312077502994,0.7377057237623469,0.6801925625423711,0.7481028854574734,0.6916724498260445,0.7166731509920591,0.7143236972352668,6.69374927186505,6.580204815691346,4.932655615852332,7.1563312803327985,7.033587214814808,8.297874421131949,7.6747203598795375,26.375113307410228,28.730994129224793,21.510447310950962,30.839621508140198,18.87889624836052,27.74183861286279,25.15871911343724,-10.1017197723699,-10.051915797362293,-10.409040627895985,-9.952697540870002,-10.291447365399096,-9.828505475063432,-10.065862643084744,11.929350651025931,12.465381049166513,10.119906253033593,13.415200935121366,10.036403507946822,12.6351310009502,11.874040762026231,2.3234932574269607,2.3151524229564644,2.5120336067606264,2.24170370709463,2.351784753708619,2.191017510315371,2.24193024378334,1,8.178915404425995,1.533560421467886
sub-054,CN,78,M,801,0.20321002757367593,0.2871417222477482,0.13156672405541062,0.13166791920995508,0.11008187931131908,0.29969049061279773,0.15434931627976264,0.14063732134273352,0.12468923049669209,0.2183536530376625,0.1489135155926634,0.1248148816696976,0.08706241277117938,0.1127194202345676,0.4723372231231928,0.4046504852979763,0.3961021067037674,0.5372023064233924,0.6138067422111396,0.48165903490826933,0.5964313029633782,0.1414523893146062,0.13271799287186428,0.20744209120814383,0.13228966444753798,0.13309990807521077,0.10389239561712585,0.11487893304569721,0.04236303864579151,0.050800569085719005,0.04653542499501536,0.049926594326451273,0.018196588732632916,0.02769566609062784,0.0216210274765945,-0.5313605866201073,-0.5154709092801931,-0.26552396841494375,-0.5510039768099259,-0.704939490522677,-0.686074248384061,-0.7155668087424792,-0.26920344690516324,-0.11790063199750148,-0.23771150216791828,-0.3924956495564764,-0.5121143942678198,-0.23505038984123533,-0.45900774912264825,0.7535692051798463,0.7528699261866167,0.8279373416328991,0.7588461389469168,0.7163175561876197,0.6897880829307697,0.6996115768412776,8.536714238488491,7.941109518347271,9.373609155315632,9.378828700856577,9.644994041313625,6.01933975476819,8.568241292946256,23.16718624794001,24.45820911449297,24.016558620528173,25.139286912012132,18.956091164640352,19.746988952927694,19.265222464810673,-10.185602328994424,-10.142585924607923,-10.40764603660291,-10.114045986706543,-10.10161383881474,-10.27218960277973,-10.098232900183453,11.880596758677546,11.81103797249705,12.637144166742486,12.608327138565542,11.161508048306553,10.612403703992374,11.015927222797455,1.9219444286888183,2.1084905018046536,1.7763831007509552,1.855874773800394,1.6151331090425096,2.0797314539365015,1.7720031858217982,1,10.069486911123937,1.7316006763154892
sub-055,CN,67,M,803,0.24608234706839893,0.3613235196981944,0.16884898970406045,0.2162566170558073,0.20391802782556723,0.08148621780005327,0.15527648113560152,0.054482291614803335,0.060504636253277524,0.06667117447451332,0.05704219782850864,0.044624930248562046,0.024786990712529995,0.038835253907702524,0.35566731577945765,0.28393821498351635,0.2648990070368638,0.36786464111350986,0.3460138630940334,0.7329571600391742,0.4850496621138018,0.2541921534734994,0.1884622704856175,0.3907903257159782,0.2717922305625541,0.3328872710119259,0.12610665508161875,0.2600457303772903,0.0895758920638407,0.10577135857939422,0.10879050306858418,0.08704431343961988,0.0725559078199114,0.03466297636662377,0.06079287246560374,-0.8104260258616133,-0.679899866450828,-0.6001248654458663,-0.8103716362598128,-0.8849840077734275,-1.4709911307588628,-1.0860158469258159,-0.33673760637724204,-0.05273261722949791,-0.4533469341405856,-0.3823129502608964,-0.4414662436970036,-0.9075974330023803,-0.6096544321763245,0.7916302828951824,0.771204478961267,0.8789989631036902,0.8177335998939956,0.8151547257260058,0.6445742781072634,0.7644690590536003,9.739776266201345,7.046460701351803,12.260151275589115,10.735908228730002,11.407170721711111,10.892462620771116,11.141160590049243,27.69414135668172,29.346126276842835,28.192221435346138,28.68492908262955,26.144720169843264,21.507630346483204,24.97554476185484,-10.310942730137338,-10.297645002455166,-10.472261865803324,-10.278250965720748,-10.433572113505043,-9.996945527307577,-10.243777129316,14.155296782925015,13.63138024540761,15.843863042370442,14.479310005967976,14.274697088265233,12.629028370971552,13.798474369753967,1.7445646138443853,1.9606774907946813,1.513300378052307,1.7368545452988435,1.6126552378905796,1.5483500992282586,1.597455865033296,1,11.063873918871453,1.539018680061183
sub-056,CN,64,F,860,0.14010425618120761,0.19152903476786132,0.11760969978729256,0.13802461091771479,0.07432563429490131,0.0966865890752375,0.08844126696771049,0.0978052274730949,0.09431911684571305,0.10465528537589612,0.12164821095296774,0.07122356630362375,0.09191805260919066,0.08854027525277838,0.6506781110107659,0.5955827300023421,0.6290496417443738,0.6243337850971957,0.776766515906515,0.739510692923354,0.7481398395114509,0.0853104558440883,0.0815738159103759,0.1263920496518954,0.09056265983383531,0.06509819312521063,0.056580290999193664,0.06120162587767064,0.026101949490843435,0.0369953024737079,0.022293323440542242,0.025430733198286586,0.012586090369749373,0.015304374393024412,0.013676992390389825,-0.8267788112250338,-0.8002635284780052,-0.7815359836823107,-0.7075785596810484,-1.0402568998631527,-0.9056299122845102,-0.9353517347179182,-0.5060248776625731,-0.38472677339720424,-0.5316195715318791,-0.4461812863623511,-0.7633486855451622,-0.6258776725639652,-0.6665964620960098,0.6802697581910738,0.6902556839597651,0.728113594054336,0.6923167102970451,0.6312392458053512,0.6230051285724023,0.6250075384646715,8.75287174900931,8.56821659218626,9.014082438551116,8.640804268009006,9.104378072767021,8.704224239941308,8.835669896334625,19.330016056882386,21.414414514331547,20.20955217539283,19.017214324992228,16.417589152000176,15.70956109914831,16.09793053296394,-10.290887447765966,-10.275158824171257,-10.516837593801474,-10.259328944265382,-10.258901332821308,-10.118108590712325,-10.1596954820442,10.799843376255122,11.017314583117875,11.174654627986778,10.760477958157436,10.417144026440212,10.129257135555765,10.195770313581193,1.8653737373171009,2.056387297357038,1.702146688976298,1.882368239074125,1.6045460550014807,1.7989193696479053,1.7085557685972195,1,8.977733770707157,1.8629575417806166
sub-057,CN,64,M,775,0.31012044242234627,0.4453188155411049,0.28015416698288664,0.24735174696186307,0.2137289953232756,0.15200011123545226,0.1961255503541969,0.12722526151998004,0.12794880866014585,0.13381669590596582,0.14341668510625588,0.11212287815241477,0.10507642282921707,0.11867566384438773,0.36044701056695594,0.28427581409556196,0.29890519172620017,0.33195936096273215,0.4557175044561821,0.6334284848525775,0.48270049004136933,0.14364019997989763,0.09543781061489273,0.19665248772251487,0.18753168073622778,0.18057104428066162,0.08965090317968259,0.16175197233644986,0.058567085510820086,0.04701875108829482,0.0904714576624319,0.08974052623292086,0.037859577787466146,0.019844077903070224,0.04074632342359614,-0.43508371488435343,-0.34092023332856847,-0.350401781327811,-0.36102550314730547,-0.6084241895469478,-0.7797845121446187,-0.6029354199633143,-0.06383428831476588,0.18584818753358423,-0.0823736917180497,-0.12282923809046448,-0.29124439351992304,-0.45080879131993257,-0.31373634814606083,0.7956300694276977,0.7519510814318566,0.8629179182610334,0.8663879474908663,0.8010643761309844,0.6979075379818704,0.7876443583323802,7.921317978731326,4.779954312891272,9.210198293912633,9.328594271000844,10.408055130558859,10.438112024119228,10.265702329501528,25.360147676137984,23.08890767741676,30.472625128257068,31.11000330288458,22.425823809965152,18.54254603924971,22.930622434599634,-10.395397191530828,-10.296548245362883,-10.695081790603846,-10.449042785696795,-10.525727834333445,-9.98905445197326,-10.362998261800053,12.47102727770348,10.923838813840707,14.255767641226655,14.417075959711413,12.524859084510245,11.23623128171241,12.495554151818189,2.0868881706540336,2.468630426589235,1.929791445832546,1.9613559849351285,1.7911005219049876,1.6811812066744323,1.7966867782429958,1,11.062223057448659,1.4715597180368523
sub-058,CN,62,M,723,0.2203887313474508,0.3251404336037798,0.1441577174502509,0.15948525930905935,0.20039135788241344,0.11990729857043837,0.14670331034079812,0.07414389024076838,0.06324417598148009,0.08642057908128649,0.08393296018191206,0.07851414976689636,0.06774432771602093,0.07580767517724478,0.3870075652181056,0.2859951867642014,0.3782670491792306,0.4542311808486271,0.4528259031652128,0.5204869256833788,0.5182006539851143,0.1854983205876216,0.17072138876070025,0.2606559481137915,0.16297937230365445,0.1905802399180719,0.1618961582648504,0.16400446350158418,0.1329614926060534,0.1548988148898383,0.1304987061754403,0.13937122735674679,0.07768834926740528,0.12996528976531105,0.0952838969952584,-0.7053451123626685,-0.6466516831928201,-0.6404929263964907,-0.7212156471708006,-0.7625946867008162,-0.89043496228292,-0.8389491839876342,-0.3092298403692711,-0.09056659392965807,-0.4425260328812195,-0.4243385969309329,-0.3628311895248589,-0.5639873772832884,-0.4994591196437126,0.8029812717579798,0.7783824254273063,0.8603046775294388,0.7940552675073574,0.8096987136724593,0.8108679708876747,0.7824253327631627,8.158196562340718,6.1888068078529,9.43018374372422,9.383224219167127,9.132165254233856,9.232071579480316,9.08403599361946,30.989153395752115,31.208276510485497,31.319436581899414,31.837592063328863,26.842827348572612,34.24940945058008,29.559156854181037,-10.26287288635665,-10.140638422129728,-10.508052485535075,-10.190584470277633,-10.456939345464038,-10.17640125588019,-10.256711241478275,15.125575705065833,14.962407725374202,16.001853399495946,15.661217620973112,13.422248461087243,15.865954126494675,14.242670614059511,1.8514375325414387,1.9374507338899802,1.6803827909585731,1.8466354917881116,1.8407809895941096,1.832562336123491,1.8650588090407485,1,9.096038921079066,1.4419443645948178
sub-059,CN,77,M,768,0.30177625195841273,0.31274790305184547,0.25596911113429693,0.2811958155802974,0.27794295541170605,0.4089970019438621,0.3208465904636387,0.08549543518388128,0.07743909525918082,0.10051263105969425,0.08815207070810163,0.08349608051375423,0.08885259206336321,0.0868340566370061,0.22913137869002528,0.17336403671941297,0.21864732397360806,0.24272426235849381,0.3671072402267792,0.2058935980197263,0.297757296289639,0.23527332538218745,0.23389898142948404,0.3174937596751446,0.23421345811738514,0.2023136551987088,0.16831211758203657,0.19469183972192924,0.14832360878549325,0.20254998354007675,0.10737717415725621,0.1537143932357222,0.06914006864905142,0.1279446903910117,0.09987021688778679,-0.41111793985251827,-0.34674810503344117,-0.33599447853258346,-0.4323249287162919,-0.6432865591554949,-0.358430647017178,-0.5216245574542084,-0.08214887406303079,-0.034072693898101934,-0.1783635283888079,-0.11533165620580872,-0.19735771179802794,0.13308529773643543,-0.07992199648435645,0.8622342243654332,0.876713890254568,0.8885494852919745,0.8823159207020335,0.81433843397076,0.8037627952824584,0.8219551333074561,9.63544010371881,10.774692945876849,10.167609764787096,9.758242812433933,9.2112920636086,5.240417307298325,8.008980832584482,33.41166967660381,36.30380768295696,29.658874749375084,35.230977240102376,27.084299376174602,34.770819368857616,30.71510290449595,-10.81107451078566,-10.729597421500868,-11.015647603997223,-10.785200487564445,-10.906481276669249,-10.698022581082153,-10.796305858308003,16.184200285861127,17.868429870395744,15.30743974912628,16.726964338125764,13.249479675430353,14.921090356209131,14.255657025889745,1.8470154209214977,1.7995297589678694,1.7190534201557677,1.841757881061761,1.9393736112231341,2.07713603317481,1.9834271573026359,1,9.88854158081629,0.8287001319621421
sub-060,CN,71,F,719,0.43561245109501945,0.571368846309449,0.3167578840168936,0.32534310738006167,0.3390514723925791,0.5041270739452814,0.3650534751497107,0.06435038501153965,0.05847589851268288,0.08073219305293518,0.06366365618679097,0.06965357743331145,0.05375704471228482,0.06266685525255378,0.11762208118255052,0.07899169074156506,0.11984501790567044,0.16380232078199677,0.12969866750592396,0.1390186839573669,0.15461010694285465,0.2726571993142338,0.18753333219686277,0.3696413300802299,0.29849205550439567,0.3753330658040465,0.21943102596099567,0.31762520114740067,0.10975788339665644,0.10363023223944012,0.11302357494427122,0.14869886014675474,0.08626321686413925,0.08366617142407082,0.10004436150748013,-0.24142010446204343,-0.12021976760172673,-0.1748903367596192,-0.3952468937767211,-0.27102276089552163,-0.41335837174721557,-0.3858645598920872,0.11833827524949163,0.3884017820858868,-0.0906090525941996,-0.07617351121919856,-0.09283718745151213,0.19232376007653118,-0.04668369042443501,0.799409591704482,0.7232840358090721,0.8757781691583012,0.8743043612343375,0.8506060298978473,0.7247119748079278,0.8251982099143568,6.710764052438667,2.970533194892141,11.29669508574617,9.81791901295578,10.034232894507328,1.7231623197530372,8.051183608535949,30.617790512597487,30.781460988222584,28.20228291684124,35.20158792800544,27.971216635002182,28.47047122712108,30.140114724558227,-10.652401385973807,-10.563469419648268,-10.814967185644406,-10.66566418674596,-10.831261507986248,-10.42499878404432,-10.65762370100214,14.542509384304902,13.383577918893335,15.603159790732917,16.641016182174724,14.57544427186515,12.761377976523358,14.645103469902166,2.0019710919169267,2.320771512489069,1.6374705610345082,1.7944542209498457,1.7518228393459916,2.223176537028617,1.8850401889094106,1,11.50495430246649,0.42078219356696955
sub-061,CN,63,F,740,0.39062874805328457,0.5074912768246768,0.31904475588254727,0.34559038352145877,0.36205138701627293,0.2219286562286872,0.2939856724149873,0.05911898762212965,0.05304357401879455,0.07767957498140955,0.06626824062195018,0.05941934128751173,0.037793017697168446,0.052856616213081256,0.35592232280948066,0.26287650062485857,0.2860063391310124,0.368023532786214,0.4253655231508244,0.6580894555078789,0.5213214241607483,0.07384640289397823,0.06288057849514489,0.10659627815235624,0.08896262497584564,0.06780008740989897,0.04193900446471202,0.06108329369786408,0.12048353862112672,0.11370807003652497,0.21067305185267474,0.1311552180945314,0.08536366113549203,0.040249866101553455,0.07075299351331908,-0.7320292148026034,-0.6309872043299688,-0.5517728037373142,-0.6986179416374172,-0.855088128886186,-1.238295043259757,-0.9927828616302502,0.031852097330493455,0.26309486879737004,0.00593361733156444,-0.03614392954799503,-0.06820575640369538,-0.4525410484469208,-0.23690530665161788,0.718571738006001,0.6726112613163835,0.8290904745096951,0.7618173812929674,0.7238244964548389,0.6192848774169322,0.6936899874885015,6.644513948265131,3.686313443565321,9.143756021252193,7.109087648489076,8.640946773891855,9.325555966345902,8.903229018548709,32.59619237611344,32.71123055061784,37.18403567990345,35.29359569343269,32.16163117604475,20.56882897512758,28.45837792313083,-10.612067467669542,-10.426731780014972,-10.99085234969347,-10.63262504696129,-10.886715478947288,-10.239477875924543,-10.598496098060703,14.117461593435863,13.19200878313148,17.870134024038457,15.091917781499546,13.117159554036732,11.279078466568631,12.59202286126369,2.3065548998157483,2.5510143151275315,1.9711825800076148,2.1380545858888054,2.349134888554309,2.227136070682749,2.281285299633688,1,9.92454653359938,1.6700057412057543
sub-062,CN,67,M,852,0.4848069910785996,0.5460139356350263,0.4320914496748389,0.4077986699756151,0.4307366090637212,0.5847782124650329,0.4851040178028888,0.08238619941852722,0.08307142330382744,0.09224217660044735,0.1027390192353008,0.05796793831669003,0.06112570206630492,0.0657251431206933,0.2824396325831932,0.1928572159338102,0.2891502561421715,0.3596549448530665,0.39975339255848713,0.25551089101487845,0.3397134339510436,0.10549503406665094,0.1054368439089342,0.13636598793524993,0.10177920219276207,0.09735785578700339,0.07902969998301011,0.09257433827462432,0.04487214285302928,0.07262058121840176,0.05015012964729301,0.028028163743255723,0.014184204274098422,0.019555494470773465,0.01688306685075001,-0.5281520051847591,-0.3732969352360366,-0.49023651082389647,-0.5484122748238747,-0.8381381112956813,-0.621518293101968,-0.7094182752841675,0.18072659930993193,0.34208889158377837,0.0907631256294265,0.05374661567634362,-0.007369241938191384,0.2870075160115888,0.11438805861890791,0.614762021772188,0.6086998281949356,0.6719182897544939,0.6478233480512035,0.572790683739996,0.5470796518093708,0.573279003725719,2.82041401319709,1.7712444344665403,4.072445385939569,5.512918164800465,1.783243185788032,0.7852084175471328,2.297206489914339,21.221619228441376,25.34237356579561,23.554565003217757,17.761407431010777,17.259164665042814,16.163665825496036,16.439109719170062,-10.403369974765917,-10.381252945331344,-10.581864199284002,-10.349752183564945,-10.3830148998905,-10.350806435724888,-10.351987095871639,9.60762708190171,10.66675733060262,10.551767219399478,9.19354447373863,8.211005282032028,7.407558921332539,8.01834153933609,2.7174603888775253,2.818006796593496,2.5844788901034046,2.7171594567207986,2.3619095292044627,3.0989483638558593,2.728194388460937,1,9.099568969894756,1.442600133567172
sub-063,CN,66,M,782,0.3534356077203119,0.41999405596678935,0.3362382277643496,0.28308120943821846,0.3700849056674132,0.26201195843511915,0.29737449712898467,0.09131376823420752,0.09610846765738203,0.10053829559729728,0.07945678358096617,0.09532221566233097,0.07839682737275948,0.08592128787274757,0.25756056630452573,0.20560839905006129,0.20868196663092417,0.2838564830112612,0.24402945409586274,0.48041588610507724,0.3567589550786591,0.17814397338942217,0.1503350683474027,0.20295632488866266,0.20092579175284764,0.21759098461949922,0.13352246021566297,0.1910351888366973,0.11954608435153269,0.1279540089783647,0.1515851851187666,0.1526797322167064,0.07297243995489384,0.0456528678713809,0.06891007108291129,-0.4248597279421979,-0.3243278475660482,-0.32305903155180465,-0.5102921426484838,-0.40607782683710597,-0.7867303760893776,-0.6003808328452467,0.011314453756898157,0.16532792708391256,0.012178893452375836,-0.11938941358422989,0.00362544686526318,-0.2560881174111601,-0.15874627734577512,0.8400382075626374,0.8278552134714857,0.8706942062896337,0.8677624157847317,0.8390275021916157,0.7827623304035183,0.824977244389581,7.6096361664892695,5.615145247400287,8.590811670541845,9.449245430429796,7.504662398794113,9.59683325088352,8.74338472285974,31.83484824074359,33.980126988743535,32.98379693088266,34.76936980142546,27.305632244469,23.52773046058335,27.132658372450987,-10.684488318935601,-10.711422685325413,-10.817195279557057,-10.604555303792445,-10.791890114501717,-10.389920932576215,-10.62832998870372,14.707214036424816,14.769030484182348,15.674895102469955,16.395018382840153,13.144807656178587,12.007335747744403,13.191411231408026,1.9708835611035624,2.0740743059292384,1.8978618149490067,1.8561481856605029,1.9643224560259471,1.9585609819480723,1.9386084613179853,1,10.147801710305156,1.025241507782292
sub-064,CN,66,M,767,0.18704895626721343,0.2834385446522468,0.1273838015450195,0.15102690011989162,0.12244641659498147,0.10813105080587918,0.10331046289874461,0.07179823965909661,0.06453627670599653,0.08697357048004102,0.07561959528481153,0.07659616054040452,0.059612521190138504,0.068435107812334,0.5910395513957076,0.5097710931431,0.5686169421741725,0.6285715000764568,0.6445683686994963,0.7537559457949555,0.7120597485635864,0.1204601518256729,0.1057780314931654,0.1826330293682085,0.11331971705677818,0.1367036237214808,0.0685039183697233,0.10138034361192519,0.02965310085230944,0.03647605400549112,0.034392656432558566,0.03146228746206187,0.019685430443637277,0.009996563839303228,0.014814337113409631,-0.912181632499121,-0.8910545575981313,-0.8196152060894137,-0.9122835133948715,-0.9279097779543228,-1.1011800542928418,-1.0197287584786145,-0.4673886708743426,-0.2615068747430162,-0.545002600670876,-0.5523188154729353,-0.5987369597653113,-0.7046713401055467,-0.6876379078011112,0.7056189052816889,0.7029160241964527,0.7712048225734885,0.6996805937781815,0.7203608699809934,0.6064637891003739,0.6560501387455622,8.467060386687834,7.314425770475322,9.206081136281924,9.02101340388603,9.234690389029458,9.133399381131671,9.152134160530553,20.68670978909094,21.34734995247053,22.726530268130805,21.054771418446222,19.47241830106825,16.400052472026097,18.042644932650465,-9.883231019473465,-9.916554658268078,-10.04714902282195,-9.848304493850492,-9.886959145995489,-9.584982140132507,-9.71504519404441,11.159341888555762,10.867280810950714,12.241169681618919,11.446796633197275,11.12057450582946,10.042055555385122,10.630501899718082,1.8704761168908348,2.1754272122565754,1.7078665106693813,1.8015871991430266,1.6250035565050223,1.553048368517255,1.5858342323227104,1,9.469665362066495,1.8304378460962223
sub-065,CN,71,F,839,0.3598113880299037,0.37715213931522706,0.3736915220281947,0.2940046182486771,0.39061387596411395,0.36370836519497307,0.3318723296916226,0.05912512592232611,0.05397266009765748,0.07301513693720217,0.05923575647825231,0.06359041685990459,0.04940454226813218,0.05562426640424663,0.23633921652509346,0.1628473170833857,0.17442927435063796,0.33325676576905733,0.22502450873177357,0.40956274103480617,0.35602891299463507,0.19376756534383327,0.16814304890795762,0.22586670310590332,0.19826423496023546,0.2515505005144026,0.13963692423763469,0.20024108659288462,0.15095670417884333,0.23788483459577198,0.1529973635780618,0.11523862454377765,0.06922069792980508,0.03768742726445359,0.05623340431661091,-0.5577408270893722,-0.45864377293352515,-0.3795862704394293,-0.695251383607832,-0.5471756196672857,-0.9126390497059615,-0.781353759460416,-0.002895668416124705,0.11904689352220776,0.042569760316451453,-0.17455593272339834,-0.02113605553271679,-0.1272116690097172,-0.16434456124737323,0.8252292967860787,0.8474380560187746,0.8537620193997183,0.8238258790461759,0.8100519084969231,0.7302724734647223,0.7813477740596051,8.570003539406972,9.282745514680585,8.002879502499505,9.310309070956375,7.633818744675209,6.8497588103093685,8.13940654096567,32.53542981917788,38.17823867119302,34.23395285126884,31.37712389243503,26.876810821733343,21.042354638640923,24.77533053292794,-10.708827813686753,-10.684957220317974,-10.852479905995684,-10.572933977759202,-10.969267535447367,-10.45802484122824,-10.69596801600768,15.900859269845093,18.809658793346216,16.11050757951669,15.115258374182625,13.101899757034564,11.175229533624488,12.55062919138504,1.8921348706667385,1.8203649565489042,1.8766103203845035,1.8689446721860734,1.973406881847193,2.0910887756931578,1.9726962863898598,1,10.544521754458959,1.1634936592681537
sub-066,FTD,73,M,516,0.584905005008547,0.6463700383135885,0.4854105142760409,0.54025705968288,0.6048119332110459,0.5784546228872469,0.5783913575470164,0.22341647843722823,0.19139259215466514,0.25763696331012637,0.2405114947689671,0.2249406104665299,0.24769312240942132,0.24424329985176346,0.1270715413476562,0.11260938829382143,0.14954972147840442,0.12284049396221018,0.13258515403437865,0.14416348258076392,0.13960066085014494,0.03949053064126856,0.031584766103700306,0.06240464383052039,0.05191635135666567,0.029245305391131026,0.023305733183291866,0.02861319950584193,0.02511644456529999,0.018043215134224636,0.04499815710490801,0.044474600229276864,0.008416996896914471,0.006383038939276192,0.009151482245233124,0.2484644663892614,0.24326258223127908,0.23093528518765974,0.2940776816027989,0.22717701159933434,0.23366958450241665,0.23997903685099767,0.6964247534027206,0.781295680963275,0.5456307464013109,0.6523595038464424,0.710108535634652,0.6931723432075543,0.6898991790846141,0.6573364744624661,0.6313119668657657,0.7267708564151354,0.6847063234201884,0.6292683947596618,0.6316330997606747,0.6382224849780409,2.1140579365974834,1.6927728992950948,3.469768556870959,2.3600238215261116,1.6138643260031589,1.8133482827798633,1.8598812516853507,14.890134741375588,12.119630111055411,23.213449193045836,18.867104297057136,10.906631513474006,10.123245000480113,10.964119560718109,-10.042080561686761,-9.990652255539173,-10.233434127784733,-10.040787137935036,-10.046293367929968,-9.931316922195016,-10.012543243874736,7.746491035326869,7.048823623073134,9.904289818688492,9.232934623179428,6.307440020238228,6.137318150100347,6.469364733506608,3.239386834950945,3.675996010302891,2.73947118831501,2.9806182217398067,3.2200125012342102,3.007726918170418,3.1238784773125374,1,7.82317495300479,1.0462503484780985
sub-067,FTD,66,M,498,0.18166571316302063,0.163236453225544,0.14501127137836897,0.12064863219512764,0.21561918010361295,0.37225374714606374,0.23228758688867154,0.040356415244081026,0.04559405622681102,0.04622362977735356,0.02908281096990438,0.03922095286517204,0.03747425212133393,0.03633073355070724,0.22832259168958563,0.17027032640695144,0.23454132267598846,0.1881048899144181,0.3548903704689232,0.3127611590805301,0.31596411958456505,0.2995112087469764,0.2902845210721624,0.3985725431245608,0.3093140720879082,0.2818773710571308,0.19005764389535337,0.26041045805055973,0.25014407115633625,0.330614643068531,0.17565123304372818,0.35284959483264167,0.10839212550516085,0.08745319775671886,0.15500710192549633,-0.7389471279983596,-0.5783678344015776,-0.7148156164762245,-0.7930286965066515,-0.9483450078086978,-0.9149119661382076,-0.9327268092644087,-0.42815363687608976,-0.4007956065631429,-0.5394765320146359,-0.5716355452189056,-0.41179801595515814,-0.09449201495935058,-0.3682498457342844,0.9029025481382037,0.9414777958185885,0.9218365758402296,0.948810924897063,0.8332025563961644,0.7522213737991582,0.8407081055578957,14.871789046112747,17.369277904652357,14.070750417664778,17.546620878967296,11.574263653325142,6.928760407368355,11.263440188765994,37.93842809789783,40.14007986560747,37.27884487389221,41.625028151772455,33.48287110021625,30.53215713569554,34.8428036761169,-10.176227359031662,-10.023851527082163,-10.48714306271742,-9.981923312464431,-10.419377936015698,-10.267051442984666,-10.313286319036715,20.279611780702854,22.609511844697174,19.10806693869482,23.782948269617602,15.89282337796911,13.455788446005933,17.0334455158267,1.599000632779814,1.4911229467995055,1.5503845931035567,1.428780494391754,1.770016320399099,2.133413338572474,1.7932114064932283,1,11.757237656686772,0.9654537569639565
sub-068,FTD,78,M,544,0.3232961465195403,0.3702318994777326,0.3101092784282376,0.24361033221059658,0.26910810089199755,0.4194550103620225,0.2969363627677036,0.09709461507698412,0.10088813062529746,0.10884110635983746,0.09700482387581016,0.07814654095762286,0.09479926731499716,0.08857438154783938,0.3737611949462887,0.2933414063111178,0.35649579846668905,0.4390844248875676,0.49067711265458885,0.37510821344377837,0.48130383759572715,0.11278910480690567,0.11524361968456484,0.1418605303945951,0.11186955662969299,0.10537250940524095,0.07355515381048684,0.08725072469984027,0.09305893865028121,0.12029494390128734,0.0826932863506407,0.1084308623963328,0.05669573609054942,0.03708235506871506,0.04593469338888948,-0.575205911933639,-0.46482491977612767,-0.5181555391535587,-0.6342278243345851,-0.7980638884301768,-0.5947841541083505,-0.7317911940710803,-0.06313284088278898,0.06547914155681478,-0.07587158255616819,-0.20862994118460798,-0.23838532189366535,0.05970625520861909,-0.17484707049507295,0.7768940606722913,0.7926065136403391,0.8054092704675053,0.7732200571154176,0.7701560748135389,0.6965826464931801,0.7255160291557138,7.607605227158316,6.870423698736429,8.408825136996738,8.582762462278344,9.108418037779662,4.784377025705188,7.653102646381484,29.307145041201196,33.97547163468718,28.54732048152845,29.58498140062754,24.899542768465242,20.16346949376065,22.579927058651986,-10.68319732412023,-10.691744877779795,-10.856669445966586,-10.580560024568024,-10.771071578692775,-10.466535920787823,-10.582820262672234,13.150159890149984,14.394429250274298,13.020738704168307,13.857706088298295,11.884722694232144,9.472412306267543,10.838426661718657,2.1389912465263983,2.1479555996581037,2.102824781339853,2.025425844215261,2.021611161859695,2.565066639967575,2.212989068269389,1,8.739612066184849,1.3311336547943284
sub-069,FTD,70,M,612,0.3136440871725298,0.3720962759177824,0.18466236859250018,0.285492492631822,0.27966465158701725,0.40980634689387385,0.33746739783027785,0.41081641517832845,0.3563242933391969,0.4956776002259897,0.4461044215992856,0.43536986365740793,0.3668408784832632,0.4217792925052251,0.18482696347192662,0.16122385869334366,0.20354368693520394,0.17220020595936564,0.23770968433256612,0.18529217873621392,0.19922290653810082,0.06039077968304093,0.06807345729895029,0.09280905241710581,0.05382068165449777,0.03863309016105131,0.03065072926633159,0.033543660340568535,0.030321754494174204,0.04228211475072673,0.023307291829200733,0.04238219815502854,0.008622710261957045,0.007409866620317613,0.007986742785827465,0.34865044410827567,0.3402387134501569,0.38731194952932624,0.41599292193495363,0.2735188339308851,0.29811170289284583,0.33639790851986195,0.4757730939477085,0.5029532943278977,0.3608901425666849,0.5159462811134113,0.4195057368459056,0.5570214810098806,0.5227524070842008,0.7193420544153841,0.7379481027267234,0.7317986003628153,0.720539967742492,0.688452702578033,0.6794742675063616,0.679700765606418,6.068766764211455,5.546603843861127,6.856928648744536,6.5023114818140755,6.383880996343542,5.374333375234608,6.010729723264404,18.691460381279928,22.061302076454307,19.633498614896506,20.985052935185518,12.050255733555142,10.858578961520744,11.251095714983114,-9.8586608543451,-9.919776577032698,-9.953101332168787,-9.777454634352258,-9.79006449157796,-9.768402092339372,-9.75842884026819,9.283536262501624,10.021767508271083,9.787719628519062,9.939755601818899,7.7145619593477335,6.984474629378655,7.346291921856604,2.4489535333392483,2.6527770262431685,2.17104466033139,2.4220052273597723,2.2473206532084053,2.508780549842534,2.3854372252605236,1,8.268661377827149,1.2110269057310958
sub-070,FTD,67,F,458,0.3817475005594801,0.466291027259185,0.3508470331473001,0.2878832438810871,0.3722002222732095,0.33424528901497547,0.33743227455961494,0.13101686743914479,0.11773348138632281,0.16383239123724558,0.12689690669869655,0.12807536555137058,0.1409376072394284,0.13875334049067117,0.1760022331195139,0.1292402083278546,0.15833880802552944,0.18911108282107333,0.23740831769072201,0.24783763127136726,0.2361491788267731,0.1806485142359281,0.15634669614053193,0.22328517787551153,0.1936911717105046,0.1855055955957873,0.16837894512149765,0.17188982723645865,0.13058488464593299,0.13038858688610575,0.1036965897144132,0.20241759488863817,0.0768104988889108,0.1086005273527311,0.11577537888648205,-0.12404277969220069,-0.04825431616441202,0.005586498037021668,-0.18799160108781485,-0.2653114047202955,-0.2439457382999241,-0.22774145087936515,0.15754360992865699,0.31336196732861066,0.1320508129180574,0.017089317371738105,0.07381907459951147,0.05691394265227458,0.06797877329750282,0.8379843099182294,0.8055873462286547,0.8532453794320151,0.8922266331690918,0.8190795106849619,0.8483546309092387,0.8466235006886071,6.456316130736865,4.010233608965958,7.170570012697662,9.827608931193184,6.303766134667325,7.432463527185506,7.08004410213212,33.57008016844951,34.04688812752392,30.963102119069276,38.10983605077452,28.648970481878823,34.113872150965456,33.06021136298114,-10.70212026563035,-10.598514186684216,-10.829761023799739,-10.557780586605716,-10.916323874630928,-10.840654349236136,-10.83991373182666,15.043133078649538,14.61577194561597,14.324755976121645,18.034705073489565,13.047578573743225,14.626650465738306,14.773157501280084,2.052767480628974,2.1621257885886385,1.982104753923165,1.8378647444306129,2.1351846904437557,2.0821871505034117,2.047802104833969,1,9.199278797825109,0.5030330940018164
sub-071,FTD,62,M,602,0.27601667207478675,0.4065787105539012,0.231420182768298,0.19749362264926693,0.16254180637938953,0.21320266875175464,0.17982677963627922,0.09573029364610157,0.09328127449698438,0.10647081536372331,0.10073503958604921,0.08933796256622883,0.0877700828314929,0.09403886988869026,0.3640794491723946,0.2671002025783589,0.283600859155315,0.37911972684469786,0.5485234120976974,0.5174781975445779,0.5063438739332013,0.16764597130985795,0.13499858947117088,0.25277169686451,0.1840382936874805,0.15743812283122538,0.13675034737598846,0.1605995533756172,0.09652761379685905,0.09804122289958454,0.1257364458481535,0.13861331723250542,0.04215869612545861,0.044798703496186004,0.059190923166211794,-0.5618668727927097,-0.45297915916043135,-0.43299002199430703,-0.5743183664092807,-0.7892579096346303,-0.7702996042072656,-0.7324244454884727,-0.16123857338778103,0.10078939492722616,-0.21122357797549726,-0.2759435644235406,-0.4521655634623678,-0.3375584884253324,-0.3899497052303708,0.8227961237820486,0.7998773932802374,0.8889024351623239,0.8803031604875913,0.7630888487481985,0.7783990526076645,0.7960481669775898,8.272865011642944,5.99426258763039,9.969583321002768,9.850220082279028,9.216280745241221,9.133062289977564,9.405728303026885,30.877214831650736,32.405123399133565,33.46754531765067,35.83506126172407,23.104868180843784,23.38686623252466,26.030594428570996,-10.432151949234248,-10.344158728738048,-10.644748810254542,-10.40871974592805,-10.472577440403809,-10.407459099298563,-10.442255876883971,14.356158090739337,13.826532924575938,16.168227410792372,16.589235500996264,12.300980122573302,12.108354323966878,13.071600484802227,1.984458744607341,2.2030731344406465,1.7972491308913592,1.8402883243116936,1.861402968150353,1.9730473060415197,1.8981444725572665,1,9.418802228874904,1.2389333168443297
sub-072,FTD,65,M,629,0.6899057901231781,0.7374724515603768,0.5766863642945088,0.6491843011912835,0.6961082451427335,0.7653909091704436,0.7169499184771503,0.18183459781416111,0.1439160876183974,0.22014892995939675,0.2353585987170279,0.1838297931023518,0.1470370905434612,0.17927254851766908,0.05943901184852042,0.0490040808783034,0.08513772404788444,0.06170680988331909,0.061933924452636735,0.049135236969461926,0.05587351105238576,0.04331531328676028,0.039071546346741204,0.07465447054883652,0.03380291675615618,0.0451843542866223,0.027380993245127938,0.034661139218392895,0.025505286927380025,0.030535833596181252,0.04337251114937387,0.01994737345221324,0.012943683015655377,0.01105577007150551,0.01324288273440197,0.48617024231118633,0.4738477138704133,0.41196610332734257,0.5860578995686444,0.4624179345430301,0.4764584474669755,0.500538287425438,0.9468796216389831,1.0120035033680297,0.6977352881356378,0.9770394213080629,0.9167921217354248,1.0774741863595154,1.0022501393984962,0.6062941191569337,0.5880147667331259,0.6963922688467002,0.6137385500829927,0.5912597074521196,0.5427873838107142,0.5735079383561238,1.3126652694798482,1.1661224424932175,1.8168764824325703,1.4587234752013152,1.1864849268275763,0.9664024470394466,1.0965245537463766,15.114296617313618,15.953684578002337,22.514468626023604,12.396013599737353,12.930155964473522,9.788957756250793,11.309915731652763,-10.082696999107714,-9.980847397381163,-10.347672802704176,-10.051645947762182,-10.13510029192887,-10.025204063215288,-10.049666730856641,7.311133634189748,7.514945851891064,9.537647474396517,6.963666497514289,6.277526613948027,5.503364915638496,6.052342395643592,3.8592850746893164,3.9953507689402334,3.0284310752984602,3.9554126997754695,3.7903933644756456,4.540418459045593,4.141712899994107,1,7.122326062180044,0.626680824173139
sub-073,FTD,57,F,828,0.3500360822299366,0.4496593709008336,0.3997138809975076,0.24605896229251234,0.29821248062587624,0.2125275160113793,0.24399343302871732,0.151911707268539,0.16752519869040203,0.13350101001038153,0.1471563499847542,0.1566138648938923,0.1273380113087944,0.14253433849140612,0.34380458484233556,0.2557061585339945,0.26755345162634164,0.40117432452616864,0.4008771300648218,0.5661774795441242,0.4870019187272467,0.08103299332216243,0.06677541489901995,0.09653393277497169,0.09574756771292284,0.09383467356586074,0.059051439476878916,0.07942440291301901,0.0732146323370265,0.060333856975749986,0.10269772459079747,0.10986279548364203,0.050461850849548774,0.03490555365882332,0.04704590683961081,-0.33009956412292113,-0.17703778839995307,-0.29462737948001805,-0.40775685717334786,-0.40648049672895686,-0.6491380711077572,-0.5289610542840472,0.0806584250302544,0.29174075704804664,0.16988545397485988,-0.09488977872828577,-0.036657958523127025,-0.26489929760177405,-0.16827047271302326,0.7555397506818392,0.7319471746861466,0.7418762445916735,0.8034282332515043,0.785440283286254,0.7179812617560601,0.754224357174472,6.268477418492631,3.8976896838841024,5.856879104923233,8.20001358043621,7.988563547457897,8.740430442641525,8.421359331590581,26.656154155614907,26.14250139368782,28.083889636624836,31.57080265979785,24.372171491171915,19.909012589143416,23.216452861971543,-10.760241639625855,-10.696762526147776,-10.839428218754152,-10.712352018701186,-10.999450888112682,-10.600604037225779,-10.798086266490278,12.031637167683376,11.00852883310799,12.764737044408035,14.302429232895904,11.501510582743995,10.766472270594264,11.40347102281537,2.3980627223283464,2.673694595659813,2.5207309978422843,2.068630678536934,2.23383932711907,2.1545479327940447,2.1863737788806743,1,9.516674994236922,1.3818055997408454
sub-074,FTD,53,F,888,0.4623336071789459,0.5620670643276311,0.46112256981343486,0.3359545516395983,0.42547280611082655,0.42313237588768904,0.4037113183570761,0.12627567448895102,0.14421429421695048,0.12078920370579345,0.11398591351989132,0.12282786257742136,0.10147145142110328,0.11256195786127245,0.2576987757777921,0.1888636422257663,0.23008940911842887,0.2900457374361411,0.31819410996351244,0.3845988686036486,0.3578813300882663,0.08089115970542111,0.05953965855693889,0.10283866284924914,0.11031388139725724,0.0869694416935645,0.05473729264347928,0.07527643498814411,0.07280078284888973,0.045315340672713235,0.08516015451309362,0.1496999160071117,0.04653577965467497,0.036060011444079706,0.050568958705240925,-0.2841982302915011,-0.09717572968263377,-0.272011099894647,-0.3769132886073727,-0.4117877830348104,-0.5802432322711105,-0.5005594711882522,0.25774225893245356,0.48124967309757416,0.2503883096289517,0.05724969126006167,0.13172559765936506,0.07650736056420115,0.07610578345825421,0.7097614996212375,0.664109291691147,0.6879025121031752,0.7998194764604113,0.7371182368940891,0.6811816490660216,0.7199363468017825,4.479086763156149,2.386808919003567,4.371754975684253,7.97431307700475,4.648272934016813,4.718825014909823,5.542486145946512,24.65021716613549,21.140419199707654,26.409234286082597,33.536714091175654,23.093565012141468,18.857968749622962,23.004715812040565,-10.523790769276491,-10.43401626446772,-10.657181137378418,-10.481676712833234,-10.751469027696047,-10.380626709211484,-10.562926901443328,11.064110594043871,9.301575792241481,11.1002498094222,15.308615809537606,10.527454098814054,9.494747889142003,10.658451998423955,2.7370597672066395,3.1886742688425698,2.782707397892105,2.1281281932197684,2.5207709201503534,2.6302339840108537,2.518517615378034,1,9.502103806013881,1.1864196639732594
sub-075,FTD,71,F,689,0.2022660297545448,0.3021193785328335,0.14936779074589265,0.17603401985630862,0.13419741729961235,0.08669360602238331,0.11080354356257191,0.13150717055442165,0.07799317081081607,0.1369516160960764,0.19818503707584126,0.17952482808443637,0.10525728200669754,0.14030901087386008,0.35178654806043064,0.17327770904486953,0.3476427528602512,0.41771895948503557,0.471886160809154,0.670768935442869,0.5703757911041574,0.16959379840340377,0.1939191035221117,0.2127371681043699,0.12890727523636072,0.16554551183030353,0.10718565213021314,0.1351834853990195,0.14484645322719916,0.2526906380893692,0.15330067219341012,0.07915470834645363,0.04884608197649354,0.030094524397837163,0.04332816906039109,-0.39579079590889477,-0.3154937614327822,-0.39824474644604296,-0.3113012798035929,-0.4201347787793425,-0.805612548674499,-0.6203802364120449,-0.20061993657954524,-0.008690655492041446,-0.2881410550270372,-0.18588138759500522,-0.30879757313220313,-0.6083013858546638,-0.4621071836492839,0.8276666376837959,0.8535080113292975,0.8886178790110782,0.7940622875524006,0.8225170135737049,0.720728104361543,0.7733854426062637,10.497450985139626,11.88138594217168,10.633768262749998,8.59220130701257,9.839056462341441,10.247293859563273,10.057450042906554,31.43728175074409,37.12931847865927,34.77639832681156,29.605949721354744,24.426705493724416,20.685006783248006,23.28737637653836,-10.160790890330317,-9.95952773939268,-10.449830735572023,-10.117634067796269,-10.51539615280511,-9.986057902105394,-10.236183546670052,16.116197300434315,19.32449780922648,17.454876539827417,13.821154696942333,13.009901409939367,12.128655703298467,12.763438763570443,1.877040190361635,1.9157602152629172,1.721654536703225,2.0007245179450264,1.8706699475614628,1.7367852927282394,1.8338464369312828,1,10.683465923225347,1.5259967255841715
sub-076,FTD,44,M,748,0.23430550511401213,0.2594767784599279,0.1834756867583077,0.20136320783979492,0.2584762226735153,0.25207929414604296,0.23534453249500248,0.12103262508258245,0.0997845169641282,0.12414282917772279,0.15558677659983466,0.11295541232785522,0.13374321345204826,0.13549673756907923,0.13329702239795446,0.10354929770423137,0.12673955462004746,0.16977008510161912,0.14975449858219667,0.14961792080915298,0.15900924236765626,0.2335186023025221,0.21947287914388025,0.28315400915888395,0.23147871117014074,0.24183842385746432,0.19982557300557566,0.2254382436525007,0.2778462451029288,0.3177165277278323,0.2824879202850384,0.2418012192886106,0.2369754425589684,0.26473399858718,0.2447112439157613,-0.05085854387107165,-0.03112386331120205,-0.011166484584408663,-0.05689228653908185,-0.12440332708053929,-0.05708335461038795,-0.08607602707427664,-0.01748197821183377,0.03587266799481152,-0.12547566937246427,-0.053881475500944666,-0.02415515667972587,0.04057605908591338,-0.018028987088649744,0.9207957921128018,0.9075289871236897,0.9511576305338952,0.9342731921375849,0.9071656835971504,0.9151772146669664,0.9167470848429635,12.426778079553518,13.355986685540936,14.506245118098583,11.248871492144348,11.082021428642571,10.42829555196471,10.95060768937908,36.49924334420433,36.922631831923766,37.54777768736256,36.52991275208156,34.537522614687354,36.32582440096995,35.294292096846284,-10.439468968718923,-10.329118562469711,-10.506371381501307,-10.516178379928318,-10.55830821573546,-10.393664078474004,-10.496644415175748,19.210603666608506,19.91797885870087,20.123156417295153,18.69343171902846,17.813439977162457,18.496050797584445,18.143520978042563,1.5925597455927996,1.5676364504193268,1.515358016472149,1.6226093433949336,1.6448221107428376,1.6571011290516076,1.6420724279457504,1,7.907085098836146,0.26925481870918766
sub-077,FTD,61,M,655,0.45483273552778714,0.4581808261814836,0.40101896800717296,0.42686291501796897,0.5152533883670548,0.48914373128150596,0.5017044145444933,0.0745086878514519,0.06333093831968388,0.09108369597049105,0.0731605053543993,0.0910969872804233,0.06658221488472932,0.08151172635485404,0.10659038876718481,0.06659599075331232,0.09322477921577971,0.11863975866431595,0.13297851726839505,0.20293826359676848,0.15935633734209728,0.14758260722965846,0.1441632100519717,0.14953278576204196,0.1705710309608186,0.12374152577862992,0.1464100042672094,0.13447372830945867,0.21648558062391765,0.2677290346935486,0.2651397710445141,0.2107657900024972,0.13692958130549668,0.094925785969787,0.12295379344909667,-0.113964392535589,0.01297253176752095,-0.011870197471686312,-0.19146718284872147,-0.16299890291577368,-0.4828275739957858,-0.2864493548945074,0.3180189598454277,0.3829217450316068,0.30421888575868994,0.2311595860928556,0.37360930209417115,0.20189255695593628,0.3014024306380002,0.8018626154970745,0.799729287358807,0.8517529587743392,0.8224114403939868,0.7715741772254092,0.7388287566787857,0.7622060113542702,6.466581005711244,8.589543699903826,8.049039303728053,6.850208079732418,2.3146070761291644,2.123230875342748,2.3225225735646293,37.61787183588298,39.08730961684062,39.27913068610781,38.04005071767614,35.61222594166998,32.147062404927205,34.52914906572651,-10.716170046597194,-10.502355879120731,-11.04568015389492,-10.710347068674908,-10.958317210064854,-10.618679682461309,-10.798578783647974,17.480729248251222,19.083460617688917,19.115367350249247,17.759333616294477,14.546528308620127,13.2633049755824,14.202782933432573,1.9936553793129077,1.922240610172126,1.8458179460311965,1.9187476584965468,2.219711379328496,2.2760946628375462,2.226122700881759,1,10.50134630127287,0.6522453854133605
sub-078,FTD,62,M,835,0.5186968605795299,0.5827339659115662,0.45538762525157644,0.3397207475877123,0.6396627980718504,0.5660341646544872,0.5460842755127555,0.08263137094234158,0.07758499810454741,0.09281970734090204,0.08682307289311673,0.06845967861363263,0.0978853058682936,0.0860016393146995,0.10516503719316594,0.07882756206438211,0.11242515188522965,0.15162052820537728,0.08601405902957988,0.12227151332677029,0.11886063661067191,0.16623306415904246,0.12822036562410963,0.1923961050291503,0.23872772795823585,0.13964137369015464,0.15493115583109052,0.16987912379709114,0.12727366712592003,0.13263310829539457,0.14697141049314166,0.18310792335555792,0.06622209059478214,0.0588778603193579,0.07917432476478173,-0.10077670098939517,-0.021436541695203898,-0.09842240204776005,-0.2490495007386585,-0.0888505021939968,-0.10334240562608807,-0.13112562384781104,0.35768913264845564,0.5091841005887009,0.25339736650389005,0.028624008536666544,0.5319980343941494,0.3805612896794832,0.36236706029719595,0.7370487988549359,0.7006678504025353,0.7880587086750758,0.8597219460703329,0.6349222625999585,0.695710763659799,0.706306652949814,3.6093943778984605,1.6359266036842375,3.6131497840940967,9.260573699927214,2.1078818207016763,1.4608086700924556,3.0556096135717197,31.8482451927172,32.56823599228984,34.19152512041223,37.03712839297268,25.386756588894347,25.12782400789374,27.718710750350557,-10.648067721387326,-10.457877752617714,-10.910997305243692,-10.674302486175492,-10.770520212825657,-10.683189969562584,-10.756143903420764,13.945097381535073,13.647345779673762,15.045548535093866,17.576693771550243,10.672844882595703,10.981737226090196,11.98986796676346,2.3546808391747516,2.4675116555078405,2.0722864320052237,1.8540273056390326,2.897705362162649,2.5701348753528226,2.552399247409704,1,12.859789574306497,0.34464433917460013
sub-079,FTD,60,F,780,0.3018169285327486,0.3335344501170691,0.2984073481842255,0.26148571820244215,0.34596611221182333,0.21035861865241218,0.28498992373790105,0.07024867023603974,0.06244815284190983,0.08753469879320312,0.07829359083843848,0.07516865450188026,0.048151620676191095,0.06710946042288968,0.2831038398150714,0.1652942546090385,0.19316920239672522,0.3059965204845372,0.40045570291803706,0.6085261881703257,0.45718973303856825,0.17431092563160058,0.20391158904542378,0.21840186025161623,0.17301396985333184,0.12238321224722241,0.08505768338630065,0.12116047737897671,0.17051963578453985,0.23481155338655882,0.2024868903742303,0.1812102006212503,0.05602631812103717,0.04790588911477086,0.0695504054216645,-0.559370308566575,-0.4153512596130127,-0.34843356743355697,-0.5737570262876762,-0.7256779478520414,-1.1016071972331685,-0.8325504709300375,-0.08833611040182318,0.028335965881977784,-0.04973811962453865,-0.1469114296817669,-0.09384770417135203,-0.42916733434687265,-0.22146580954416084,0.8360589493771073,0.8596228661033078,0.8916789185877195,0.8718401362115235,0.7624218824183807,0.7090485137887451,0.7654979679186499,9.902714201888532,10.035688715527398,10.111642288741018,10.326616543078401,8.948787945847293,9.706995975555882,9.305948558644928,34.69045783047275,38.81827626551325,37.04439096532246,38.07645078341356,25.486250059804604,23.746519355677115,27.840740407004628,-10.397136358052887,-10.180455937220328,-10.758576962810524,-10.430031958633293,-10.643738888281678,-10.17766192732638,-10.446280414633632,16.77270223372225,18.91203317888495,18.065935860273743,17.870240351597428,12.07962688468767,12.189730273627081,13.000728033180598,1.8913915734028526,1.7682776585667366,1.8295314614414477,1.8416907236108568,2.2089740237520616,2.0381084673315417,2.1003225600247104,1,10.220981077823195,1.3315981320270769
sub-080,FTD,71,F,856,0.17296690730381675,0.3250384086177334,0.11390434863924626,0.10549384312400192,0.06030696141813705,0.03324653789011348,0.05255169343160838,0.05955325892106394,0.043554727255301975,0.08682537779296734,0.07486866850159299,0.0598805191828656,0.04351823188961511,0.054099819790273236,0.5589796797782722,0.47353757349108666,0.4582707284428766,0.5608574107368725,0.6870209801064902,0.8132730663769889,0.7287033639804559,0.14410257001105736,0.08886809510219136,0.23917796903800329,0.18267841379752575,0.16241032621545334,0.09019681177213854,0.13587446096373695,0.06439758398578974,0.06900119553368673,0.10182157608690647,0.07610166384000716,0.030381213077054048,0.01976535207114377,0.0287706618339256,-0.9811727481096643,-1.0302833013132795,-0.7352334043908035,-0.8750858761167781,-1.0598487176074076,-1.2723546172144602,-1.1324233969071738,-0.5513570086264544,-0.21699960562458123,-0.557153424898657,-0.6477770492784578,-0.8507634288551369,-1.0709635830776758,-0.9176854783333421,0.6723334294993101,0.6434873560778694,0.8032703038114913,0.7308154562100082,0.6373518379918206,0.5123977088459186,0.59908153785896,8.609277940061473,7.035577200447242,9.634197507510587,9.527406383652668,9.491924129004177,9.419625006941178,9.464507300702149,25.556779782131517,25.607393348925218,30.99931428126654,28.10462483606036,21.01683361265459,18.930059696008733,20.61199578300284,-10.193509024731966,-10.05710053423151,-10.627187424390101,-10.242734628774036,-10.316513848778165,-9.7374626978429,-10.056704961701103,12.907509486721137,11.952854378826872,15.261831063680596,14.118970299018692,12.204612439510676,11.348743945132458,12.02308510519126,1.9489812028291862,2.338595568936843,1.7264183010523257,1.8007906594988499,1.6564579525205234,1.6543412362413452,1.684877701464673,1,9.68250788322547,1.9912629912150166
sub-081,FTD,61,F,800,0.4635494855485989,0.5676026456211029,0.5217227062686426,0.38343461388973255,0.39237946779820576,0.2790883641580926,0.3404309263760177,0.21898973446180195,0.20605173236372124,0.1894049883858643,0.2551054998763439,0.23107761428023613,0.218286510362256,0.23746439795279475,0.20866883592453553,0.13310778793980238,0.1730283375418279,0.23375214301908434,0.25899263974550396,0.4009409315246127,0.30897537872235686,0.06979945423262701,0.053295190548353424,0.08466898214528502,0.07226686021521543,0.08881483971621973,0.07180219506803168,0.07917814419670387,0.0389924898324366,0.03994264352702019,0.031174985658380273,0.05544088299962397,0.028735438459834107,0.029881998887007488,0.03395115275212684,0.0546442271825503,0.18478093131831938,0.0524743714247722,0.06996887252768447,-0.054599299792262225,-0.2643634538840236,-0.10419064410722056,0.4219020605250399,0.6287409589568679,0.48792432155285,0.3354902512739478,0.2547677529404609,0.022457604350980837,0.17825797844362437,0.7294122443579032,0.6946802344134003,0.6860544548766377,0.7709478377342481,0.7660696164009019,0.7779537185683745,0.7705615726393032,4.260179648864983,2.4110575392696885,3.893717246318371,5.425122979249418,5.300821005856381,7.390951940012464,6.150461694957171,20.830155771802417,20.134845253881508,18.628243923246274,25.457910142741397,19.547484464943807,19.235108575769814,20.44523985416512,-10.8196578527348,-10.725962987151048,-10.90326978220994,-10.83112784222813,-10.972881825368829,-10.769396050127511,-10.87629072827158,9.599938254810903,9.035927959826067,8.72821945908471,11.052288725231449,9.38457300298853,10.299899417739585,10.030628337914917,2.7916546896511543,3.095366639271501,3.075217759137125,2.588699732148883,2.4575268814429574,2.2104198890678197,2.402854442103592,1,10.646141697061916,0.889202944553011
sub-082,FTD,63,M,743,0.2869317898808883,0.3528190112185615,0.21902528662260598,0.22940104990501128,0.25562291000204485,0.3202110698564753,0.2618892033067851,0.11034514796451715,0.10832667807292781,0.11109582071337537,0.11407761821898793,0.11537749522971774,0.10127032205504999,0.10920704754880348,0.37918782301981013,0.2985166187214583,0.32573229159219824,0.452180784663858,0.4483464930090853,0.4919964069334511,0.5019267826839134,0.11606879784908451,0.11590081893476033,0.16209518674972337,0.09788504914481647,0.1303137827848271,0.06261716070318296,0.09113838143106802,0.10746644128569993,0.12443687305229215,0.18205141432209712,0.10645549806732642,0.050339318974325316,0.02390504045184046,0.035838585029430124,-0.523020400239686,-0.4393159635976029,-0.4688709253095856,-0.5789133840358404,-0.5887135739895936,-0.6868844126649571,-0.6606086722253398,-0.09780884567868509,0.04345902962967689,-0.18057535357500912,-0.19932299578750506,-0.19467423424650476,-0.11977026434409639,-0.20585159099568945,0.7994324185202778,0.80015083418643,0.8784629988245515,0.7791217811033584,0.8050608789113909,0.7105506774795036,0.745068994432424,8.180713073484009,6.875450549564258,9.909885183258176,8.63853951236934,8.83803805683933,8.253733389738262,8.609969156012552,29.210967772324892,32.35600993305558,35.19811677418858,28.54005326869425,24.595561389039645,17.48753528916112,20.71928814865752,-10.612238929670108,-10.61026931194193,-10.728414001844898,-10.523332919071642,-10.78676165993746,-10.360897909252445,-10.545656097549228,13.935344522987108,14.469829003263442,17.322031044379795,14.052052524544038,11.98967117380385,9.66971308059192,10.841210313641328,2.060314567471633,2.1672905039154395,1.7912709335614936,2.00680192226537,1.9974011365126383,2.290859677634537,2.1229173423408803,1,9.246795351966759,1.3661228127793557
sub-083,FTD,68,F,868,0.47491824224566237,0.585888696846502,0.4852561976262531,0.37185835919022775,0.3911092508440582,0.4028479712851134,0.3999723318728671,0.08676889137634461,0.08029378844593753,0.0934978399584528,0.07539574027952459,0.11003374051717879,0.08718735724199594,0.09167667205175951,0.13251472260157038,0.08571079274301875,0.1327260573852785,0.1432289246081846,0.18219707305963728,0.2000595452306103,0.17591533814023427,0.137030514439099,0.10501872923309986,0.13352450016000642,0.1829885770861601,0.15235985949852707,0.13942064119547076,0.1531100490853721,0.16876762933732356,0.14308799273144188,0.15499540487000948,0.22652839883590295,0.16430007608059832,0.17048448504680974,0.17932560884976687,-0.16400210062631235,-0.025056004581266694,-0.1491385197142003,-0.2770384204537347,-0.22098207432572411,-0.3610662079481778,-0.2869877985957591,0.33055513649651624,0.5606486239985636,0.3350759576601627,0.12928876477557552,0.17221456813695815,0.15849029447509858,0.16857787402104812,0.7720000395090065,0.7136969314508025,0.7601314898810272,0.8221959415730228,0.8308721605556784,0.805163756456648,0.8101533014492821,4.704377414889283,2.413972231425183,3.2696295614799595,7.94646810241635,6.421650976409119,5.812825619793722,6.354231319017158,36.561208582136274,35.89148044737475,34.40945678957789,38.40140319294996,37.07487285438821,37.6819991126339,37.25795325887139,-10.999556461880232,-10.759088869672023,-11.307643979084352,-10.825707223841182,-11.425976217957931,-11.087130600764336,-11.15776756251451,15.812052615925367,14.472403387037563,15.329955276500861,17.944327973306713,16.237460529798756,16.32130834059665,16.522913125685076,2.1603122480466417,2.387240688355436,2.2092956744388306,1.9061013321861973,2.0153835594168186,2.0184024320432004,2.02000165672284,1,12.140539633122252,0.5197173812627565
sub-084,FTD,71,F,614,0.565565446822868,0.6806624556610595,0.47869281139823555,0.43423665206766887,0.5370096382748075,0.5985261713586356,0.5183177338396774,0.2387595143987379,0.16758691543988063,0.27967429140961453,0.3466552040118974,0.2514392991508046,0.1916803888840039,0.25959008110270787,0.07371813344839824,0.04088414375738597,0.07681678092809134,0.08954486253855666,0.1028498719629077,0.10863806019532066,0.11275763976009025,0.06812458825936003,0.05294491687264804,0.09143640665633007,0.07012505774791591,0.07527327735697222,0.07156173789386683,0.07406158824481167,0.05383231707063592,0.05792156826902596,0.0733797096077285,0.059438223633961146,0.033427913254507974,0.029593641668173333,0.035272957052713,0.5370018966231379,0.6190893566798785,0.558551838393425,0.6374250387870946,0.3869891716326668,0.24154367692690887,0.35215856250986277,0.7805839552641076,0.9709681426903798,0.6539262901465043,0.7088197469227038,0.6483598895451489,0.6460903122098058,0.6225046447068946,0.6927230733605644,0.6333328894114227,0.7528481036785446,0.7408637051968865,0.7150107973597882,0.6806883220341097,0.7165863990580795,2.593789001989272,1.3281042939521928,3.5299572434951614,4.309738180753975,2.7906617859834597,1.8922255843395284,3.119672171213655,24.220772103155383,24.246240780578656,28.58019261274647,27.11351841145099,20.074761869221728,18.026023702096587,20.238798052289603,-10.346981611928049,-10.178554893110789,-10.563443034129568,-10.320553491694655,-10.528312008744491,-10.392643639728295,-10.478062613172822,10.135769661885911,9.828151818281546,11.866548104902122,10.999406927901397,9.07075854911222,8.486506587106431,9.2052518300395,2.997521656109386,3.300082008634103,2.5771927695112034,2.733801539125369,2.9582051897870993,3.1554686856216136,2.95358716160279,1,6.531948936174965,0.6499955150948828
sub-085,FTD,64,M,428,0.39753653201908373,0.3428391757912456,0.28876922326171,0.44166048099835614,0.5086669647595,0.4971846948834086,0.520454312022915,0.23097132618264835,0.13981625123076205,0.27218711759794617,0.25833691014676297,0.31588926627684555,0.30608232332177876,0.2910271025512329,0.049677612415513814,0.04335068299636791,0.06264660871220491,0.04405883497254447,0.05323209333953648,0.058274204437392604,0.05235859347261235,0.11705022625244405,0.1565532145856166,0.15216151901587338,0.09668044053105558,0.054760329917542296,0.06029724388632579,0.05874992069817747,0.20476430313031008,0.3174406753960079,0.22423553141226546,0.1592633333512809,0.06745134570657578,0.07816153347109456,0.07741007125506251,0.6488651078120666,0.5044550713344599,0.6467103583872231,0.7721341110114435,0.7751348191614679,0.7215897861981011,0.7479575770641066,0.5803368395517392,0.37795295795064765,0.4102357273117517,0.7083008201764014,0.8837689384840526,0.8327559838677472,0.8673665280584647,0.8080681786205097,0.8703847963036292,0.8713301377935077,0.7691829009195666,0.7006619563408772,0.7339469667914293,0.7059517506890168,7.4168774311655286,11.909846944769091,9.146243737821342,3.8146107101727464,2.8309935092584504,3.1807939984155125,2.6228524697423703,36.84282542474679,40.977407046044654,39.3747844860402,36.465917130224256,28.55676797867802,31.756753916412478,30.52688296852221,-10.393568070966026,-10.14892794651044,-10.56518013223542,-10.340737387945097,-10.660872467672274,-10.697095185638984,-10.577036390705148,17.088067452832856,21.48463623571112,18.679300053747433,15.511816185250943,10.92343274154701,11.712682413479634,11.439045762382381,2.200223900582184,1.7223345234980185,1.8793801294489256,2.361051857107501,3.006767422618868,2.8226311809709896,2.9129040024436597,0,,0.7214716791351297
sub-087,FTD,73,M,580,0.5163784160836435,0.5316847144961903,0.4581804928556504,0.49805790847785164,0.5479996353668345,0.5393124427685179,0.497280734628775,0.15735317351939193,0.18415279028457718,0.149471569195287,0.12298826610212218,0.15525336420796543,0.14725645012908034,0.14407509380449582,0.1681707388558846,0.14444473822234044,0.1483397195022508,0.2186859965392092,0.1537842622183371,0.20150746969341177,0.2200243583847703,0.10896817182423926,0.09380458160439846,0.17553122862928963,0.09761182919582923,0.10648490702238082,0.08863373484571435,0.10238641562290507,0.04912949971684064,0.045913175392493864,0.06847698981752191,0.0626559996849877,0.03647783118448207,0.02328990256327619,0.03623339755905392,-0.005781034786758678,0.09826842048384224,0.009329343672571372,-0.15888075736536023,0.018286157847984968,-0.12252103971776933,-0.1433563079579501,0.40124721987690903,0.4848850442663825,0.2765435362083134,0.3310825828580669,0.43761142818744875,0.38135332158851964,0.3129961449775596,0.7509615257938983,0.7414802821697766,0.8001948882771529,0.7507522911290615,0.7424912440836628,0.7234197266484669,0.7466195561910948,3.348970173061889,2.9418536877728814,4.0115602086819875,4.3246742358462535,2.7459170189599824,2.733164423727396,3.8504374309856684,23.59215660962088,22.96628518293296,26.184620336275227,26.83048603753616,21.846986470781513,18.03510736547554,21.355797449803397,-10.471717120204834,-10.474773759770057,-10.77359021124001,-10.188483178286958,-10.632180975390987,-10.33398134623032,-10.402965093626577,10.448028178019616,10.088995562450066,11.839956954682421,11.564250602899856,9.488405534725372,8.823738282699725,9.879943721075447,2.5779010604388564,2.750298590845479,2.1813668351283817,2.5126252910280913,2.603030841609266,2.662167909047302,2.529587207047764,1,10.618740275377684,0.8906307097362678
sub-088,FTD,55,M,765,0.2505577705759549,0.3028861137288717,0.19063071178774096,0.2609198465656368,0.20096759680966378,0.2109602663931397,0.23579293849618152,0.1750483033198448,0.21640327719312175,0.16773499503457312,0.1283438478232642,0.18030862646040854,0.12679428347359856,0.14398126641910752,0.3481206746052686,0.2800225844395522,0.3609358606254986,0.3311805878374172,0.40449218972095186,0.5165641120171087,0.4505385623828039,0.15014835101641455,0.12354045199104564,0.21344754777837807,0.14138171778578548,0.17984593821434572,0.12131408812662159,0.13919799573124045,0.07612490048251712,0.07714757264740846,0.06725088477380893,0.13817399998789665,0.03438564879463013,0.024367249989531235,0.030489236970666633,-0.2903582851271955,-0.10068323406612047,-0.3346540377321492,-0.3822070414223654,-0.35266111788747306,-0.610625573202771,-0.504728561946366,-0.0662848471923367,0.1158771546750754,-0.206966912469426,-0.08433517843177915,-0.18656416978678791,-0.2763091094420832,-0.19300611725130223,0.8246365259927327,0.8208046160586752,0.8592369085974587,0.8336464088899972,0.8259329169921471,0.7661832845611939,0.782822846641924,8.60695815996988,6.698983301886133,9.756669922361652,10.088865313512443,9.442854409370414,9.342643838489419,9.0492695449179,25.882975217678663,27.391278254533436,26.64850409618983,29.077515261907315,21.86856925574588,19.088150125362095,20.31951406566421,-10.320077078162043,-10.26343318415933,-10.559170233730816,-10.228553934296249,-10.450600737264958,-10.146951772895601,-10.2514927953937,12.96695401981417,12.595135108744268,13.623389222780437,15.019274094925954,11.846903488965859,10.859103050158318,11.161746773124126,1.986394331704365,2.192452382702399,1.7826331353381715,1.9484417837256953,1.8304357469059511,1.880675920915496,1.9472457209874958,1,9.958627581185484,1.2502558788638876
